filename,camera,temperature,split
20140418_215418.jpg,1093,15.0,train
20140419_002403.jpg,1093,16.7,train
20140419_012357.jpg,1093,16.7,train
20140419_032403.jpg,1093,14.4,train
20140419_035400.jpg,1093,12.2,train
20140419_062401.jpg,1093,3.3,train
20140419_082400.jpg,1093,3.3,train
20140419_095406.jpg,1093,1.7,train
20140419_115400.jpg,1093,1.1,train
20140420_015408.jpg,1093,21.1,train
20140420_065354.jpg,1093,8.9,train
20140420_132356.jpg,1093,5.6,train
20140420_135359.jpg,1093,6.7,train
20140420_142356.jpg,1093,5.0,train
20140420_215403.jpg,1093,22.8,train
20140421_105356.jpg,1093,13.9,train
20140421_185407.jpg,1093,25.0,train
20140421_192404.jpg,1093,24.4,train
20140421_225353.jpg,1093,20.0,train
20140422_052408.jpg,1093,5.6,train
20140422_065401.jpg,1093,12.8,train
20140422_132405.jpg,1093,6.7,train
20140422_152404.jpg,1093,6.1,train
20140422_195412.jpg,1093,10.0,train
20140422_202356.jpg,1093,9.4,train
20140423_065356.jpg,1093,2.8,train
20140423_075416.jpg,1093,1.7,train
20140423_125404.jpg,1093,0.0,train
20140423_172358.jpg,1093,5.6,train
20140424_012355.jpg,1093,13.9,train
20140424_115357.jpg,1093,6.1,train
20140424_135400.jpg,1093,6.7,train
20140424_232353.jpg,1093,13.3,train
20140425_022354.jpg,1093,15.0,train
20140425_055405.jpg,1093,10.0,train
20140425_062358.jpg,1093,8.9,train
20140425_115359.jpg,1093,5.6,train
20140425_145401.jpg,1093,5.0,train
20140425_172355.jpg,1093,5.6,train
20140425_182358.jpg,1093,6.1,train
20140426_065405.jpg,1093,9.4,train
20140426_125407.jpg,1093,5.0,train
20140426_225355.jpg,1093,13.9,train
20140427_025402.jpg,1093,11.7,train
20140427_035359.jpg,1093,10.6,train
20140427_072359.jpg,1093,5.0,train
20140427_075354.jpg,1093,5.0,train
20140427_212358.jpg,1093,11.1,train
20140427_232405.jpg,1093,12.0,train
20140428_015357.jpg,1093,11.1,train
20140428_145401.jpg,1093,8.3,train
20140428_165402.jpg,1093,9.4,train
20140428_232401.jpg,1093,13.3,train
20140429_002405.jpg,1093,17.8,train
20140429_045355.jpg,1093,12.0,train
20140429_085355.jpg,1093,8.3,train
20140429_172403.jpg,1093,9.4,train
20140429_202358.jpg,1093,15.6,train
20140430_052403.jpg,1093,7.8,train
20140430_055402.jpg,1093,7.2,train
20140430_135402.jpg,1093,11.7,train
20140501_002405.jpg,1093,7.8,train
20140501_005356.jpg,1093,6.7,train
20140501_045401.jpg,1093,7.2,train
20140501_052404.jpg,1093,7.2,train
20140501_072403.jpg,1093,6.7,train
20140501_092403.jpg,1093,5.6,train
20140501_125400.jpg,1093,8.0,train
20140501_135404.jpg,1093,7.2,train
20140502_052403.jpg,1093,8.3,train
20140502_085354.jpg,1093,7.2,train
20140502_155358.jpg,1093,9.4,train
20140502_165406.jpg,1093,8.3,train
20140502_235401.jpg,1093,9.4,train
20140503_032404.jpg,1093,13.3,train
20140503_095402.jpg,1093,8.3,train
20140503_145402.jpg,1093,9.4,train
20140503_162404.jpg,1093,9.4,train
20140503_185407.jpg,1093,13.3,train
20140504_012402.jpg,1093,13.3,train
20140504_062357.jpg,1093,8.9,train
20140504_162356.jpg,1093,9.4,train
20140504_205404.jpg,1093,11.7,train
20140504_232405.jpg,1093,12.2,train
20140505_005403.jpg,1093,13.9,train
20140505_062408.jpg,1093,7.2,train
20140505_072406.jpg,1093,7.2,train
20140505_085357.jpg,1093,6.1,train
20140505_162403.jpg,1093,7.2,train
20140505_225411.jpg,1093,13.3,train
20140506_065401.jpg,1093,6.7,train
20140506_192409.jpg,1093,12.8,train
20140506_195410.jpg,1093,15.0,train
20140506_232404.jpg,1093,17.2,train
20140507_002402.jpg,1093,11.7,train
20140507_072401.jpg,1093,10.0,train
20140507_165404.jpg,1093,13.9,train
20140507_185409.jpg,1093,16.0,train
20140507_192403.jpg,1093,16.7,train
20140508_042407.jpg,1093,25.6,train
20140508_112402.jpg,1093,10.6,train
20140508_165408.jpg,1093,22.2,train
20140508_175359.jpg,1093,23.9,train
20140508_185400.jpg,1093,24.4,train
20140509_045354.jpg,1093,14.0,train
20140509_122401.jpg,1093,18.3,train
20140509_185406.jpg,1093,18.9,train
20140509_212402.jpg,1093,19.4,train
20140510_015355.jpg,1093,17.8,train
20140510_042403.jpg,1093,16.1,train
20140510_202356.jpg,1093,17.8,train
20140510_205356.jpg,1093,18.9,train
20140510_225358.jpg,1093,19.4,train
20140511_035356.jpg,1093,22.8,train
20140511_052358.jpg,1093,22.8,train
20140511_142358.jpg,1093,10.0,train
20140512_002356.jpg,1093,22.2,train
20140512_012410.jpg,1093,23.3,train
20140512_025359.jpg,1093,21.7,train
20140512_055353.jpg,1093,20.6,train
20140512_112405.jpg,1093,17.2,train
20140512_152403.jpg,1093,18.3,train
20140512_232406.jpg,1093,23.9,train
20140513_015358.jpg,1093,13.9,train
20140513_055352.jpg,1093,12.2,train
20140513_092401.jpg,1093,21.0,train
20140513_095356.jpg,1093,22.2,train
20140513_155400.jpg,1093,22.2,train
20140513_182355.jpg,1093,22.2,train
20140513_192403.jpg,1093,23.0,train
20140514_082410.jpg,1093,12.2,train
20140514_092405.jpg,1093,11.7,train
20140514_102357.jpg,1093,11.1,train
20140514_105404.jpg,1093,11.1,train
20140514_162407.jpg,1093,11.7,train
20140515_062403.jpg,1093,7.8,train
20140515_065401.jpg,1093,7.8,train
20140515_085357.jpg,1093,8.3,train
20140515_202403.jpg,1093,7.2,train
20140515_215410.jpg,1093,6.1,train
20140516_105411.jpg,1093,1.1,train
20140516_112403.jpg,1093,1.0,train
20140516_205400.jpg,1093,8.9,train
20140516_235355.jpg,1093,8.9,train
20140517_022357.jpg,1093,13.3,train
20140517_075358.jpg,1093,3.9,train
20140517_102359.jpg,1093,3.9,train
20140517_115405.jpg,1093,2.2,train
20140517_225354.jpg,1093,13.3,train
20140518_035357.jpg,1093,14.4,train
20140518_095400.jpg,1093,7.2,train
20140518_105400.jpg,1093,7.2,train
20140518_122404.jpg,1093,7.2,train
20140518_132403.jpg,1093,6.1,train
20140518_235400.jpg,1093,18.9,train
20140519_102359.jpg,1093,11.7,train
20140519_112357.jpg,1093,10.6,train
20140519_125404.jpg,1093,7.8,train
20140519_152404.jpg,1093,11.7,train
20140520_022401.jpg,1093,25.6,train
20140520_092408.jpg,1093,13.0,train
20140520_162405.jpg,1093,15.0,train
20140520_175408.jpg,1093,21.7,train
20140520_215410.jpg,1093,26.1,train
20140521_025401.jpg,1093,22.2,train
20140521_062409.jpg,1093,19.4,train
20140521_065413.jpg,1093,20.6,train
20140521_085410.jpg,1093,20.0,train
20140521_122401.jpg,1093,17.0,train
20140521_172355.jpg,1093,21.1,train
20140522_075405.jpg,1093,16.1,train
20140522_222402.jpg,1093,20.0,train
20140522_235359.jpg,1093,20.0,train
20140523_025400.jpg,1093,16.7,train
20140523_052356.jpg,1093,14.4,train
20140523_095414.jpg,1093,10.6,train
20140523_135408.jpg,1093,11.1,train
20140523_162400.jpg,1093,12.2,train
20140524_005359.jpg,1093,24.0,train
20140524_012401.jpg,1093,24.4,train
20140524_065357.jpg,1093,12.0,train
20140524_115402.jpg,1093,9.4,train
20140524_202354.jpg,1093,22.2,train
20140524_212410.jpg,1093,23.3,train
20140525_052402.jpg,1093,22.2,train
20140525_095356.jpg,1093,11.7,train
20140525_112359.jpg,1093,11.7,train
20140525_135407.jpg,1093,16.0,train
20140525_212402.jpg,1093,26.1,train
20140526_012358.jpg,1093,27.2,train
20140526_095357.jpg,1093,13.9,train
20140526_165402.jpg,1093,25.6,train
20140526_175402.jpg,1093,26.7,train
20140526_202411.jpg,1093,28.0,train
20140527_012403.jpg,1093,26.7,train
20140527_095410.jpg,1093,20.6,train
20140527_105413.jpg,1093,20.6,train
20140527_145411.jpg,1093,21.7,train
20140527_225406.jpg,1093,27.0,train
20140528_032403.jpg,1093,20.0,train
20140528_092403.jpg,1093,20.6,train
20140528_115357.jpg,1093,19.4,train
20140528_155400.jpg,1093,18.3,train
20140528_162409.jpg,1093,18.3,train
20140528_185358.jpg,1093,16.7,train
20140529_062401.jpg,1093,13.9,train
20140529_065401.jpg,1093,13.9,train
20140529_165357.jpg,1093,19.4,train
20140529_172401.jpg,1093,17.8,train
20140530_045409.jpg,1093,23.9,train
20140530_175404.jpg,1093,22.8,train
20140530_215402.jpg,1093,27.8,train
20140531_005358.jpg,1093,28.9,train
20140531_025400.jpg,1093,26.1,train
20140531_045404.jpg,1093,23.3,train
20140531_105407.jpg,1093,16.0,train
20140531_202403.jpg,1093,27.2,train
20140531_205359.jpg,1093,30.0,train
20140601_002400.jpg,1093,31.1,train
20140601_055400.jpg,1093,23.9,train
20140601_085401.jpg,1093,17.8,train
20140601_092404.jpg,1093,19.4,train
20140601_125406.jpg,1093,15.6,train
20140601_225406.jpg,1093,31.1,train
20140602_005407.jpg,1093,26.1,train
20140602_085409.jpg,1093,25.0,train
20140602_172355.jpg,1093,25.6,train
20140602_195402.jpg,1093,24.0,train
20140602_225402.jpg,1093,25.0,train
20140603_042414.jpg,1093,20.6,train
20140603_072407.jpg,1093,21.7,train
20140603_105416.jpg,1093,20.6,train
20140603_112356.jpg,1093,21.1,train
20140603_115400.jpg,1093,20.0,train
20140604_032405.jpg,1093,20.0,train
20140604_085405.jpg,1093,15.6,train
20140604_182357.jpg,1093,16.7,train
20140604_195407.jpg,1093,17.2,train
20140605_005400.jpg,1093,23.9,train
20140605_035403.jpg,1093,17.2,train
20140605_122358.jpg,1093,10.6,train
20140605_142401.jpg,1093,11.1,train
20140605_175405.jpg,1093,20.6,train
20140605_222403.jpg,1093,23.3,train
20140606_052411.jpg,1093,21.1,train
20140606_075357.jpg,1093,13.9,train
20140606_085359.jpg,1093,11.1,train
20140606_135403.jpg,1093,12.8,train
20140607_012405.jpg,1093,27.8,train
20140607_025404.jpg,1093,23.9,train
20140607_142359.jpg,1093,13.3,train
20140607_182403.jpg,1093,26.7,train
20140607_192404.jpg,1093,26.7,train
20140608_025405.jpg,1093,22.2,train
20140608_055407.jpg,1093,18.9,train
20140608_072356.jpg,1093,20.6,train
20140608_075403.jpg,1093,20.0,train
20140608_085408.jpg,1093,18.9,train
20140608_162416.jpg,1093,17.2,train
20140608_192356.jpg,1093,21.1,train
20140609_102359.jpg,1093,16.7,train
20140609_105401.jpg,1093,14.4,train
20140609_152402.jpg,1093,16.1,train
20140609_202355.jpg,1093,22.8,train
20140610_055357.jpg,1093,17.2,train
20140610_075355.jpg,1093,17.8,train
20140610_112402.jpg,1093,16.1,train
20140610_142356.jpg,1093,15.6,train
20140610_215405.jpg,1093,24.0,train
20140611_035359.jpg,1093,19.4,train
20140611_112402.jpg,1093,14.4,train
20140611_115403.jpg,1093,15.0,train
20140611_165406.jpg,1093,18.3,train
20140611_182411.jpg,1093,18.3,train
20140612_055410.jpg,1093,18.9,train
20140612_065408.jpg,1093,17.8,train
20140612_072401.jpg,1093,17.2,train
20140612_075404.jpg,1093,18.3,train
20140613_002402.jpg,1093,16.0,train
20140613_005405.jpg,1093,18.0,train
20140613_162408.jpg,1093,14.4,train
20140613_192356.jpg,1093,14.4,train
20140613_222401.jpg,1093,15.6,train
20140614_012358.jpg,1093,25.0,train
20140614_035357.jpg,1093,18.9,train
20140614_092401.jpg,1093,9.4,train
20140614_102408.jpg,1093,8.9,train
20140614_185402.jpg,1093,21.1,train
20140614_215358.jpg,1093,23.9,train
20140614_225401.jpg,1093,24.0,train
20140615_095410.jpg,1093,14.4,train
20140615_115402.jpg,1093,12.8,train
20140615_182408.jpg,1093,22.8,train
20140615_235407.jpg,1093,27.2,train
20140616_015402.jpg,1093,27.8,train
20140616_165406.jpg,1093,26.7,train
20140616_215408.jpg,1093,30.0,train
20140616_225407.jpg,1093,29.4,train
20140617_005355.jpg,1093,27.8,train
20140617_042406.jpg,1093,26.1,train
20140617_062359.jpg,1093,20.6,train
20140617_095406.jpg,1093,21.7,train
20140617_155403.jpg,1093,26.1,train
20140617_172355.jpg,1093,26.1,train
20140617_215405.jpg,1093,29.4,train
20140618_125356.jpg,1093,19.4,train
20140618_132405.jpg,1093,19.4,train
20140618_152402.jpg,1093,19.4,train
20140618_172403.jpg,1093,19.4,train
20140618_185403.jpg,1093,23.3,train
20140619_165403.jpg,1093,20.0,train
20140619_172400.jpg,1093,22.2,train
20140620_005403.jpg,1093,17.2,train
20140620_025406.jpg,1093,16.7,train
20140620_042404.jpg,1093,16.7,train
20140620_102359.jpg,1093,17.2,train
20140620_105405.jpg,1093,16.7,train
20140620_155402.jpg,1093,17.0,train
20140620_222404.jpg,1093,16.7,train
20140621_055355.jpg,1093,21.7,train
20140621_095405.jpg,1093,16.1,train
20140621_105357.jpg,1093,15.6,train
20140621_122404.jpg,1093,15.6,train
20140622_005357.jpg,1093,27.2,train
20140622_045405.jpg,1093,23.3,train
20140622_072403.jpg,1093,19.4,train
20140622_105405.jpg,1093,17.8,train
20140622_122358.jpg,1093,17.8,train
20140623_002407.jpg,1093,25.6,train
20140623_055401.jpg,1093,21.1,train
20140623_132402.jpg,1093,19.4,train
20140623_215357.jpg,1093,23.9,train
20140624_015404.jpg,1093,25.6,train
20140624_042356.jpg,1093,25.0,train
20140624_045404.jpg,1093,22.2,train
20140624_092401.jpg,1093,21.1,train
20140624_105356.jpg,1093,21.1,train
20140624_165407.jpg,1093,22.8,train
20140624_235401.jpg,1093,27.8,train
20140625_055411.jpg,1093,18.9,train
20140625_072400.jpg,1093,21.7,train
20140625_095402.jpg,1093,20.0,train
20140625_155400.jpg,1093,20.0,train
20140625_172401.jpg,1093,20.0,train
20140625_215414.jpg,1093,25.0,train
20140626_085417.jpg,1093,17.2,train
20140626_202417.jpg,1093,22.8,train
20140626_215406.jpg,1093,25.0,train
20140627_012407.jpg,1093,29.4,train
20140627_032414.jpg,1093,27.2,train
20140627_125359.jpg,1093,17.8,train
20140627_135416.jpg,1093,20.0,train
20140627_185408.jpg,1093,27.8,train
20140627_212404.jpg,1093,28.3,train
20140627_222357.jpg,1093,29.4,train
20140628_115405.jpg,1093,19.4,train
20140628_135403.jpg,1093,21.7,train
20140629_002403.jpg,1093,28.9,train
20140629_015401.jpg,1093,28.9,train
20140629_025402.jpg,1093,27.8,train
20140629_105405.jpg,1093,22.8,train
20140629_185402.jpg,1093,28.3,train
20140629_205406.jpg,1093,28.3,train
20140629_215406.jpg,1093,28.9,train
20140630_022358.jpg,1093,28.9,train
20140630_065401.jpg,1093,24.4,train
20140630_072401.jpg,1093,25.0,train
20140630_085401.jpg,1093,24.4,train
20140630_102402.jpg,1093,24.4,train
20140701_025411.jpg,1093,23.3,train
20140701_162401.jpg,1093,20.0,train
20140701_165356.jpg,1093,23.3,train
20140701_212358.jpg,1093,26.7,train
20140702_002400.jpg,1093,19.0,train
20140702_005402.jpg,1093,18.3,train
20140702_125356.jpg,1093,18.3,train
20140702_135405.jpg,1093,18.3,train
20140702_152402.jpg,1093,18.3,train
20140702_205357.jpg,1093,19.4,train
20140703_055356.jpg,1093,16.7,train
20140703_102406.jpg,1093,14.4,train
20140703_112406.jpg,1093,14.4,train
20140703_142403.jpg,1093,11.7,train
20140703_185359.jpg,1093,20.6,train
20140703_202410.jpg,1093,20.6,train
20140704_132408.jpg,1093,13.3,train
20140704_162405.jpg,1093,18.3,train
20140704_202358.jpg,1093,23.3,train
20140705_025403.jpg,1093,22.8,train
20140705_052417.jpg,1093,20.6,train
20140705_092406.jpg,1093,13.3,train
20140705_112408.jpg,1093,12.8,train
20140705_125409.jpg,1093,12.2,train
20140705_212406.jpg,1093,24.4,train
20140706_015405.jpg,1093,25.6,train
20140706_062413.jpg,1093,18.3,train
20140706_145412.jpg,1093,20.6,train
20140706_192404.jpg,1093,24.4,train
20140707_005406.jpg,1093,27.8,train
20140707_015400.jpg,1093,26.7,train
20140707_095400.jpg,1093,23.9,train
20140707_142358.jpg,1093,21.1,train
20140707_185402.jpg,1093,27.2,train
20140707_212401.jpg,1093,27.8,train
20140708_012359.jpg,1093,23.9,train
20140708_105403.jpg,1093,21.7,train
20140708_145402.jpg,1093,19.4,train
20140708_195407.jpg,1093,22.8,train
20140709_022402.jpg,1093,22.8,train
20140709_035409.jpg,1093,19.4,train
20140709_132358.jpg,1093,16.7,train
20140709_155411.jpg,1093,18.9,train
20140709_162407.jpg,1093,18.9,train
20140709_205402.jpg,1093,23.3,train
20140710_042400.jpg,1093,21.7,train
20140710_062400.jpg,1093,16.1,train
20140710_112357.jpg,1093,14.0,train
20140710_122404.jpg,1093,13.3,train
20140711_002359.jpg,1093,26.7,train
20140711_022405.jpg,1093,25.6,train
20140711_102405.jpg,1093,14.4,train
20140711_152408.jpg,1093,16.1,train
20140711_202403.jpg,1093,25.0,train
20140711_215404.jpg,1093,27.0,train
20140712_032405.jpg,1093,23.9,train
20140712_135404.jpg,1093,20.0,train
20140712_185405.jpg,1093,25.6,train
20140713_005404.jpg,1093,26.1,train
20140713_025408.jpg,1093,23.9,train
20140713_042405.jpg,1093,23.9,train
20140713_092358.jpg,1093,23.3,train
20140713_145404.jpg,1093,20.6,train
20140713_152406.jpg,1093,21.1,train
20140713_182405.jpg,1093,23.3,train
20140714_022359.jpg,1093,22.2,train
20140714_102357.jpg,1093,19.4,train
20140714_122355.jpg,1093,18.9,train
20140714_135400.jpg,1093,18.3,train
20140714_202404.jpg,1093,25.0,train
20140715_005353.jpg,1093,16.1,train
20140715_075404.jpg,1093,16.0,train
20140715_082407.jpg,1093,17.8,train
20140715_195358.jpg,1093,16.7,train
20140715_205410.jpg,1093,17.2,train
20140715_235401.jpg,1093,18.9,train
20140716_065407.jpg,1093,13.3,train
20140716_072408.jpg,1093,13.3,train
20140716_082403.jpg,1093,13.3,train
20140716_095408.jpg,1093,13.9,train
20140716_205401.jpg,1093,19.4,train
20140717_102355.jpg,1093,12.8,train
20140717_112404.jpg,1093,12.2,train
20140717_195403.jpg,1093,23.9,train
20140718_025356.jpg,1093,22.8,train
20140718_052400.jpg,1093,21.1,train
20140718_095406.jpg,1093,12.8,train
20140718_112356.jpg,1093,12.8,train
20140718_115403.jpg,1093,11.7,train
20140718_152401.jpg,1093,13.9,train
20140718_195358.jpg,1093,23.9,train
20140719_125400.jpg,1093,14.4,train
20140719_202400.jpg,1093,25.6,train
20140720_015358.jpg,1093,25.6,train
20140720_035411.jpg,1093,23.3,train
20140720_045403.jpg,1093,21.1,train
20140720_062403.jpg,1093,18.3,train
20140720_072359.jpg,1093,18.3,train
20140720_132400.jpg,1093,16.7,train
20140720_235408.jpg,1093,27.2,train
20140721_055401.jpg,1093,21.7,train
20140721_085400.jpg,1093,17.8,train
20140721_092404.jpg,1093,18.9,train
20140721_105354.jpg,1093,17.8,train
20140722_005402.jpg,1093,30.0,train
20140722_015403.jpg,1093,29.4,train
20140722_102357.jpg,1093,20.0,train
20140722_175411.jpg,1093,28.3,train
20140722_212356.jpg,1093,30.0,train
20140722_215402.jpg,1093,30.6,train
20140723_045402.jpg,1093,16.7,train
20140723_092358.jpg,1093,21.1,train
20140723_145354.jpg,1093,18.9,train
20140723_232408.jpg,1093,24.4,train
20140723_235356.jpg,1093,24.4,train
20140724_015400.jpg,1093,22.2,train
20140724_095401.jpg,1093,14.4,train
20140724_102404.jpg,1093,15.6,train
20140724_112357.jpg,1093,14.4,train
20140724_145401.jpg,1093,16.7,train
20140725_025355.jpg,1093,21.1,train
20140725_075406.jpg,1093,13.9,train
20140725_122359.jpg,1093,12.8,train
20140725_172412.jpg,1093,18.9,train
20140725_232411.jpg,1093,24.4,train
20140726_055405.jpg,1093,20.6,train
20140726_065400.jpg,1093,17.2,train
20140726_112355.jpg,1093,17.2,train
20140726_232358.jpg,1093,25.6,train
20140726_235400.jpg,1093,26.1,train
20140727_045406.jpg,1093,18.3,train
20140727_062405.jpg,1093,20.0,train
20140727_092404.jpg,1093,20.0,train
20140727_115409.jpg,1093,18.9,train
20140727_215403.jpg,1093,29.4,train
20140728_005403.jpg,1093,18.9,train
20140728_075413.jpg,1093,18.3,train
20140728_082400.jpg,1093,18.3,train
20140728_132358.jpg,1093,15.0,train
20140728_135412.jpg,1093,14.4,train
20140728_222401.jpg,1093,21.0,train
20140729_062406.jpg,1093,13.3,train
20140729_105410.jpg,1093,11.1,train
20140729_175406.jpg,1093,21.1,train
20140730_032401.jpg,1093,21.7,train
20140730_055402.jpg,1093,14.0,train
20140730_065410.jpg,1093,17.2,train
20140730_085356.jpg,1093,15.0,train
20140730_215404.jpg,1093,20.6,train
20140730_222401.jpg,1093,25.0,train
20140731_055359.jpg,1093,19.4,train
20140731_062402.jpg,1093,13.9,train
20140731_065400.jpg,1093,13.9,train
20140731_135401.jpg,1093,15.0,train
20140731_162414.jpg,1093,19.0,train
20140731_202354.jpg,1093,25.0,train
20140801_132402.jpg,1093,16.1,train
20140801_135409.jpg,1093,18.3,train
20140801_195409.jpg,1093,28.0,train
20140801_232403.jpg,1093,28.9,train
20140802_002410.jpg,1093,29.4,train
20140802_112405.jpg,1093,15.0,train
20140802_115401.jpg,1093,14.4,train
20140802_122412.jpg,1093,15.0,train
20140802_195401.jpg,1093,28.3,train
20140803_055404.jpg,1093,22.2,train
20140803_185406.jpg,1093,28.3,train
20140803_192409.jpg,1093,27.2,train
20140803_202405.jpg,1093,28.3,train
20140803_212359.jpg,1093,28.9,train
20140804_042410.jpg,1093,21.1,train
20140804_092410.jpg,1093,20.0,train
20140804_142401.jpg,1093,18.9,train
20140804_165401.jpg,1093,27.2,train
20140804_175401.jpg,1093,28.3,train
20140805_052404.jpg,1093,22.8,train
20140805_132416.jpg,1093,20.6,train
20140805_155355.jpg,1093,22.2,train
20140805_212402.jpg,1093,26.7,train
20140805_215401.jpg,1093,25.6,train
20140805_235418.jpg,1093,26.1,train
20140806_122358.jpg,1093,17.2,train
20140806_135410.jpg,1093,17.2,train
20140806_142406.jpg,1093,15.6,train
20140806_185400.jpg,1093,26.7,train
20140806_192412.jpg,1093,25.0,train
20140807_112407.jpg,1093,15.0,train
20140807_212410.jpg,1093,26.7,train
20140807_235405.jpg,1093,27.8,train
20140808_002404.jpg,1093,27.8,train
20140808_045401.jpg,1093,19.4,train
20140808_062405.jpg,1093,19.4,train
20140808_065414.jpg,1093,19.4,train
20140808_102401.jpg,1093,17.2,train
20140808_185359.jpg,1093,26.7,train
20140809_032352.jpg,1093,24.4,train
20140809_075410.jpg,1093,17.2,train
20140809_092356.jpg,1093,17.2,train
20140809_162406.jpg,1093,17.2,train
20140809_205401.jpg,1093,27.2,train
20140810_015358.jpg,1093,27.0,train
20140810_062400.jpg,1093,18.3,train
20140810_085356.jpg,1093,17.2,train
20140810_125400.jpg,1093,15.0,train
20140810_235412.jpg,1093,28.9,train
20140811_005359.jpg,1093,25.6,train
20140811_065403.jpg,1093,21.7,train
20140811_152407.jpg,1093,21.1,train
20140811_155409.jpg,1093,23.9,train
20140811_182408.jpg,1093,24.4,train
20140811_212403.jpg,1093,23.3,train
20140812_112359.jpg,1093,19.0,train
20140812_125402.jpg,1093,19.4,train
20140812_145359.jpg,1093,19.0,train
20140812_165402.jpg,1093,20.0,train
20140812_195401.jpg,1093,17.2,train
20140813_085401.jpg,1093,12.8,train
20140813_145405.jpg,1093,19.4,train
20140813_215402.jpg,1093,25.0,train
20140814_015403.jpg,1093,18.9,train
20140814_045414.jpg,1093,14.4,train
20140814_122404.jpg,1093,11.7,train
20140814_155412.jpg,1093,17.2,train
20140814_162417.jpg,1093,15.0,train
20140814_192402.jpg,1093,20.0,train
20140815_032405.jpg,1093,21.1,train
20140815_152411.jpg,1093,10.0,train
20140815_155409.jpg,1093,17.0,train
20140815_202402.jpg,1093,23.3,train
20140815_232400.jpg,1093,23.3,train
20140816_032353.jpg,1093,25.6,train
20140816_205353.jpg,1093,25.6,train
20140816_235406.jpg,1093,26.1,train
20140817_025413.jpg,1093,22.8,train
20140817_035401.jpg,1093,22.2,train
20140817_045402.jpg,1093,21.1,train
20140817_182356.jpg,1093,22.2,train
20140817_192357.jpg,1093,21.1,train
20140817_212407.jpg,1093,23.9,train
20140818_015411.jpg,1093,25.6,train
20140818_042401.jpg,1093,23.9,train
20140818_145404.jpg,1093,17.8,train
20140818_175409.jpg,1093,21.7,train
20140818_192410.jpg,1093,24.4,train
20140819_012359.jpg,1093,23.0,train
20140819_032405.jpg,1093,22.8,train
20140819_092403.jpg,1093,20.0,train
20140819_115356.jpg,1093,18.9,train
20140819_195359.jpg,1093,21.7,train
20140819_232356.jpg,1093,21.1,train
20140820_012407.jpg,1093,26.7,train
20140820_072400.jpg,1093,18.9,train
20140820_082403.jpg,1093,18.9,train
20140820_142359.jpg,1093,18.3,train
20140820_182406.jpg,1093,25.0,train
20140821_012405.jpg,1093,25.6,train
20140821_095405.jpg,1093,18.9,train
20140821_122400.jpg,1093,17.8,train
20140821_205411.jpg,1093,26.1,train
20140821_212402.jpg,1093,25.0,train
20140822_025401.jpg,1093,24.4,train
20140822_162418.jpg,1093,22.2,train
20140822_175407.jpg,1093,24.4,train
20140822_202406.jpg,1093,25.0,train
20140822_215407.jpg,1093,26.7,train
20140823_002401.jpg,1093,27.0,train
20140823_072403.jpg,1093,21.7,train
20140823_105400.jpg,1093,20.0,train
20140823_112411.jpg,1093,21.1,train
20140823_232413.jpg,1093,27.8,train
20140824_032410.jpg,1093,25.6,train
20140824_092404.jpg,1093,20.0,train
20140824_102405.jpg,1093,20.0,train
20140824_172406.jpg,1093,21.1,train
20140825_022412.jpg,1093,26.1,train
20140825_025409.jpg,1093,24.4,train
20140825_062409.jpg,1093,22.0,train
20140825_122410.jpg,1093,21.0,train
20140825_132358.jpg,1093,20.0,train
20140825_135407.jpg,1093,20.6,train
20140825_232408.jpg,1093,26.7,train
20140826_095402.jpg,1093,21.1,train
20140826_132415.jpg,1093,21.1,train
20140826_162408.jpg,1093,23.9,train
20140826_202400.jpg,1093,26.7,train
20140827_055357.jpg,1093,16.1,train
20140827_145401.jpg,1093,16.7,train
20140827_192357.jpg,1093,22.2,train
20140827_195359.jpg,1093,23.9,train
20140827_222409.jpg,1093,25.0,train
20140828_042417.jpg,1093,18.9,train
20140828_095357.jpg,1093,13.3,train
20140828_102405.jpg,1093,13.9,train
20140828_135403.jpg,1093,12.8,train
20140829_005358.jpg,1093,23.3,train
20140829_042401.jpg,1093,22.8,train
20140829_065418.jpg,1093,16.7,train
20140829_115357.jpg,1093,16.7,train
20140829_175408.jpg,1093,20.0,train
20140830_012405.jpg,1093,27.2,train
20140830_032410.jpg,1093,25.6,train
20140830_072359.jpg,1093,23.9,train
20140830_105359.jpg,1093,22.2,train
20140830_122408.jpg,1093,22.2,train
20140830_132413.jpg,1093,22.2,train
20140830_205359.jpg,1093,23.9,train
20140831_155359.jpg,1093,22.2,train
20140831_172407.jpg,1093,22.2,train
20140831_175406.jpg,1093,24.4,train
20140831_192423.jpg,1093,24.4,train
20140901_005400.jpg,1093,26.7,train
20140901_082408.jpg,1093,20.0,train
20140901_085408.jpg,1093,19.4,train
20140901_112414.jpg,1093,20.0,train
20140901_142358.jpg,1093,21.1,train
20140902_005408.jpg,1093,24.4,train
20140902_182411.jpg,1093,23.9,train
20140902_202402.jpg,1093,24.4,train
20140902_215401.jpg,1093,26.1,train
20140902_225403.jpg,1093,26.1,train
20140903_015410.jpg,1093,24.4,train
20140903_062404.jpg,1093,16.7,train
20140903_165406.jpg,1093,23.9,train
20140903_235408.jpg,1093,26.7,train
20140904_022400.jpg,1093,26.1,train
20140904_035401.jpg,1093,22.8,train
20140904_092410.jpg,1093,19.4,train
20140904_102356.jpg,1093,18.9,train
20140904_162402.jpg,1093,20.6,train
20140904_222402.jpg,1093,26.7,train
20140905_002407.jpg,1093,27.0,train
20140905_085406.jpg,1093,22.8,train
20140905_152406.jpg,1093,27.8,train
20140905_155400.jpg,1093,26.7,train
20140905_172410.jpg,1093,26.7,train
20140906_055405.jpg,1093,14.4,train
20140906_085358.jpg,1093,18.3,train
20140906_145401.jpg,1093,17.2,train
20140906_232417.jpg,1093,23.3,train
20140907_002406.jpg,1093,24.4,train
20140907_035401.jpg,1093,18.3,train
20140907_092400.jpg,1093,12.8,train
20140907_102406.jpg,1093,11.7,train
20140907_105412.jpg,1093,12.2,train
20140907_232403.jpg,1093,24.4,train
20140908_032407.jpg,1093,21.1,train
20140908_085409.jpg,1093,14.4,train
20140908_115406.jpg,1093,12.8,train
20140908_162408.jpg,1093,15.6,train
20140908_205357.jpg,1093,24.4,train
20140909_025403.jpg,1093,20.6,train
20140909_062408.jpg,1093,17.0,train
20140909_075409.jpg,1093,17.2,train
20140909_225410.jpg,1093,25.0,train
20140910_005402.jpg,1093,25.0,train
20140910_035404.jpg,1093,17.8,train
20140910_165355.jpg,1093,18.9,train
20140910_212401.jpg,1093,22.8,train
20140910_222403.jpg,1093,21.7,train
20140910_235419.jpg,1093,25.0,train
20140911_002407.jpg,1093,14.4,train
20140911_162409.jpg,1093,10.6,train
20140911_172414.jpg,1093,11.7,train
20140912_022410.jpg,1093,11.1,train
20140912_035409.jpg,1093,10.6,train
20140912_055402.jpg,1093,10.6,train
20140912_082411.jpg,1093,10.6,train
20140912_085414.jpg,1093,10.6,train
20140912_195402.jpg,1093,13.9,train
20140913_012412.jpg,1093,14.4,train
20140913_015413.jpg,1093,13.3,train
20140913_072359.jpg,1093,10.6,train
20140913_192403.jpg,1093,11.7,train
20140914_002402.jpg,1093,16.1,train
20140914_005401.jpg,1093,15.6,train
20140914_022406.jpg,1093,15.6,train
20140914_085401.jpg,1093,6.7,train
20140914_125401.jpg,1093,8.9,train
20140914_205410.jpg,1093,16.1,train
20140915_015404.jpg,1093,12.8,train
20140915_042405.jpg,1093,12.2,train
20140915_062401.jpg,1093,8.3,train
20140915_072353.jpg,1093,8.3,train
20140915_075406.jpg,1093,8.9,train
20140915_132357.jpg,1093,9.4,train
20140916_045356.jpg,1093,9.4,train
20140916_082407.jpg,1093,11.1,train
20140916_092357.jpg,1093,9.4,train
20140916_212408.jpg,1093,18.3,train
20140917_045405.jpg,1093,10.0,train
20140917_075410.jpg,1093,6.1,train
20140917_112406.jpg,1093,5.6,train
20140917_135400.jpg,1093,5.6,train
20140917_175403.jpg,1093,17.8,train
20140918_042417.jpg,1093,12.2,train
20140918_095359.jpg,1093,7.8,train
20140918_125418.jpg,1093,6.7,train
20140918_162421.jpg,1093,9.0,train
20140918_202402.jpg,1093,17.8,train
20140919_022406.jpg,1093,19.4,train
20140919_082411.jpg,1093,10.0,train
20140919_115400.jpg,1093,10.6,train
20140919_125357.jpg,1093,10.0,train
20140919_135402.jpg,1093,9.4,train
20140920_002400.jpg,1093,23.0,train
20140920_075405.jpg,1093,15.0,train
20140920_132406.jpg,1093,16.7,train
20140920_182401.jpg,1093,23.9,train
20140920_205402.jpg,1093,23.9,train
20140921_055406.jpg,1093,8.9,train
20140921_112407.jpg,1093,16.7,train
20140921_152405.jpg,1093,15.6,train
20140921_225410.jpg,1093,14.4,train
20140921_235409.jpg,1093,14.4,train
20140922_035401.jpg,1093,10.6,train
20140922_085405.jpg,1093,8.9,train
20140922_102404.jpg,1093,8.9,train
20140922_125411.jpg,1093,6.7,train
20140922_175409.jpg,1093,13.3,train
20140922_205359.jpg,1093,16.7,train
20140923_062408.jpg,1093,8.9,train
20140923_162414.jpg,1093,11.1,train
20140923_225409.jpg,1093,22.8,train
20140924_015412.jpg,1093,18.9,train
20140924_032357.jpg,1093,18.9,train
20140924_115401.jpg,1093,10.0,train
20140924_135404.jpg,1093,10.0,train
20140924_172357.jpg,1093,15.0,train
20140924_175411.jpg,1093,20.0,train
20140924_182408.jpg,1093,17.8,train
20140925_105358.jpg,1093,10.6,train
20140925_185357.jpg,1093,20.6,train
20140925_195358.jpg,1093,22.2,train
20140925_215401.jpg,1093,25.0,train
20140925_232406.jpg,1093,25.0,train
20140926_202407.jpg,1093,22.8,train
20140926_222421.jpg,1093,23.9,train
20140927_015401.jpg,1093,20.0,train
20140927_035401.jpg,1093,16.7,train
20140927_042406.jpg,1093,17.2,train
20140927_085358.jpg,1093,11.1,train
20140927_212401.jpg,1093,23.9,train
20140927_222404.jpg,1093,25.0,train
20140928_015412.jpg,1093,20.6,train
20140928_022355.jpg,1093,24.4,train
20140928_075407.jpg,1093,13.9,train
20140928_122403.jpg,1093,13.3,train
20140928_162413.jpg,1093,13.9,train
20140928_182355.jpg,1093,18.9,train
20140929_052415.jpg,1093,15.6,train
20140929_075358.jpg,1093,13.3,train
20140929_085411.jpg,1093,13.3,train
20140929_162400.jpg,1093,13.3,train
20140930_002424.jpg,1093,14.4,train
20140930_015414.jpg,1093,12.8,train
20140930_172358.jpg,1093,12.2,train
20140930_225407.jpg,1093,14.4,train
20141001_012413.jpg,1093,18.3,train
20141001_042420.jpg,1093,13.3,train
20141001_055354.jpg,1093,12.8,train
20141001_115414.jpg,1093,11.7,train
20141001_142415.jpg,1093,11.1,train
20141001_165410.jpg,1093,13.3,train
20141001_215402.jpg,1093,17.2,train
20141002_005402.jpg,1093,20.0,train
20141002_142406.jpg,1093,11.7,train
20141002_205402.jpg,1093,21.1,train
20141002_212358.jpg,1093,20.6,train
20141002_225408.jpg,1093,20.6,train
20141003_032405.jpg,1093,11.7,train
20141003_115408.jpg,1093,18.3,train
20141003_145416.jpg,1093,18.9,train
20141003_205409.jpg,1093,13.9,train
20141004_022357.jpg,1093,5.6,train
20141004_055410.jpg,1093,6.7,train
20141004_082403.jpg,1093,8.3,train
20141004_112401.jpg,1093,6.7,train
20141004_185403.jpg,1093,5.6,train
20141004_225410.jpg,1093,6.1,train
20141005_012401.jpg,1093,10.6,train
20141005_092410.jpg,1093,6.7,train
20141005_142404.jpg,1093,7.8,train
20141006_002406.jpg,1093,12.8,train
20141006_042357.jpg,1093,10.0,train
20141006_052355.jpg,1093,7.8,train
20141006_185400.jpg,1093,13.9,train
20141006_195402.jpg,1093,11.1,train
20141006_225358.jpg,1093,12.8,train
20141007_035417.jpg,1093,10.6,train
20141007_055417.jpg,1093,11.1,train
20141007_135406.jpg,1093,7.8,train
20141007_175403.jpg,1093,15.6,train
20141007_182408.jpg,1093,13.3,train
20141007_192409.jpg,1093,17.0,train
20141008_022407.jpg,1093,13.3,train
20141008_115406.jpg,1093,8.9,train
20141008_202406.jpg,1093,14.0,train
20141008_205412.jpg,1093,15.0,train
20141009_042413.jpg,1093,8.3,train
20141009_055414.jpg,1093,5.0,train
20130425_170646.jpg,19106,10.0,train
20130425_220656.jpg,19106,11.4,train
20130426_030651.jpg,19106,5.3,train
20130426_033655.jpg,19106,5.3,train
20130426_043644.jpg,19106,5.3,train
20130426_140650.jpg,19106,6.7,train
20130426_143644.jpg,19106,7.2,train
20130426_200656.jpg,19106,9.6,train
20130427_033652.jpg,19106,8.8,train
20130427_043645.jpg,19106,8.8,train
20130427_113647.jpg,19106,5.4,train
20130427_120654.jpg,19106,4.0,train
20130427_133648.jpg,19106,9.3,train
20130427_170643.jpg,19106,13.9,train
20130428_020648.jpg,19106,9.6,train
20130428_100655.jpg,19106,4.5,train
20130428_110647.jpg,19106,6.0,train
20130428_163655.jpg,19106,18.0,train
20130428_193653.jpg,19106,18.5,train
20130428_213647.jpg,19106,11.8,train
20130429_060648.jpg,19106,8.0,train
20130429_100650.jpg,19106,6.5,train
20130429_110646.jpg,19106,7.1,train
20130429_223656.jpg,19106,10.0,train
20130430_010649.jpg,19106,8.9,train
20130430_060647.jpg,19106,7.0,train
20130430_073650.jpg,19106,6.3,train
20130430_090649.jpg,19106,6.3,train
20130430_173647.jpg,19106,12.0,train
20130430_233648.jpg,19106,8.9,train
20130501_073648.jpg,19106,5.3,train
20130501_150648.jpg,19106,9.2,train
20130501_190653.jpg,19106,10.7,train
20130501_193650.jpg,19106,11.2,train
20130501_203648.jpg,19106,10.2,train
20130502_063655.jpg,19106,8.5,train
20130502_073646.jpg,19106,8.5,train
20130502_083647.jpg,19106,8.4,train
20130502_113649.jpg,19106,9.1,train
20130502_160658.jpg,19106,9.3,train
20130503_073652.jpg,19106,5.6,train
20130503_100645.jpg,19106,5.4,train
20130503_103653.jpg,19106,7.0,train
20130503_173652.jpg,19106,12.5,train
20130503_200644.jpg,19106,12.7,train
20130504_080647.jpg,19106,7.8,train
20130504_143700.jpg,19106,13.6,train
20130504_230645.jpg,19106,16.2,train
20130505_003652.jpg,19106,18.7,train
20130505_033649.jpg,19106,17.8,train
20130505_083650.jpg,19106,8.4,train
20130505_153649.jpg,19106,25.6,train
20130505_173649.jpg,19106,27.7,train
20130505_183645.jpg,19106,28.3,train
20130506_040647.jpg,19106,18.8,train
20130506_083652.jpg,19106,10.6,train
20130506_093645.jpg,19106,11.0,train
20130506_120650.jpg,19106,13.0,train
20130506_160646.jpg,19106,25.2,train
20130506_183649.jpg,19106,28.5,train
20130507_143656.jpg,19106,27.0,train
20130507_190702.jpg,19106,28.9,train
20130507_220645.jpg,19106,28.5,train
20130508_013655.jpg,19106,13.2,train
20130508_040650.jpg,19106,13.2,train
20130508_070651.jpg,19106,14.1,train
20130508_073652.jpg,19106,13.6,train
20130508_110645.jpg,19106,12.9,train
20130508_140645.jpg,19106,14.2,train
20130509_040648.jpg,19106,15.4,train
20130509_050646.jpg,19106,12.6,train
20130509_130646.jpg,19106,15.5,train
20130509_143646.jpg,19106,19.5,train
20130509_153659.jpg,19106,17.7,train
20130509_200651.jpg,19106,17.0,train
20130510_070646.jpg,19106,14.4,train
20130510_080647.jpg,19106,13.5,train
20130510_090645.jpg,19106,13.0,train
20130510_170652.jpg,19106,14.2,train
20130510_180649.jpg,19106,15.0,train
20130511_083647.jpg,19106,9.1,train
20130511_170645.jpg,19106,10.1,train
20130511_193647.jpg,19106,10.4,train
20130512_013659.jpg,19106,7.9,train
20130512_023642.jpg,19106,7.9,train
20130512_060658.jpg,19106,11.0,train
20130512_063649.jpg,19106,10.1,train
20130512_083643.jpg,19106,9.9,train
20130512_090646.jpg,19106,9.6,train
20130513_020647.jpg,19106,3.9,train
20130513_090652.jpg,19106,4.9,train
20130513_120654.jpg,19106,4.0,train
20130513_200649.jpg,19106,9.7,train
20130513_233644.jpg,19106,4.6,train
20130514_043653.jpg,19106,7.0,train
20130514_110646.jpg,19106,2.1,train
20130514_220655.jpg,19106,10.8,train
20130514_230653.jpg,19106,10.3,train
20130514_233646.jpg,19106,8.2,train
20130515_010645.jpg,19106,10.6,train
20130515_070644.jpg,19106,4.2,train
20130515_123643.jpg,19106,10.6,train
20130516_023642.jpg,19106,7.7,train
20130516_033653.jpg,19106,7.7,train
20130516_040658.jpg,19106,7.7,train
20130516_103645.jpg,19106,10.0,train
20130516_140648.jpg,19106,10.6,train
20130516_180653.jpg,19106,12.0,train
20130516_200653.jpg,19106,13.3,train
20130517_020653.jpg,19106,10.2,train
20130517_073642.jpg,19106,6.4,train
20130517_090653.jpg,19106,6.4,train
20130517_110651.jpg,19106,7.9,train
20130518_000643.jpg,19106,12.0,train
20130518_043654.jpg,19106,10.1,train
20130518_063650.jpg,19106,7.8,train
20130518_073645.jpg,19106,7.4,train
20130518_123653.jpg,19106,9.6,train
20130518_213646.jpg,19106,12.6,train
20130519_000646.jpg,19106,13.0,train
20130519_133651.jpg,19106,12.6,train
20130519_160645.jpg,19106,13.4,train
20130519_223647.jpg,19106,13.0,train
20130520_003640.jpg,19106,14.3,train
20130520_013646.jpg,19106,13.8,train
20130520_063641.jpg,19106,10.6,train
20130520_093656.jpg,19106,11.6,train
20130520_150656.jpg,19106,15.9,train
20130520_180648.jpg,19106,20.0,train
20130520_203647.jpg,19106,17.6,train
20130521_050702.jpg,19106,13.4,train
20130521_080650.jpg,19106,11.5,train
20130521_113644.jpg,19106,10.7,train
20130521_150646.jpg,19106,11.7,train
20130521_183648.jpg,19106,13.4,train
20130522_060658.jpg,19106,12.0,train
20130522_180644.jpg,19106,13.0,train
20130522_190646.jpg,19106,12.9,train
20130523_003640.jpg,19106,11.8,train
20130523_033644.jpg,19106,11.2,train
20130523_073647.jpg,19106,12.8,train
20130523_110650.jpg,19106,12.7,train
20130523_183646.jpg,19106,13.8,train
20130523_223653.jpg,19106,12.0,train
20130524_033647.jpg,19106,9.4,train
20130524_113651.jpg,19106,9.9,train
20130524_133651.jpg,19106,10.6,train
20130524_173650.jpg,19106,10.6,train
20130524_190646.jpg,19106,10.6,train
20130524_203707.jpg,19106,10.1,train
20130525_050649.jpg,19106,10.1,train
20130525_053641.jpg,19106,9.9,train
20130525_063647.jpg,19106,10.2,train
20130525_090645.jpg,19106,10.1,train
20130526_023652.jpg,19106,8.3,train
20130526_050653.jpg,19106,6.6,train
20130526_073650.jpg,19106,6.6,train
20130526_153656.jpg,19106,9.2,train
20130526_200650.jpg,19106,11.4,train
20130526_230649.jpg,19106,10.1,train
20130527_053645.jpg,19106,5.1,train
20130527_110651.jpg,19106,6.6,train
20130527_190646.jpg,19106,17.9,train
20130528_020642.jpg,19106,12.2,train
20130528_033647.jpg,19106,11.7,train
20130528_200646.jpg,19106,17.2,train
20130528_230650.jpg,19106,14.6,train
20130528_233641.jpg,19106,12.6,train
20130529_033646.jpg,19106,12.4,train
20130529_043642.jpg,19106,12.4,train
20130529_050645.jpg,19106,11.0,train
20130529_070652.jpg,19106,10.3,train
20130529_130642.jpg,19106,13.3,train
20130530_030641.jpg,19106,12.2,train
20130530_040653.jpg,19106,12.2,train
20130530_080643.jpg,19106,12.7,train
20130530_083647.jpg,19106,14.1,train
20130530_120658.jpg,19106,16.0,train
20130530_173655.jpg,19106,24.9,train
20130531_033703.jpg,19106,18.4,train
20130531_050659.jpg,19106,10.8,train
20130531_053704.jpg,19106,10.2,train
20130531_073703.jpg,19106,10.9,train
20130531_203709.jpg,19106,26.5,train
20130601_040655.jpg,19106,10.5,train
20130601_073643.jpg,19106,16.7,train
20130601_150639.jpg,19106,13.5,train
20130601_173639.jpg,19106,12.9,train
20130602_040706.jpg,19106,10.8,train
20130602_043642.jpg,19106,10.8,train
20130602_073705.jpg,19106,10.3,train
20130602_090702.jpg,19106,10.3,train
20130602_133641.jpg,19106,11.0,train
20130602_150642.jpg,19106,11.0,train
20130603_013642.jpg,19106,13.6,train
20130603_103654.jpg,19106,12.0,train
20130603_120728.jpg,19106,12.0,train
20130603_160703.jpg,19106,18.9,train
20130603_183659.jpg,19106,19.0,train
20130603_220714.jpg,19106,19.0,train
20130604_103714.jpg,19106,11.0,train
20130604_120653.jpg,19106,11.0,train
20130604_213654.jpg,19106,16.6,train
20130605_000650.jpg,19106,18.0,train
20130605_040648.jpg,19106,13.2,train
20130605_073644.jpg,19106,6.5,train
20130605_133647.jpg,19106,15.6,train
20130605_140651.jpg,19106,13.6,train
20130605_193642.jpg,19106,20.4,train
20130605_210648.jpg,19106,20.4,train
20130606_113647.jpg,19106,13.8,train
20130606_150651.jpg,19106,17.0,train
20130606_213646.jpg,19106,18.8,train
20130607_003658.jpg,19106,16.0,train
20130607_043645.jpg,19106,16.2,train
20130607_050648.jpg,19106,14.7,train
20130607_060646.jpg,19106,14.0,train
20130607_090642.jpg,19106,13.0,train
20130607_130650.jpg,19106,13.9,train
20130608_003647.jpg,19106,12.6,train
20130608_090643.jpg,19106,13.0,train
20130608_153645.jpg,19106,15.3,train
20130608_183646.jpg,19106,15.1,train
20130608_210646.jpg,19106,15.0,train
20130608_213652.jpg,19106,13.5,train
20130609_050645.jpg,19106,11.8,train
20130609_163654.jpg,19106,15.0,train
20130609_213656.jpg,19106,14.0,train
20130610_003646.jpg,19106,18.4,train
20130610_030651.jpg,19106,18.4,train
20130610_050654.jpg,19106,9.4,train
20130610_100658.jpg,19106,9.9,train
20130610_183653.jpg,19106,25.6,train
20130610_220646.jpg,19106,24.2,train
20130610_230641.jpg,19106,23.7,train
20130611_063650.jpg,19106,16.1,train
20130611_113640.jpg,19106,17.4,train
20130611_203657.jpg,19106,15.2,train
20130612_013647.jpg,19106,15.0,train
20130612_023702.jpg,19106,15.0,train
20130612_123650.jpg,19106,17.2,train
20130612_143652.jpg,19106,16.9,train
20130612_203642.jpg,19106,16.7,train
20130612_210652.jpg,19106,17.1,train
20130613_033648.jpg,19106,15.6,train
20130613_063656.jpg,19106,13.8,train
20130613_070649.jpg,19106,13.7,train
20130613_080649.jpg,19106,13.8,train
20130613_203651.jpg,19106,20.5,train
20130613_213643.jpg,19106,19.6,train
20130614_050647.jpg,19106,13.9,train
20130614_103645.jpg,19106,16.0,train
20130614_163644.jpg,19106,23.0,train
20130614_220649.jpg,19106,26.0,train
20130615_003648.jpg,19106,17.4,train
20130615_073646.jpg,19106,12.4,train
20130615_130650.jpg,19106,16.0,train
20130615_210647.jpg,19106,22.6,train
20130616_000647.jpg,19106,12.0,train
20130616_003644.jpg,19106,12.6,train
20130616_140642.jpg,19106,13.9,train
20130616_143652.jpg,19106,14.3,train
20130616_223650.jpg,19106,12.0,train
20130617_020650.jpg,19106,14.1,train
20130617_023644.jpg,19106,12.9,train
20130617_093649.jpg,19106,12.5,train
20130617_123648.jpg,19106,12.9,train
20130617_130656.jpg,19106,12.9,train
20130618_003644.jpg,19106,13.8,train
20130618_023654.jpg,19106,13.5,train
20130618_063649.jpg,19106,9.6,train
20130618_103656.jpg,19106,14.0,train
20130618_110646.jpg,19106,11.4,train
20130618_140648.jpg,19106,17.0,train
20130618_163646.jpg,19106,19.0,train
20130619_060752.jpg,19106,9.0,train
20130619_083812.jpg,19106,8.9,train
20130619_110649.jpg,19106,11.6,train
20130619_173648.jpg,19106,22.0,train
20130619_190645.jpg,19106,22.0,train
20130620_070646.jpg,19106,10.5,train
20130620_080646.jpg,19106,10.0,train
20130620_170644.jpg,19106,22.2,train
20130621_003652.jpg,19106,18.6,train
20130621_023648.jpg,19106,17.8,train
20130621_080705.jpg,19106,15.5,train
20130621_120648.jpg,19106,16.0,train
20130621_163647.jpg,19106,26.0,train
20130621_190648.jpg,19106,26.5,train
20130622_010652.jpg,19106,20.9,train
20130622_113649.jpg,19106,13.3,train
20130622_163645.jpg,19106,22.0,train
20130622_230658.jpg,19106,23.7,train
20130623_000701.jpg,19106,24.3,train
20130623_020642.jpg,19106,22.8,train
20130623_153645.jpg,19106,26.0,train
20130624_003716.jpg,19106,22.3,train
20130624_010646.jpg,19106,23.4,train
20130624_033645.jpg,19106,21.4,train
20130624_040654.jpg,19106,21.4,train
20130624_123642.jpg,19106,25.7,train
20130624_203644.jpg,19106,27.0,train
20130625_000650.jpg,19106,16.0,train
20130625_003653.jpg,19106,15.1,train
20130625_010649.jpg,19106,16.1,train
20130625_060645.jpg,19106,19.0,train
20130625_140651.jpg,19106,22.7,train
20130625_223643.jpg,19106,16.0,train
20130626_010642.jpg,19106,12.6,train
20130626_023653.jpg,19106,13.1,train
20130626_070648.jpg,19106,12.0,train
20130626_090648.jpg,19106,11.7,train
20130626_130641.jpg,19106,12.1,train
20130626_140652.jpg,19106,12.4,train
20130626_210643.jpg,19106,12.5,train
20130627_133814.jpg,19106,15.1,train
20130627_153708.jpg,19106,15.3,train
20130627_163653.jpg,19106,15.3,train
20130627_220651.jpg,19106,14.4,train
20130628_033642.jpg,19106,13.7,train
20130628_123650.jpg,19106,13.2,train
20130628_183646.jpg,19106,13.9,train
20130628_190653.jpg,19106,13.5,train
20130628_220700.jpg,19106,14.3,train
20130629_023646.jpg,19106,13.3,train
20130629_063701.jpg,19106,13.0,train
20130629_083650.jpg,19106,12.7,train
20130629_110642.jpg,19106,13.1,train
20130630_013655.jpg,19106,19.3,train
20130630_023650.jpg,19106,19.3,train
20130630_053645.jpg,19106,13.4,train
20130630_090652.jpg,19106,13.5,train
20130630_123650.jpg,19106,18.4,train
20130630_210649.jpg,19106,26.1,train
20130630_223653.jpg,19106,24.0,train
20130701_100656.jpg,19106,14.8,train
20130701_213655.jpg,19106,21.4,train
20130702_003645.jpg,19106,19.0,train
20130702_013649.jpg,19106,18.8,train
20130702_043658.jpg,19106,18.8,train
20130702_130659.jpg,19106,18.8,train
20130702_220655.jpg,19106,20.3,train
20130702_230650.jpg,19106,20.3,train
20130702_233649.jpg,19106,19.4,train
20130703_000653.jpg,19106,25.8,train
20130703_050646.jpg,19106,18.8,train
20130703_070645.jpg,19106,18.5,train
20130703_073652.jpg,19106,17.4,train
20130704_020646.jpg,19106,24.9,train
20130704_043656.jpg,19106,23.8,train
20130704_093646.jpg,19106,21.0,train
20130704_120644.jpg,19106,23.0,train
20130704_130655.jpg,19106,25.3,train
20130705_010645.jpg,19106,27.3,train
20130705_013642.jpg,19106,25.1,train
20130705_063647.jpg,19106,23.0,train
20130705_080646.jpg,19106,23.0,train
20130705_100643.jpg,19106,22.5,train
20130705_133649.jpg,19106,27.7,train
20130706_013644.jpg,19106,26.1,train
20130706_070646.jpg,19106,22.8,train
20130706_113649.jpg,19106,24.9,train
20130706_173640.jpg,19106,32.0,train
20130706_183655.jpg,19106,32.3,train
20130707_020657.jpg,19106,22.6,train
20130707_063648.jpg,19106,22.9,train
20130707_083654.jpg,19106,22.3,train
20130707_203649.jpg,19106,28.3,train
20130707_220650.jpg,19106,28.3,train
20130708_010644.jpg,19106,20.7,train
20130708_083642.jpg,19106,18.6,train
20130708_173647.jpg,19106,22.4,train
20130708_223649.jpg,19106,21.0,train
20130709_030649.jpg,19106,19.0,train
20130709_043653.jpg,19106,19.0,train
20130709_090650.jpg,19106,19.7,train
20130709_103646.jpg,19106,20.0,train
20130709_130646.jpg,19106,21.1,train
20130709_220648.jpg,19106,23.7,train
20130710_020643.jpg,19106,26.0,train
20130710_053648.jpg,19106,18.3,train
20130710_093648.jpg,19106,19.0,train
20130710_160646.jpg,19106,21.8,train
20130710_220648.jpg,19106,28.7,train
20130711_010648.jpg,19106,20.4,train
20130711_090642.jpg,19106,20.4,train
20130711_113642.jpg,19106,23.1,train
20130711_120648.jpg,19106,22.0,train
20130711_193653.jpg,19106,26.3,train
20130712_003647.jpg,19106,21.6,train
20130712_060648.jpg,19106,16.0,train
20130712_063647.jpg,19106,14.0,train
20130712_083652.jpg,19106,13.3,train
20130713_033647.jpg,19106,23.9,train
20130713_040648.jpg,19106,23.9,train
20130713_060646.jpg,19106,17.0,train
20130713_070647.jpg,19106,16.3,train
20130713_153652.jpg,19106,29.8,train
20130713_160647.jpg,19106,28.5,train
20130714_023649.jpg,19106,26.2,train
20130714_110649.jpg,19106,20.6,train
20130714_113648.jpg,19106,25.2,train
20130714_120646.jpg,19106,23.0,train
20130714_153643.jpg,19106,32.9,train
20130714_190652.jpg,19106,34.5,train
20130715_050650.jpg,19106,24.2,train
20130715_183649.jpg,19106,37.6,train
20130715_210650.jpg,19106,35.9,train
20130715_230650.jpg,19106,36.1,train
20130716_003649.jpg,19106,24.1,train
20130716_053643.jpg,19106,27.0,train
20130716_113644.jpg,19106,28.2,train
20130716_210706.jpg,19106,28.1,train
20130716_233647.jpg,19106,25.3,train
20130717_040646.jpg,19106,21.8,train
20130717_070651.jpg,19106,22.4,train
20130717_130652.jpg,19106,23.1,train
20130717_170648.jpg,19106,33.7,train
20130717_213649.jpg,19106,23.0,train
20130718_023645.jpg,19106,23.3,train
20130718_110646.jpg,19106,21.6,train
20130718_130647.jpg,19106,24.0,train
20130718_213647.jpg,19106,29.4,train
20130718_223649.jpg,19106,28.0,train
20130719_000701.jpg,19106,24.4,train
20130719_063650.jpg,19106,22.0,train
20130719_130649.jpg,19106,22.5,train
20130719_150650.jpg,19106,24.3,train
20130719_200646.jpg,19106,28.4,train
20130719_233659.jpg,19106,24.2,train
20130720_123643.jpg,19106,26.9,train
20130720_160644.jpg,19106,27.0,train
20130720_173643.jpg,19106,24.8,train
20130720_193643.jpg,19106,26.7,train
20130720_203651.jpg,19106,23.8,train
20130721_070649.jpg,19106,13.6,train
20130721_080648.jpg,19106,12.0,train
20130721_133644.jpg,19106,18.8,train
20130721_143649.jpg,19106,20.2,train
20130722_010642.jpg,19106,23.5,train
20130722_100643.jpg,19106,11.8,train
20130722_173655.jpg,19106,26.7,train
20130722_210646.jpg,19106,27.9,train
20130722_223654.jpg,19106,26.0,train
20130723_020646.jpg,19106,23.1,train
20130723_053646.jpg,19106,16.9,train
20130723_083650.jpg,19106,17.3,train
20130723_103645.jpg,19106,19.0,train
20130723_110648.jpg,19106,18.0,train
20130724_030650.jpg,19106,15.5,train
20130724_110650.jpg,19106,20.5,train
20130724_133641.jpg,19106,20.4,train
20130724_163645.jpg,19106,18.0,train
20130724_193646.jpg,19106,17.5,train
20130725_030653.jpg,19106,17.2,train
20130725_080649.jpg,19106,11.2,train
20130725_113653.jpg,19106,16.8,train
20130725_170647.jpg,19106,20.3,train
20130725_180650.jpg,19106,21.1,train
20130725_190653.jpg,19106,22.2,train
20130726_053653.jpg,19106,15.8,train
20130726_130649.jpg,19106,18.4,train
20130726_150645.jpg,19106,20.5,train
20130727_010650.jpg,19106,21.9,train
20130727_030651.jpg,19106,20.8,train
20130727_070654.jpg,19106,16.0,train
20130727_090654.jpg,19106,15.9,train
20130727_133647.jpg,19106,20.1,train
20130727_153733.jpg,19106,22.5,train
20130728_023650.jpg,19106,19.4,train
20130728_053646.jpg,19106,20.0,train
20130728_063648.jpg,19106,20.4,train
20130728_110651.jpg,19106,20.9,train
20130728_113649.jpg,19106,22.3,train
20130728_153647.jpg,19106,23.2,train
20130729_060651.jpg,19106,18.0,train
20130729_113646.jpg,19106,21.1,train
20130729_170654.jpg,19106,27.1,train
20130729_210649.jpg,19106,27.9,train
20130730_023651.jpg,19106,18.1,train
20130730_103647.jpg,19106,18.0,train
20130730_110644.jpg,19106,17.1,train
20130730_143648.jpg,19106,23.8,train
20130730_160651.jpg,19106,23.8,train
20130730_223642.jpg,19106,20.0,train
20130731_123645.jpg,19106,21.3,train
20130731_150650.jpg,19106,22.7,train
20130801_000651.jpg,19106,22.0,train
20130801_020657.jpg,19106,21.4,train
20130801_040650.jpg,19106,21.6,train
20130801_103651.jpg,19106,20.0,train
20130801_163653.jpg,19106,31.0,train
20130801_180643.jpg,19106,31.0,train
20130801_210650.jpg,19106,31.2,train
20130802_010644.jpg,19106,19.8,train
20130802_060655.jpg,19106,21.0,train
20130802_113645.jpg,19106,20.7,train
20130802_133647.jpg,19106,24.6,train
20130802_153651.jpg,19106,26.6,train
20130803_020642.jpg,19106,19.6,train
20130803_063652.jpg,19106,15.8,train
20130803_070646.jpg,19106,16.3,train
20130803_083642.jpg,19106,16.8,train
20130803_120650.jpg,19106,18.0,train
20130804_030646.jpg,19106,16.6,train
20130804_103645.jpg,19106,19.0,train
20130804_170645.jpg,19106,23.8,train
20130804_173656.jpg,19106,21.2,train
20130805_010648.jpg,19106,19.4,train
20130805_020655.jpg,19106,17.5,train
20130805_060642.jpg,19106,16.0,train
20130805_230646.jpg,19106,24.6,train
20130806_000658.jpg,19106,25.0,train
20130806_003648.jpg,19106,20.8,train
20130806_033701.jpg,19106,19.2,train
20130806_050648.jpg,19106,16.5,train
20130806_123649.jpg,19106,21.5,train
20130806_153645.jpg,19106,26.0,train
20130806_193649.jpg,19106,28.7,train
20130807_010642.jpg,19106,23.3,train
20130807_103648.jpg,19106,18.0,train
20130807_160648.jpg,19106,25.2,train
20130807_163653.jpg,19106,29.0,train
20130807_180643.jpg,19106,29.0,train
20130807_210655.jpg,19106,29.9,train
20130808_060657.jpg,19106,21.7,train
20130808_070652.jpg,19106,21.2,train
20130808_110647.jpg,19106,18.6,train
20130808_123649.jpg,19106,19.3,train
20130808_130657.jpg,19106,19.1,train
20130809_120642.jpg,19106,20.0,train
20130810_013650.jpg,19106,16.3,train
20130810_030643.jpg,19106,16.3,train
20130810_040653.jpg,19106,16.3,train
20130810_043645.jpg,19106,16.3,train
20130810_130650.jpg,19106,17.9,train
20130810_133649.jpg,19106,19.6,train
20130810_183651.jpg,19106,22.9,train
20130810_190644.jpg,19106,22.0,train
20130810_233644.jpg,19106,19.5,train
20130811_123651.jpg,19106,20.8,train
20130811_153644.jpg,19106,25.1,train
20130811_190651.jpg,19106,27.2,train
20130811_220651.jpg,19106,25.2,train
20130812_043644.jpg,19106,17.7,train
20130812_050648.jpg,19106,17.7,train
20130812_110646.jpg,19106,16.6,train
20130812_130645.jpg,19106,18.5,train
20130812_173647.jpg,19106,19.3,train
20130812_183703.jpg,19106,22.7,train
20130813_150643.jpg,19106,16.7,train
20130813_153642.jpg,19106,15.7,train
20130813_170647.jpg,19106,15.7,train
20130814_000647.jpg,19106,16.0,train
20130814_020648.jpg,19106,14.3,train
20130814_140646.jpg,19106,14.9,train
20130814_203655.jpg,19106,16.6,train
20130814_210641.jpg,19106,17.4,train
20130814_213643.jpg,19106,16.8,train
20130814_230652.jpg,19106,16.8,train
20130815_130652.jpg,19106,16.3,train
20130815_133655.jpg,19106,19.2,train
20130815_150647.jpg,19106,19.2,train
20130815_153654.jpg,19106,21.5,train
20130815_200647.jpg,19106,18.4,train
20130816_050646.jpg,19106,15.8,train
20130816_053654.jpg,19106,15.2,train
20130816_070645.jpg,19106,15.2,train
20130816_163651.jpg,19106,24.0,train
20130817_033646.jpg,19106,17.1,train
20130817_083703.jpg,19106,10.9,train
20130817_103648.jpg,19106,14.2,train
20130817_163645.jpg,19106,23.0,train
20130817_180651.jpg,19106,23.0,train
20130818_013651.jpg,19106,21.1,train
20130818_113653.jpg,19106,18.2,train
20130818_143648.jpg,19106,25.3,train
20130818_190652.jpg,19106,29.0,train
20130818_200650.jpg,19106,29.5,train
20130818_223654.jpg,19106,25.0,train
20130819_053647.jpg,19106,19.2,train
20130819_063650.jpg,19106,18.2,train
20130819_073651.jpg,19106,18.3,train
20130819_103651.jpg,19106,19.0,train
20130819_130650.jpg,19106,20.8,train
20130820_213650.jpg,19106,19.1,train
20130820_223647.jpg,19106,18.0,train
20130821_010652.jpg,19106,27.0,train
20130821_033648.jpg,19106,24.2,train
20130821_043644.jpg,19106,24.2,train
20130821_053651.jpg,19106,16.5,train
20130821_123650.jpg,19106,24.5,train
20130821_130645.jpg,19106,22.8,train
20130821_143648.jpg,19106,28.3,train
20130821_153647.jpg,19106,30.7,train
20130822_140643.jpg,19106,22.8,train
20130822_210655.jpg,19106,25.0,train
20130822_230646.jpg,19106,24.0,train
20130823_000646.jpg,19106,20.3,train
20130823_013653.jpg,19106,15.8,train
20130823_143650.jpg,19106,20.3,train
20130823_170645.jpg,19106,20.7,train
20130824_000649.jpg,19106,22.0,train
20130824_003653.jpg,19106,18.7,train
20130824_030640.jpg,19106,18.1,train
20130824_050648.jpg,19106,12.5,train
20130824_060647.jpg,19106,12.0,train
20130824_093644.jpg,19106,11.1,train
20130824_100648.jpg,19106,9.7,train
20130824_110643.jpg,19106,11.1,train
20130825_060650.jpg,19106,15.0,train
20130825_223642.jpg,19106,22.0,train
20130826_003648.jpg,19106,22.8,train
20130826_010652.jpg,19106,23.0,train
20130826_043643.jpg,19106,21.6,train
20130826_080641.jpg,19106,17.1,train
20130826_130653.jpg,19106,18.5,train
20130826_153646.jpg,19106,22.2,train
20130826_163643.jpg,19106,22.0,train
20130827_003650.jpg,19106,23.0,train
20130827_050646.jpg,19106,21.6,train
20130827_120653.jpg,19106,20.0,train
20130827_143652.jpg,19106,26.3,train
20130827_180646.jpg,19106,28.0,train
20130827_223647.jpg,19106,26.0,train
20130828_063647.jpg,19106,20.8,train
20130828_103649.jpg,19106,21.0,train
20130828_123648.jpg,19106,22.1,train
20130828_210646.jpg,19106,21.5,train
20130829_040651.jpg,19106,14.4,train
20130829_130651.jpg,19106,17.0,train
20130829_150658.jpg,19106,17.0,train
20130829_190649.jpg,19106,19.9,train
20130829_203659.jpg,19106,17.8,train
20130830_023651.jpg,19106,20.0,train
20130830_070649.jpg,19106,13.5,train
20130830_083649.jpg,19106,14.0,train
20130830_123646.jpg,19106,16.9,train
20130830_163648.jpg,19106,24.0,train
20130831_030646.jpg,19106,20.3,train
20130831_050646.jpg,19106,19.8,train
20130831_090652.jpg,19106,18.9,train
20130831_180645.jpg,19106,25.0,train
20130831_223647.jpg,19106,23.0,train
20130901_020643.jpg,19106,19.6,train
20130901_060642.jpg,19106,19.0,train
20130901_103651.jpg,19106,20.0,train
20130901_150646.jpg,19106,20.3,train
20130902_020646.jpg,19106,16.8,train
20130902_033643.jpg,19106,16.4,train
20130902_123654.jpg,19106,19.2,train
20130902_140659.jpg,19106,19.2,train
20130902_223648.jpg,19106,17.6,train
20130902_233647.jpg,19106,17.1,train
20130903_040644.jpg,19106,19.7,train
20130903_060640.jpg,19106,16.1,train
20130903_080646.jpg,19106,15.2,train
20130903_090648.jpg,19106,14.4,train
20130903_130653.jpg,19106,14.9,train
20130904_030649.jpg,19106,12.7,train
20130904_070647.jpg,19106,18.9,train
20130904_083649.jpg,19106,17.8,train
20130904_100659.jpg,19106,17.8,train
20130904_133652.jpg,19106,19.4,train
20130905_023648.jpg,19106,10.0,train
20130905_050643.jpg,19106,10.7,train
20130905_060658.jpg,19106,11.0,train
20130905_110644.jpg,19106,8.4,train
20130906_033647.jpg,19106,17.7,train
20130906_043647.jpg,19106,17.7,train
20130906_103642.jpg,19106,9.0,train
20130906_140656.jpg,19106,15.0,train
20130906_200648.jpg,19106,22.6,train
20130906_203653.jpg,19106,22.4,train
20130907_020657.jpg,19106,18.4,train
20130907_070645.jpg,19106,16.8,train
20130908_010654.jpg,19106,12.5,train
20130908_020653.jpg,19106,11.7,train
20130908_040643.jpg,19106,11.6,train
20130908_043654.jpg,19106,11.6,train
20130908_050643.jpg,19106,18.3,train
20130908_083650.jpg,19106,12.7,train
20130908_163652.jpg,19106,17.0,train
20130908_173657.jpg,19106,16.4,train
20130908_220648.jpg,19106,17.2,train
20130909_053651.jpg,19106,10.2,train
20130909_060648.jpg,19106,10.5,train
20130909_073649.jpg,19106,9.2,train
20130909_223649.jpg,19106,20.0,train
20130910_033648.jpg,19106,18.0,train
20130910_060644.jpg,19106,17.0,train
20130910_140645.jpg,19106,18.1,train
20130910_150655.jpg,19106,18.4,train
20130911_000651.jpg,19106,27.0,train
20130911_040644.jpg,19106,18.7,train
20130911_103647.jpg,19106,17.0,train
20130911_110644.jpg,19106,17.3,train
20130911_133642.jpg,19106,18.3,train
20130911_163651.jpg,19106,24.0,train
20130911_190659.jpg,19106,28.2,train
20130912_113648.jpg,19106,18.5,train
20130912_143650.jpg,19106,19.8,train
20130912_180649.jpg,19106,21.0,train
20130912_190652.jpg,19106,23.1,train
20130912_200652.jpg,19106,23.9,train
20130913_140650.jpg,19106,20.0,train
20130913_190649.jpg,19106,21.1,train
20130913_193648.jpg,19106,20.0,train
20130913_203642.jpg,19106,19.3,train
20130914_040644.jpg,19106,14.1,train
20130914_070646.jpg,19106,15.4,train
20130914_113648.jpg,19106,14.0,train
20130914_190647.jpg,19106,13.9,train
20130914_193652.jpg,19106,13.6,train
20130915_033652.jpg,19106,16.4,train
20130915_063646.jpg,19106,12.3,train
20130915_073646.jpg,19106,12.2,train
20130915_110649.jpg,19106,11.8,train
20130915_123648.jpg,19106,12.3,train
20130915_173652.jpg,19106,19.9,train
20130916_080641.jpg,19106,12.9,train
20130916_120649.jpg,19106,10.0,train
20130916_130645.jpg,19106,10.3,train
20130916_180647.jpg,19106,12.4,train
20130916_233641.jpg,19106,8.3,train
20130917_060654.jpg,19106,6.0,train
20130917_130647.jpg,19106,9.0,train
20130917_183643.jpg,19106,20.4,train
20130917_223647.jpg,19106,15.0,train
20130918_020644.jpg,19106,15.8,train
20130918_103648.jpg,19106,11.0,train
20130918_150649.jpg,19106,16.9,train
20130918_170649.jpg,19106,20.6,train
20130918_233644.jpg,19106,17.2,train
20130919_023644.jpg,19106,20.7,train
20130919_073644.jpg,19106,11.7,train
20130919_080656.jpg,19106,11.6,train
20130919_133649.jpg,19106,17.9,train
20130919_223646.jpg,19106,23.0,train
20130920_010653.jpg,19106,11.0,train
20130920_083649.jpg,19106,18.1,train
20130920_090645.jpg,19106,18.1,train
20130921_000646.jpg,19106,24.0,train
20130921_030648.jpg,19106,21.9,train
20130921_070649.jpg,19106,11.8,train
20130921_100643.jpg,19106,12.1,train
20130921_213646.jpg,19106,26.1,train
20130921_233649.jpg,19106,23.0,train
20130922_030652.jpg,19106,11.8,train
20130922_120648.jpg,19106,18.0,train
20130922_123655.jpg,19106,16.7,train
20130922_170644.jpg,19106,19.7,train
20130922_203644.jpg,19106,14.8,train
20130922_230644.jpg,19106,14.3,train
20130923_053644.jpg,19106,8.9,train
20130923_090650.jpg,19106,9.0,train
20130923_123656.jpg,19106,12.7,train
20130923_230648.jpg,19106,12.3,train
20130924_040650.jpg,19106,12.9,train
20130924_093645.jpg,19106,9.8,train
20130924_123640.jpg,19106,11.1,train
20130924_183649.jpg,19106,15.4,train
20130924_193645.jpg,19106,15.2,train
20130924_200646.jpg,19106,15.4,train
20130925_103641.jpg,19106,10.0,train
20130925_110646.jpg,19106,10.0,train
20130925_173645.jpg,19106,16.3,train
20130925_210654.jpg,19106,16.8,train
20130925_233644.jpg,19106,14.7,train
20130926_073648.jpg,19106,13.5,train
20130926_093648.jpg,19106,13.5,train
20130926_143655.jpg,19106,15.0,train
20130926_203645.jpg,19106,17.1,train
20130927_030648.jpg,19106,15.3,train
20130927_060649.jpg,19106,14.0,train
20130927_070650.jpg,19106,11.6,train
20130927_130644.jpg,19106,15.0,train
20130927_220652.jpg,19106,23.0,train
20130927_233648.jpg,19106,17.3,train
20130928_143642.jpg,19106,21.7,train
20130928_203643.jpg,19106,25.7,train
20130928_223645.jpg,19106,20.0,train
20130929_010640.jpg,19106,17.6,train
20130929_023649.jpg,19106,15.3,train
20130929_110642.jpg,19106,10.0,train
20130929_133650.jpg,19106,20.8,train
20130929_160650.jpg,19106,22.6,train
20130929_190656.jpg,19106,27.9,train
20130929_210643.jpg,19106,28.7,train
20130930_163644.jpg,19106,25.0,train
20130930_180652.jpg,19106,25.0,train
20130930_183642.jpg,19106,28.5,train
20130930_210644.jpg,19106,28.2,train
20131001_023647.jpg,19106,19.2,train
20131001_130647.jpg,19106,15.5,train
20131001_163646.jpg,19106,27.0,train
20131001_180646.jpg,19106,27.0,train
20131001_193644.jpg,19106,27.6,train
20131002_003649.jpg,19106,19.7,train
20131002_083645.jpg,19106,15.3,train
20131002_100652.jpg,19106,15.3,train
20131002_153652.jpg,19106,25.9,train
20131002_200648.jpg,19106,29.2,train
20131003_023652.jpg,19106,14.9,train
20131003_070649.jpg,19106,13.3,train
20131003_093647.jpg,19106,12.2,train
20131003_140652.jpg,19106,18.2,train
20131003_163641.jpg,19106,22.0,train
20131003_233645.jpg,19106,16.5,train
20131004_143650.jpg,19106,17.8,train
20131004_180655.jpg,19106,20.0,train
20131004_193648.jpg,19106,20.8,train
20131004_223647.jpg,19106,15.0,train
20131005_000652.jpg,19106,13.4,train
20131005_050642.jpg,19106,9.6,train
20131005_073652.jpg,19106,7.7,train
20131005_180649.jpg,19106,18.0,train
20131005_190653.jpg,19106,19.5,train
20131006_000648.jpg,19106,12.0,train
20131006_163646.jpg,19106,14.0,train
20131006_223655.jpg,19106,12.0,train
20131006_230646.jpg,19106,13.2,train
20131007_020644.jpg,19106,15.2,train
20131007_030644.jpg,19106,15.1,train
20131007_130648.jpg,19106,14.5,train
20131007_143642.jpg,19106,17.0,train
20131007_153647.jpg,19106,18.2,train
20131007_203645.jpg,19106,21.4,train
20131008_013647.jpg,19106,8.7,train
20131008_083646.jpg,19106,9.4,train
20131008_093640.jpg,19106,9.3,train
20131008_150656.jpg,19106,11.9,train
20131008_203655.jpg,19106,13.9,train
20131009_020644.jpg,19106,11.2,train
20131009_053651.jpg,19106,5.4,train
20131009_070648.jpg,19106,5.4,train
20131009_183650.jpg,19106,19.9,train
20131010_013644.jpg,19106,13.8,train
20131010_020645.jpg,19106,15.1,train
20131010_053648.jpg,19106,8.1,train
20131010_203645.jpg,19106,21.1,train
20131011_000657.jpg,19106,14.0,train
20131011_023644.jpg,19106,12.1,train
20131011_043649.jpg,19106,12.1,train
20131011_063646.jpg,19106,10.1,train
20131011_103647.jpg,19106,10.0,train
20131011_120649.jpg,19106,10.0,train
20131011_203647.jpg,19106,14.3,train
20131011_213651.jpg,19106,13.3,train
20131012_063647.jpg,19106,12.0,train
20131012_140657.jpg,19106,11.6,train
20131012_180649.jpg,19106,13.0,train
20131012_223650.jpg,19106,12.0,train
20131013_043651.jpg,19106,11.7,train
20131013_123649.jpg,19106,10.8,train
20131013_173642.jpg,19106,14.2,train
20131013_210648.jpg,19106,15.4,train
20131014_000644.jpg,19106,15.0,train
20131014_043649.jpg,19106,13.2,train
20130101_140128.jpg,3297,3.0,train
20130101_153118.jpg,3297,3.0,train
20130101_210123.jpg,3297,4.0,train
20130102_000126.jpg,3297,4.0,train
20130102_153122.jpg,3297,2.0,train
20130102_223122.jpg,3297,3.0,train
20130102_230130.jpg,3297,4.0,train
20130103_010120.jpg,3297,3.0,train
20130103_210119.jpg,3297,4.0,train
20130104_003122.jpg,3297,4.0,train
20130104_040117.jpg,3297,4.0,train
20130104_050118.jpg,3297,4.0,train
20130104_080135.jpg,3297,2.0,train
20130104_120119.jpg,3297,3.0,train
20130104_200121.jpg,3297,4.0,train
20130105_040126.jpg,3297,5.0,train
20130105_060130.jpg,3297,4.0,train
20130105_160128.jpg,3297,6.0,train
20130105_203120.jpg,3297,6.0,train
20130105_230114.jpg,3297,6.0,train
20130106_040126.jpg,3297,5.0,train
20130106_103115.jpg,3297,3.0,train
20130106_143114.jpg,3297,6.0,train
20130106_190111.jpg,3297,7.0,train
20130107_013114.jpg,3297,2.0,train
20130107_023117.jpg,3297,1.0,train
20130107_133114.jpg,3297,5.0,train
20130107_170123.jpg,3297,5.0,train
20130107_173125.jpg,3297,5.0,train
20130107_230116.jpg,3297,5.0,train
20130108_030115.jpg,3297,6.0,train
20130108_210116.jpg,3297,3.0,train
20130108_220118.jpg,3297,3.0,train
20130109_030115.jpg,3297,5.0,train
20130109_043120.jpg,3297,2.0,train
20130109_053110.jpg,3297,2.0,train
20130109_090115.jpg,3297,5.0,train
20130109_133119.jpg,3297,4.0,train
20130109_220137.jpg,3297,7.0,train
20130109_230120.jpg,3297,7.0,train
20130110_000131.jpg,3297,4.0,train
20130110_130126.jpg,3297,3.0,train
20130110_140129.jpg,3297,3.0,train
20130110_200123.jpg,3297,4.0,train
20130110_230120.jpg,3297,5.0,train
20130111_003112.jpg,3297,-1.0,train
20130111_100122.jpg,3297,1.0,train
20130111_123118.jpg,3297,-2.0,train
20130111_220120.jpg,3297,2.0,train
20130112_020120.jpg,3297,-1.0,train
20130112_053129.jpg,3297,-1.0,train
20130112_143120.jpg,3297,-1.0,train
20130112_153121.jpg,3297,-1.0,train
20130112_203117.jpg,3297,2.0,train
20130113_020128.jpg,3297,1.0,train
20130113_043122.jpg,3297,1.0,train
20130113_083117.jpg,3297,-1.0,train
20130113_233117.jpg,3297,1.0,train
20130114_010150.jpg,3297,2.0,train
20130114_020124.jpg,3297,2.0,train
20130114_063111.jpg,3297,2.0,train
20130114_113114.jpg,3297,1.0,train
20130114_163116.jpg,3297,2.0,train
20130114_170120.jpg,3297,1.0,train
20130115_010131.jpg,3297,4.0,train
20130115_073123.jpg,3297,3.0,train
20130115_090137.jpg,3297,2.0,train
20130115_113113.jpg,3297,2.0,train
20130115_210118.jpg,3297,4.0,train
20130115_213111.jpg,3297,5.0,train
20130116_003115.jpg,3297,4.0,train
20130116_123118.jpg,3297,2.0,train
20130116_160134.jpg,3297,3.0,train
20130116_170128.jpg,3297,2.0,train
20130116_230121.jpg,3297,4.0,train
20130117_133114.jpg,3297,3.0,train
20130117_140117.jpg,3297,3.0,train
20130117_190118.jpg,3297,3.0,train
20130118_040122.jpg,3297,3.0,train
20130118_113115.jpg,3297,3.0,train
20130118_140114.jpg,3297,3.0,train
20130118_150116.jpg,3297,3.0,train
20130119_023123.jpg,3297,3.0,train
20130119_070121.jpg,3297,2.0,train
20130119_083116.jpg,3297,2.0,train
20130119_100121.jpg,3297,3.0,train
20130119_123124.jpg,3297,2.0,train
20130119_143112.jpg,3297,2.0,train
20130119_180131.jpg,3297,3.0,train
20130120_090116.jpg,3297,2.0,train
20130120_113117.jpg,3297,0.0,train
20130120_163119.jpg,3297,1.0,train
20130121_050125.jpg,3297,-1.0,train
20130121_090129.jpg,3297,1.0,train
20130121_190127.jpg,3297,0.0,train
20130121_203116.jpg,3297,1.0,train
20130122_050124.jpg,3297,2.0,train
20130122_060125.jpg,3297,2.0,train
20130122_223120.jpg,3297,3.0,train
20130122_233114.jpg,3297,3.0,train
20130123_010123.jpg,3297,4.0,train
20130123_093118.jpg,3297,2.0,train
20130123_133116.jpg,3297,3.0,train
20130123_150140.jpg,3297,3.0,train
20130123_203119.jpg,3297,4.0,train
20130124_093122.jpg,3297,2.0,train
20130124_103115.jpg,3297,3.0,train
20130124_143116.jpg,3297,3.0,train
20130125_103122.jpg,3297,6.0,train
20130125_120126.jpg,3297,5.0,train
20130125_203115.jpg,3297,7.0,train
20130126_043125.jpg,3297,2.0,train
20130126_130131.jpg,3297,4.0,train
20130126_133122.jpg,3297,3.0,train
20130126_190122.jpg,3297,4.0,train
20130127_063113.jpg,3297,3.0,train
20130127_083119.jpg,3297,2.0,train
20130128_003114.jpg,3297,4.0,train
20130128_070136.jpg,3297,2.0,train
20130128_080123.jpg,3297,2.0,train
20130128_180135.jpg,3297,3.0,train
20130128_220115.jpg,3297,4.0,train
20130129_053122.jpg,3297,5.0,train
20130129_083124.jpg,3297,1.0,train
20130129_123121.jpg,3297,3.0,train
20130129_133113.jpg,3297,3.0,train
20130129_173116.jpg,3297,6.0,train
20130130_050122.jpg,3297,6.0,train
20130130_103112.jpg,3297,5.0,train
20130130_180142.jpg,3297,5.0,train
20130131_023125.jpg,3297,7.0,train
20130131_083117.jpg,3297,6.0,train
20130131_190130.jpg,3297,6.0,train
20130201_020120.jpg,3297,6.0,train
20130201_143121.jpg,3297,5.0,train
20130201_213118.jpg,3297,7.0,train
20130202_073119.jpg,3297,5.0,train
20130202_090127.jpg,3297,5.0,train
20130202_120119.jpg,3297,4.0,train
20130202_170122.jpg,3297,5.0,train
20130202_180116.jpg,3297,5.0,train
20130202_220125.jpg,3297,5.0,train
20130203_080114.jpg,3297,5.0,train
20130203_083118.jpg,3297,5.0,train
20130203_123121.jpg,3297,4.0,train
20130203_143117.jpg,3297,5.0,train
20130204_050116.jpg,3297,7.0,train
20130204_213116.jpg,3297,7.0,train
20130205_010122.jpg,3297,6.0,train
20130205_020113.jpg,3297,6.0,train
20130205_030130.jpg,3297,6.0,train
20130205_120124.jpg,3297,6.0,train
20130205_180121.jpg,3297,7.0,train
20130205_193122.jpg,3297,7.0,train
20130206_070113.jpg,3297,6.0,train
20130206_113112.jpg,3297,6.0,train
20130206_190118.jpg,3297,7.0,train
20130207_023114.jpg,3297,4.0,train
20130207_063122.jpg,3297,4.0,train
20130207_070117.jpg,3297,4.0,train
20130207_120115.jpg,3297,6.0,train
20130208_003113.jpg,3297,4.0,train
20130208_030119.jpg,3297,4.0,train
20130208_033115.jpg,3297,3.0,train
20130208_060115.jpg,3297,3.0,train
20130208_120122.jpg,3297,1.0,train
20130208_150119.jpg,3297,2.0,train
20130208_193118.jpg,3297,6.0,train
20130208_210125.jpg,3297,6.0,train
20130208_213115.jpg,3297,6.0,train
20130209_090120.jpg,3297,2.0,train
20130209_093119.jpg,3297,3.0,train
20130209_140135.jpg,3297,4.0,train
20130209_160122.jpg,3297,4.0,train
20130210_000113.jpg,3297,6.0,train
20130210_093120.jpg,3297,5.0,train
20130210_153118.jpg,3297,5.0,train
20130210_170127.jpg,3297,5.0,train
20130210_223121.jpg,3297,6.0,train
20130211_103118.jpg,3297,5.0,train
20130211_120116.jpg,3297,5.0,train
20130211_213119.jpg,3297,7.0,train
20130212_050115.jpg,3297,6.0,train
20130212_110122.jpg,3297,6.0,train
20130212_223119.jpg,3297,8.0,train
20130212_230133.jpg,3297,8.0,train
20130213_040120.jpg,3297,6.0,train
20130213_090133.jpg,3297,5.0,train
20130213_133120.jpg,3297,2.0,train
20130213_160136.jpg,3297,2.0,train
20130213_173119.jpg,3297,8.0,train
20130216_023124.jpg,3297,4.0,train
20130216_033123.jpg,3297,4.0,train
20130216_050112.jpg,3297,4.0,train
20130216_073116.jpg,3297,4.0,train
20130216_200132.jpg,3297,7.0,train
20130216_233124.jpg,3297,7.0,train
20130217_020118.jpg,3297,4.0,train
20130217_030121.jpg,3297,3.0,train
20130217_093113.jpg,3297,2.0,train
20130217_200123.jpg,3297,6.0,train
20130218_000126.jpg,3297,5.0,train
20130218_020114.jpg,3297,4.0,train
20130218_060131.jpg,3297,4.0,train
20130218_100133.jpg,3297,3.0,train
20130218_153118.jpg,3297,4.0,train
20130218_230125.jpg,3297,5.0,train
20130219_063119.jpg,3297,1.0,train
20130219_113117.jpg,3297,2.0,train
20130219_190131.jpg,3297,6.0,train
20130220_000138.jpg,3297,5.0,train
20130220_040133.jpg,3297,5.0,train
20130220_080132.jpg,3297,1.0,train
20130220_083119.jpg,3297,-1.0,train
20130220_090111.jpg,3297,1.0,train
20130220_093118.jpg,3297,0.0,train
20130220_100127.jpg,3297,0.0,train
20130221_233115.jpg,3297,6.0,train
20130222_000123.jpg,3297,8.0,train
20130222_043110.jpg,3297,3.0,train
20130222_060127.jpg,3297,4.0,train
20130222_080129.jpg,3297,7.0,train
20130222_113123.jpg,3297,6.0,train
20130222_133114.jpg,3297,5.0,train
20130222_163115.jpg,3297,7.0,train
20130222_193116.jpg,3297,9.0,train
20130223_080128.jpg,3297,3.0,train
20130223_083116.jpg,3297,3.0,train
20130223_103116.jpg,3297,3.0,train
20130223_123115.jpg,3297,1.0,train
20130224_063112.jpg,3297,6.0,train
20130224_140137.jpg,3297,6.0,train
20130224_143117.jpg,3297,6.0,train
20130224_150132.jpg,3297,6.0,train
20130225_003113.jpg,3297,7.0,train
20130225_033117.jpg,3297,3.0,train
20130225_160145.jpg,3297,5.0,train
20130225_213117.jpg,3297,9.0,train
20130226_003112.jpg,3297,5.0,train
20130226_040128.jpg,3297,5.0,train
20130226_080133.jpg,3297,3.0,train
20130226_210123.jpg,3297,7.0,train
20130226_223200.jpg,3297,5.0,train
20130227_033121.jpg,3297,5.0,train
20130227_040114.jpg,3297,5.0,train
20130227_110134.jpg,3297,1.0,train
20130227_190123.jpg,3297,6.0,train
20130227_230132.jpg,3297,6.0,train
20130228_050133.jpg,3297,7.0,train
20130228_080129.jpg,3297,5.0,train
20130228_093119.jpg,3297,4.0,train
20130228_203116.jpg,3297,6.0,train
20130301_003110.jpg,3297,9.0,train
20130301_033115.jpg,3297,9.0,train
20130301_120121.jpg,3297,8.0,train
20130301_150125.jpg,3297,9.0,train
20130301_160126.jpg,3297,9.0,train
20130302_060120.jpg,3297,2.0,train
20130302_063119.jpg,3297,3.0,train
20130302_133117.jpg,3297,7.0,train
20130302_170125.jpg,3297,6.0,train
20130302_190123.jpg,3297,7.0,train
20130303_000123.jpg,3297,8.0,train
20130303_193126.jpg,3297,8.0,train
20130303_220116.jpg,3297,8.0,train
20130304_020127.jpg,3297,6.0,train
20130304_070122.jpg,3297,0.0,train
20130304_073118.jpg,3297,0.0,train
20130304_160130.jpg,3297,1.0,train
20130304_203120.jpg,3297,7.0,train
20130304_220124.jpg,3297,6.0,train
20130305_063118.jpg,3297,4.0,train
20130305_113116.jpg,3297,1.0,train
20130305_190129.jpg,3297,6.0,train
20130305_200116.jpg,3297,6.0,train
20130305_230126.jpg,3297,5.0,train
20130306_000120.jpg,3297,10.0,train
20130306_093123.jpg,3297,4.0,train
20130306_103114.jpg,3297,4.0,train
20130306_210118.jpg,3297,9.0,train
20130307_040123.jpg,3297,7.0,train
20130307_073114.jpg,3297,6.0,train
20130307_080114.jpg,3297,6.0,train
20130307_083118.jpg,3297,5.0,train
20130307_093117.jpg,3297,5.0,train
20130308_053118.jpg,3297,2.0,train
20130308_090120.jpg,3297,6.0,train
20130308_100112.jpg,3297,6.0,train
20130308_153118.jpg,3297,8.0,train
20130308_223120.jpg,3297,10.0,train
20130309_023123.jpg,3297,7.0,train
20130309_103115.jpg,3297,0.0,train
20130309_203120.jpg,3297,9.0,train
20130309_230127.jpg,3297,9.0,train
20130310_033122.jpg,3297,7.0,train
20130310_040113.jpg,3297,8.0,train
20130310_083128.jpg,3297,6.0,train
20130310_193114.jpg,3297,8.0,train
20130311_033120.jpg,3297,5.0,train
20130311_063114.jpg,3297,5.0,train
20130311_090125.jpg,3297,6.0,train
20130311_133117.jpg,3297,3.0,train
20130311_140128.jpg,3297,4.0,train
20130312_060124.jpg,3297,10.0,train
20130312_093112.jpg,3297,6.0,train
20130312_160123.jpg,3297,6.0,train
20130312_200121.jpg,3297,6.0,train
20130313_010118.jpg,3297,9.0,train
20130313_133119.jpg,3297,10.0,train
20130314_030115.jpg,3297,9.0,train
20130314_053116.jpg,3297,8.0,train
20130314_060129.jpg,3297,8.0,train
20130314_193121.jpg,3297,10.0,train
20130314_200123.jpg,3297,10.0,train
20130315_033113.jpg,3297,8.0,train
20130315_063113.jpg,3297,7.0,train
20130315_070139.jpg,3297,7.0,train
20130315_083115.jpg,3297,8.0,train
20130315_100129.jpg,3297,8.0,train
20130315_103120.jpg,3297,8.0,train
20130316_050124.jpg,3297,4.0,train
20130316_060131.jpg,3297,4.0,train
20130316_133117.jpg,3297,5.0,train
20130316_140129.jpg,3297,5.0,train
20130316_170123.jpg,3297,6.0,train
20130316_173115.jpg,3297,8.0,train
20130316_223114.jpg,3297,5.0,train
20130317_140114.jpg,3297,2.0,train
20130317_150118.jpg,3297,2.0,train
20130317_170135.jpg,3297,4.0,train
20130317_230133.jpg,3297,6.0,train
20130318_063114.jpg,3297,4.0,train
20130318_080137.jpg,3297,5.0,train
20130318_090125.jpg,3297,4.0,train
20130318_093111.jpg,3297,4.0,train
20130318_100134.jpg,3297,3.0,train
20130318_103113.jpg,3297,2.0,train
20130319_230117.jpg,3297,6.0,train
20130320_000200.jpg,3297,5.0,train
20130320_030128.jpg,3297,5.0,train
20130320_040124.jpg,3297,5.0,train
20130320_043114.jpg,3297,2.0,train
20130320_113113.jpg,3297,7.0,train
20130320_170134.jpg,3297,8.0,train
20130321_000118.jpg,3297,6.0,train
20130321_060116.jpg,3297,1.0,train
20130321_063119.jpg,3297,1.0,train
20130321_083115.jpg,3297,0.0,train
20130321_090123.jpg,3297,1.0,train
20130321_100125.jpg,3297,0.0,train
20130321_213122.jpg,3297,6.0,train
20130322_040141.jpg,3297,4.0,train
20130322_113123.jpg,3297,0.0,train
20130322_173120.jpg,3297,6.0,train
20130322_190133.jpg,3297,4.0,train
20130323_043115.jpg,3297,6.0,train
20130323_073120.jpg,3297,6.0,train
20130323_113120.jpg,3297,1.0,train
20130323_140129.jpg,3297,1.0,train
20130323_210120.jpg,3297,8.0,train
20130323_223115.jpg,3297,7.0,train
20130324_050125.jpg,3297,6.0,train
20130325_003118.jpg,3297,9.0,train
20130325_020136.jpg,3297,10.0,train
20130325_030120.jpg,3297,9.0,train
20130325_040114.jpg,3297,9.0,train
20130325_093118.jpg,3297,5.0,train
20130325_100132.jpg,3297,5.0,train
20130325_180134.jpg,3297,7.0,train
20130326_003118.jpg,3297,10.0,train
20130326_063112.jpg,3297,9.0,train
20130326_123116.jpg,3297,6.0,train
20130326_213114.jpg,3297,11.0,train
20130326_230143.jpg,3297,11.0,train
20130327_013113.jpg,3297,11.0,train
20130327_073119.jpg,3297,7.0,train
20130327_133118.jpg,3297,7.0,train
20130327_173114.jpg,3297,10.0,train
20130328_000132.jpg,3297,12.0,train
20130328_010116.jpg,3297,12.0,train
20130328_070130.jpg,3297,7.0,train
20130328_090139.jpg,3297,7.0,train
20130328_140116.jpg,3297,8.0,train
20130328_220127.jpg,3297,11.0,train
20130328_223113.jpg,3297,12.0,train
20130329_033148.jpg,3297,9.0,train
20130329_080126.jpg,3297,6.0,train
20130329_083123.jpg,3297,4.0,train
20130329_180135.jpg,3297,7.0,train
20130330_013115.jpg,3297,14.0,train
20130330_030126.jpg,3297,15.0,train
20130330_143123.jpg,3297,8.0,train
20130330_163115.jpg,3297,10.0,train
20130330_200133.jpg,3297,11.0,train
20130331_013113.jpg,3297,14.0,train
20130331_033122.jpg,3297,11.0,train
20130331_120157.jpg,3297,6.0,train
20130331_130154.jpg,3297,5.0,train
20130331_153117.jpg,3297,10.0,train
20130331_200135.jpg,3297,12.0,train
20130331_223129.jpg,3297,16.0,train
20130401_083123.jpg,3297,7.0,train
20130401_183118.jpg,3297,13.0,train
20130401_190128.jpg,3297,13.0,train
20130402_020117.jpg,3297,11.0,train
20130402_080124.jpg,3297,11.0,train
20130402_180113.jpg,3297,10.0,train
20130403_043122.jpg,3297,10.0,train
20130403_070122.jpg,3297,10.0,train
20130403_130114.jpg,3297,9.0,train
20130403_183117.jpg,3297,12.0,train
20130403_213109.jpg,3297,12.0,train
20130404_020113.jpg,3297,9.0,train
20130404_063120.jpg,3297,10.0,train
20130404_130117.jpg,3297,8.0,train
20130404_150117.jpg,3297,8.0,train
20130404_200123.jpg,3297,9.0,train
20130404_213119.jpg,3297,9.0,train
20130405_070120.jpg,3297,10.0,train
20130405_080124.jpg,3297,10.0,train
20130405_140138.jpg,3297,9.0,train
20130405_223115.jpg,3297,11.0,train
20130406_060124.jpg,3297,7.0,train
20130406_100118.jpg,3297,8.0,train
20130406_183117.jpg,3297,11.0,train
20130406_213114.jpg,3297,11.0,train
20130407_003123.jpg,3297,11.0,train
20130407_043125.jpg,3297,9.0,train
20130407_130122.jpg,3297,5.0,train
20130407_143119.jpg,3297,6.0,train
20130407_183117.jpg,3297,10.0,train
20130407_203114.jpg,3297,12.0,train
20130408_063119.jpg,3297,9.0,train
20130408_083117.jpg,3297,7.0,train
20130408_090126.jpg,3297,8.0,train
20130408_113114.jpg,3297,8.0,train
20130408_203111.jpg,3297,12.0,train
20130408_220124.jpg,3297,12.0,train
20130409_110116.jpg,3297,8.0,train
20130409_163119.jpg,3297,7.0,train
20130409_200127.jpg,3297,8.0,train
20130410_073113.jpg,3297,8.0,train
20130410_143116.jpg,3297,8.0,train
20130410_150123.jpg,3297,8.0,train
20130410_190120.jpg,3297,9.0,train
20130411_033123.jpg,3297,9.0,train
20130411_040120.jpg,3297,9.0,train
20130411_093120.jpg,3297,6.0,train
20130411_163120.jpg,3297,9.0,train
20130411_173116.jpg,3297,10.0,train
20130411_223119.jpg,3297,11.0,train
20130412_080125.jpg,3297,9.0,train
20130412_113117.jpg,3297,7.0,train
20130412_130124.jpg,3297,6.0,train
20130412_140113.jpg,3297,7.0,train
20130412_163119.jpg,3297,7.0,train
20130413_100115.jpg,3297,1.0,train
20130413_110123.jpg,3297,1.0,train
20130413_213118.jpg,3297,9.0,train
20130413_230124.jpg,3297,9.0,train
20130414_063116.jpg,3297,6.0,train
20130414_143112.jpg,3297,6.0,train
20130415_020112.jpg,3297,14.0,train
20130415_033125.jpg,3297,11.0,train
20130415_040123.jpg,3297,13.0,train
20130415_140134.jpg,3297,7.0,train
20130415_183116.jpg,3297,12.0,train
20130416_000122.jpg,3297,14.0,train
20130416_030111.jpg,3297,13.0,train
20130416_073120.jpg,3297,11.0,train
20130416_143112.jpg,3297,9.0,train
20130416_170118.jpg,3297,9.0,train
20130417_000122.jpg,3297,12.0,train
20130417_063114.jpg,3297,8.0,train
20130417_133118.jpg,3297,9.0,train
20130417_140122.jpg,3297,8.0,train
20130417_183125.jpg,3297,12.0,train
20130417_210121.jpg,3297,12.0,train
20130418_040139.jpg,3297,8.0,train
20130418_153114.jpg,3297,9.0,train
20130418_210119.jpg,3297,8.0,train
20130418_223131.jpg,3297,9.0,train
20130419_023117.jpg,3297,10.0,train
20130419_213119.jpg,3297,13.0,train
20130420_003126.jpg,3297,11.0,train
20130420_163117.jpg,3297,9.0,train
20130420_230125.jpg,3297,10.0,train
20130421_010143.jpg,3297,14.0,train
20130421_140117.jpg,3297,6.0,train
20130421_180137.jpg,3297,9.0,train
20130421_190133.jpg,3297,9.0,train
20130422_093115.jpg,3297,3.0,train
20130422_113115.jpg,3297,1.0,train
20130422_153117.jpg,3297,9.0,train
20130422_200119.jpg,3297,11.0,train
20130423_150125.jpg,3297,7.0,train
20130423_180129.jpg,3297,10.0,train
20130423_210121.jpg,3297,14.0,train
20130424_033121.jpg,3297,12.0,train
20130424_150117.jpg,3297,7.0,train
20130424_153110.jpg,3297,11.0,train
20130424_180122.jpg,3297,11.0,train
20130424_183119.jpg,3297,15.0,train
20130425_040121.jpg,3297,13.0,train
20130425_130124.jpg,3297,9.0,train
20130425_180139.jpg,3297,11.0,train
20130426_043112.jpg,3297,13.0,train
20130426_073122.jpg,3297,13.0,train
20130426_100129.jpg,3297,8.0,train
20130426_113121.jpg,3297,8.0,train
20130426_193119.jpg,3297,14.0,train
20130426_213114.jpg,3297,15.0,train
20130426_223115.jpg,3297,14.0,train
20130427_173119.jpg,3297,14.0,train
20130427_180120.jpg,3297,11.0,train
20130428_013116.jpg,3297,9.0,train
20130428_080120.jpg,3297,9.0,train
20130428_203120.jpg,3297,12.0,train
20130428_213115.jpg,3297,12.0,train
20130429_013121.jpg,3297,8.0,train
20130429_140144.jpg,3297,3.0,train
20130429_190137.jpg,3297,9.0,train
20130429_193116.jpg,3297,10.0,train
20130430_020135.jpg,3297,12.0,train
20130430_023126.jpg,3297,10.0,train
20130430_160132.jpg,3297,6.0,train
20130430_180115.jpg,3297,8.0,train
20130430_233112.jpg,3297,12.0,train
20130501_010117.jpg,3297,12.0,train
20130501_103116.jpg,3297,4.0,train
20130501_180119.jpg,3297,8.0,train
20130501_220125.jpg,3297,11.0,train
20130501_223124.jpg,3297,12.0,train
20130501_233116.jpg,3297,13.0,train
20130502_150126.jpg,3297,7.0,train
20130502_190117.jpg,3297,12.0,train
20130503_140116.jpg,3297,8.0,train
20130503_143122.jpg,3297,12.0,train
20130503_203125.jpg,3297,18.0,train
20130504_000110.jpg,3297,21.0,train
20130504_173123.jpg,3297,16.0,train
20130505_020125.jpg,3297,23.0,train
20130505_033123.jpg,3297,17.0,train
20130505_183120.jpg,3297,20.0,train
20130505_203124.jpg,3297,22.0,train
20130505_213118.jpg,3297,23.0,train
20130506_123120.jpg,3297,12.0,train
20130506_150115.jpg,3297,12.0,train
20130506_190116.jpg,3297,19.0,train
20130506_213123.jpg,3297,25.0,train
20130507_173116.jpg,3297,17.0,train
20130507_220121.jpg,3297,20.0,train
20130508_010133.jpg,3297,18.0,train
20130508_043114.jpg,3297,13.0,train
20130508_100126.jpg,3297,12.0,train
20130508_140120.jpg,3297,10.0,train
20130508_170122.jpg,3297,15.0,train
20130509_160132.jpg,3297,13.0,train
20130509_173140.jpg,3297,16.0,train
20130509_183143.jpg,3297,17.0,train
20130509_230128.jpg,3297,19.0,train
20130510_123114.jpg,3297,12.0,train
20130510_230125.jpg,3297,19.0,train
20130511_000128.jpg,3297,13.0,train
20130511_200133.jpg,3297,15.0,train
20130511_223112.jpg,3297,13.0,train
20130512_043119.jpg,3297,14.0,train
20130512_120129.jpg,3297,14.0,train
20130513_120121.jpg,3297,12.0,train
20130513_150134.jpg,3297,12.0,train
20130513_230121.jpg,3297,11.0,train
20130514_023115.jpg,3297,12.0,train
20130514_150115.jpg,3297,8.0,train
20130515_010139.jpg,3297,12.0,train
20130515_040133.jpg,3297,12.0,train
20130515_153115.jpg,3297,11.0,train
20130516_140131.jpg,3297,10.0,train
20130516_213119.jpg,3297,15.0,train
20130516_230134.jpg,3297,16.0,train
20130517_050114.jpg,3297,12.0,train
20130517_113121.jpg,3297,11.0,train
20130517_190133.jpg,3297,13.0,train
20130517_223116.jpg,3297,15.0,train
20130519_203115.jpg,3297,16.0,train
20130519_230129.jpg,3297,16.0,train
20130520_160125.jpg,3297,10.0,train
20130520_183110.jpg,3297,12.0,train
20130521_010132.jpg,3297,11.0,train
20130521_030137.jpg,3297,11.0,train
20130521_040130.jpg,3297,11.0,train
20130521_130137.jpg,3297,6.0,train
20130521_210133.jpg,3297,10.0,train
20130521_233112.jpg,3297,12.0,train
20130522_143125.jpg,3297,11.0,train
20130522_180125.jpg,3297,11.0,train
20130522_213113.jpg,3297,14.0,train
20130523_210132.jpg,3297,15.0,train
20130523_213118.jpg,3297,14.0,train
20130523_220131.jpg,3297,15.0,train
20130524_033116.jpg,3297,13.0,train
20130524_140142.jpg,3297,7.0,train
20130524_213122.jpg,3297,17.0,train
20130525_013125.jpg,3297,14.0,train
20130525_150129.jpg,3297,11.0,train
20130525_170138.jpg,3297,12.0,train
20130525_203125.jpg,3297,15.0,train
20130525_220134.jpg,3297,15.0,train
20130525_233119.jpg,3297,15.0,train
20130526_113112.jpg,3297,9.0,train
20130527_050125.jpg,3297,12.0,train
20130527_180144.jpg,3297,12.0,train
20130527_223121.jpg,3297,12.0,train
20130528_013121.jpg,3297,12.0,train
20130529_050131.jpg,3297,11.0,train
20130529_123116.jpg,3297,10.0,train
20130529_150112.jpg,3297,10.0,train
20130529_153117.jpg,3297,11.0,train
20130529_163116.jpg,3297,11.0,train
20130604_153122.jpg,3297,15.0,train
20130604_190109.jpg,3297,15.0,train
20130604_200115.jpg,3297,17.0,train
20130605_013119.jpg,3297,18.0,train
20130605_020113.jpg,3297,20.0,train
20130605_110116.jpg,3297,15.0,train
20130605_183119.jpg,3297,18.0,train
20130606_183115.jpg,3297,18.0,train
20130606_190114.jpg,3297,16.0,train
20130606_233117.jpg,3297,18.0,train
20130607_020122.jpg,3297,18.0,train
20130607_143121.jpg,3297,17.0,train
20130607_170119.jpg,3297,17.0,train
20130608_023122.jpg,3297,15.0,train
20130608_043123.jpg,3297,14.0,train
20130608_150128.jpg,3297,13.0,train
20130608_160114.jpg,3297,12.0,train
20130608_190127.jpg,3297,14.0,train
20130609_030123.jpg,3297,17.0,train
20130609_140138.jpg,3297,11.0,train
20130610_003115.jpg,3297,19.0,train
20130610_140123.jpg,3297,9.0,train
20130610_143118.jpg,3297,13.0,train
20130610_183117.jpg,3297,17.0,train
20130611_050117.jpg,3297,13.0,train
20130611_130117.jpg,3297,12.0,train
20130611_133113.jpg,3297,11.0,train
20130611_233124.jpg,3297,15.0,train
20130612_120116.jpg,3297,11.0,train
20130612_140115.jpg,3297,11.0,train
20130612_180116.jpg,3297,13.0,train
20130612_203129.jpg,3297,15.0,train
20130613_013112.jpg,3297,17.0,train
20130613_150121.jpg,3297,12.0,train
20130613_163125.jpg,3297,15.0,train
20130613_200129.jpg,3297,16.0,train
20130614_040117.jpg,3297,16.0,train
20130614_123112.jpg,3297,14.0,train
20130614_140120.jpg,3297,13.0,train
20130614_203122.jpg,3297,18.0,train
20130614_223119.jpg,3297,17.0,train
20130615_110117.jpg,3297,10.0,train
20130615_133117.jpg,3297,15.0,train
20130615_150129.jpg,3297,13.0,train
20130616_023117.jpg,3297,19.0,train
20130616_030128.jpg,3297,21.0,train
20130616_153114.jpg,3297,18.0,train
20130616_180113.jpg,3297,18.0,train
20130616_213112.jpg,3297,22.0,train
20130617_153120.jpg,3297,17.0,train
20130617_180126.jpg,3297,17.0,train
20130617_183127.jpg,3297,19.0,train
20130617_190113.jpg,3297,17.0,train
20130618_120115.jpg,3297,12.0,train
20130618_123116.jpg,3297,13.0,train
20130619_113116.jpg,3297,12.0,train
20130619_130121.jpg,3297,12.0,train
20130619_150141.jpg,3297,13.0,train
20130620_150125.jpg,3297,13.0,train
20130620_190118.jpg,3297,14.0,train
20130621_000119.jpg,3297,18.0,train
20130621_010130.jpg,3297,18.0,train
20130621_033122.jpg,3297,17.0,train
20130621_130110.jpg,3297,13.0,train
20130621_140120.jpg,3297,13.0,train
20130621_183114.jpg,3297,17.0,train
20130622_010131.jpg,3297,18.0,train
20130622_140132.jpg,3297,15.0,train
20130623_010130.jpg,3297,16.0,train
20130623_020120.jpg,3297,16.0,train
20130623_130123.jpg,3297,12.0,train
20130623_160129.jpg,3297,16.0,train
20130623_193112.jpg,3297,17.0,train
20130624_020113.jpg,3297,16.0,train
20130624_130129.jpg,3297,16.0,train
20130624_160200.jpg,3297,16.0,train
20130625_123120.jpg,3297,14.0,train
20130625_140118.jpg,3297,14.0,train
20130626_033118.jpg,3297,16.0,train
20130626_130121.jpg,3297,13.0,train
20130627_000120.jpg,3297,16.0,train
20130627_053117.jpg,3297,16.0,train
20130627_180125.jpg,3297,14.0,train
20130627_230128.jpg,3297,16.0,train
20130628_130121.jpg,3297,15.0,train
20130628_160120.jpg,3297,17.0,train
20130628_173120.jpg,3297,17.0,train
20130629_000117.jpg,3297,23.0,train
20130629_123119.jpg,3297,16.0,train
20130629_163118.jpg,3297,19.0,train
20130629_203114.jpg,3297,23.0,train
20130630_053118.jpg,3297,22.0,train
20130630_130140.jpg,3297,16.0,train
20130630_140117.jpg,3297,16.0,train
20130630_210133.jpg,3297,23.0,train
20130630_223133.jpg,3297,27.0,train
20130701_053116.jpg,3297,19.0,train
20130701_130118.jpg,3297,17.0,train
20130702_003115.jpg,3297,22.0,train
20130702_033109.jpg,3297,20.0,train
20130702_043120.jpg,3297,19.0,train
20130702_160117.jpg,3297,18.0,train
20130703_010125.jpg,3297,23.0,train
20130703_020114.jpg,3297,24.0,train
20130703_023118.jpg,3297,20.0,train
20130703_030119.jpg,3297,24.0,train
20130703_103116.jpg,3297,15.0,train
20130704_050116.jpg,3297,18.0,train
20130704_130119.jpg,3297,14.0,train
20130704_153118.jpg,3297,17.0,train
20130704_160115.jpg,3297,16.0,train
20130705_040114.jpg,3297,18.0,train
20130705_043115.jpg,3297,16.0,train
20130705_133118.jpg,3297,16.0,train
20130705_170122.jpg,3297,16.0,train
20130706_043112.jpg,3297,15.0,train
20130706_153112.jpg,3297,17.0,train
20130706_210117.jpg,3297,20.0,train
20130706_220116.jpg,3297,21.0,train
20130707_050121.jpg,3297,18.0,train
20130707_233110.jpg,3297,22.0,train
20130708_010122.jpg,3297,23.0,train
20130708_040125.jpg,3297,24.0,train
20130708_113125.jpg,3297,14.0,train
20130708_210116.jpg,3297,19.0,train
20130709_013118.jpg,3297,21.0,train
20130709_120116.jpg,3297,15.0,train
20130709_133120.jpg,3297,16.0,train
20130709_160116.jpg,3297,16.0,train
20130710_010125.jpg,3297,16.0,train
20130710_050120.jpg,3297,18.0,train
20130710_123115.jpg,3297,14.0,train
20130710_190124.jpg,3297,17.0,train
20130711_010120.jpg,3297,19.0,train
20130711_040124.jpg,3297,17.0,train
20130711_120117.jpg,3297,12.0,train
20130711_143115.jpg,3297,15.0,train
20130711_150121.jpg,3297,13.0,train
20130711_223115.jpg,3297,19.0,train
20130712_033117.jpg,3297,17.0,train
20130712_113121.jpg,3297,13.0,train
20130713_183116.jpg,3297,19.0,train
20130713_190132.jpg,3297,17.0,train
20130714_053116.jpg,3297,17.0,train
20130714_143112.jpg,3297,15.0,train
20130714_150127.jpg,3297,14.0,train
20130714_153129.jpg,3297,16.0,train
20130714_183122.jpg,3297,18.0,train
20130714_223120.jpg,3297,21.0,train
20130715_213117.jpg,3297,25.0,train
20130716_003116.jpg,3297,26.0,train
20130716_023116.jpg,3297,22.0,train
20130716_033117.jpg,3297,23.0,train
20130716_143119.jpg,3297,18.0,train
20130716_233115.jpg,3297,29.0,train
20130717_023121.jpg,3297,19.0,train
20130717_163113.jpg,3297,21.0,train
20130717_200119.jpg,3297,20.0,train
20130718_003116.jpg,3297,24.0,train
20130718_163118.jpg,3297,20.0,train
20130719_003115.jpg,3297,26.0,train
20130719_013128.jpg,3297,25.0,train
20130719_030119.jpg,3297,26.0,train
20130719_160123.jpg,3297,16.0,train
20130719_183119.jpg,3297,21.0,train
20130719_230121.jpg,3297,23.0,train
20130720_023112.jpg,3297,20.0,train
20130720_153112.jpg,3297,18.0,train
20130720_190124.jpg,3297,19.0,train
20130720_203117.jpg,3297,22.0,train
20130720_223120.jpg,3297,23.0,train
20130720_233117.jpg,3297,24.0,train
20130721_170112.jpg,3297,18.0,train
20130721_180125.jpg,3297,19.0,train
20130722_040123.jpg,3297,25.0,train
20130722_133115.jpg,3297,17.0,train
20130722_203113.jpg,3297,23.0,train
20130723_000118.jpg,3297,26.0,train
20130723_013115.jpg,3297,27.0,train
20130723_050119.jpg,3297,24.0,train
20130723_113116.jpg,3297,15.0,train
20130723_133112.jpg,3297,18.0,train
20130723_140130.jpg,3297,15.0,train
20130724_143118.jpg,3297,18.0,train
20130724_170120.jpg,3297,18.0,train
20130724_193113.jpg,3297,24.0,train
20130724_223114.jpg,3297,27.0,train
20130725_143115.jpg,3297,18.0,train
20130725_200134.jpg,3297,21.0,train
20130725_210133.jpg,3297,22.0,train
20130725_220141.jpg,3297,23.0,train
20130726_163120.jpg,3297,18.0,train
20130726_180127.jpg,3297,18.0,train
20130727_040131.jpg,3297,19.0,train
20130727_120126.jpg,3297,15.0,train
20130727_183110.jpg,3297,20.0,train
20130727_193115.jpg,3297,21.0,train
20130728_140144.jpg,3297,13.0,train
20130728_143119.jpg,3297,18.0,train
20130728_190126.jpg,3297,18.0,train
20130729_143112.jpg,3297,18.0,train
20130729_200134.jpg,3297,21.0,train
20130730_000133.jpg,3297,25.0,train
20130730_140119.jpg,3297,13.0,train
20130730_180122.jpg,3297,20.0,train
20130730_190117.jpg,3297,20.0,train
20130731_013120.jpg,3297,23.0,train
20130731_160127.jpg,3297,16.0,train
20130731_183124.jpg,3297,22.0,train
20130801_030123.jpg,3297,21.0,train
20130801_140117.jpg,3297,18.0,train
20130801_200126.jpg,3297,21.0,train
20130801_210114.jpg,3297,22.0,train
20130802_000120.jpg,3297,20.0,train
20130802_040132.jpg,3297,18.0,train
20130802_150115.jpg,3297,17.0,train
20130802_170116.jpg,3297,18.0,train
20130802_190116.jpg,3297,18.0,train
20130803_153117.jpg,3297,17.0,train
20130804_140117.jpg,3297,14.0,train
20130804_203118.jpg,3297,23.0,train
20130805_040116.jpg,3297,25.0,train
20130806_020116.jpg,3297,27.0,train
20130806_033122.jpg,3297,21.0,train
20130806_040124.jpg,3297,25.0,train
20130806_153120.jpg,3297,20.0,train
20130806_183119.jpg,3297,24.0,train
20130806_223120.jpg,3297,27.0,train
20130807_040115.jpg,3297,26.0,train
20130807_140112.jpg,3297,17.0,train
20130807_190120.jpg,3297,23.0,train
20130807_193124.jpg,3297,26.0,train
20130807_210116.jpg,3297,25.0,train
20130808_000121.jpg,3297,26.0,train
20130808_143110.jpg,3297,20.0,train
20130808_160125.jpg,3297,19.0,train
20130808_163112.jpg,3297,21.0,train
20130809_153123.jpg,3297,21.0,train
20130810_043120.jpg,3297,20.0,train
20130810_160116.jpg,3297,17.0,train
20130810_163127.jpg,3297,20.0,train
20130810_213119.jpg,3297,23.0,train
20130810_220119.jpg,3297,21.0,train
20130811_023120.jpg,3297,18.0,train
20130811_160129.jpg,3297,17.0,train
20130811_220116.jpg,3297,19.0,train
20130812_010143.jpg,3297,20.0,train
20130812_133119.jpg,3297,17.0,train
20130812_160113.jpg,3297,17.0,train
20130812_203122.jpg,3297,19.0,train
20130812_213118.jpg,3297,20.0,train
20130813_180116.jpg,3297,19.0,train
20130813_190126.jpg,3297,19.0,train
20130813_203113.jpg,3297,22.0,train
20130814_030126.jpg,3297,19.0,train
20130814_173121.jpg,3297,20.0,train
20130815_003120.jpg,3297,19.0,train
20130815_010119.jpg,3297,20.0,train
20130815_020120.jpg,3297,20.0,train
20130815_160123.jpg,3297,18.0,train
20130815_163125.jpg,3297,19.0,train
20130815_180118.jpg,3297,19.0,train
20130815_183144.jpg,3297,20.0,train
20130815_230121.jpg,3297,20.0,train
20130816_193114.jpg,3297,18.0,train
20130817_140119.jpg,3297,17.0,train
20130817_193119.jpg,3297,22.0,train
20130817_213111.jpg,3297,22.0,train
20130818_150128.jpg,3297,16.0,train
20130818_173112.jpg,3297,19.0,train
20130818_220132.jpg,3297,21.0,train
20130818_230116.jpg,3297,19.0,train
20130819_013119.jpg,3297,20.0,train
20130819_130126.jpg,3297,16.0,train
20130820_210126.jpg,3297,21.0,train
20130821_000145.jpg,3297,24.0,train
20130821_003113.jpg,3297,25.0,train
20130821_020127.jpg,3297,25.0,train
20130821_133114.jpg,3297,15.0,train
20130822_000143.jpg,3297,25.0,train
20130822_183109.jpg,3297,22.0,train
20130822_190115.jpg,3297,20.0,train
20130822_213112.jpg,3297,25.0,train
20130822_223112.jpg,3297,25.0,train
20130823_170118.jpg,3297,19.0,train
20130824_003122.jpg,3297,18.0,train
20130824_023123.jpg,3297,15.0,train
20130824_033129.jpg,3297,15.0,train
20130824_180122.jpg,3297,19.0,train
20130824_200125.jpg,3297,20.0,train
20130825_033115.jpg,3297,16.0,train
20130825_080122.jpg,3297,14.0,train
20130825_123116.jpg,3297,13.0,train
20130825_130119.jpg,3297,12.0,train
20130825_140121.jpg,3297,11.0,train
20130827_033115.jpg,3297,15.0,train
20130827_160112.jpg,3297,14.0,train
20130827_183112.jpg,3297,17.0,train
20130827_200121.jpg,3297,15.0,train
20130828_033116.jpg,3297,16.0,train
20130828_173114.jpg,3297,16.0,train
20130828_210120.jpg,3297,17.0,train
20130829_013116.jpg,3297,17.0,train
20130829_160120.jpg,3297,16.0,train
20130830_000117.jpg,3297,18.0,train
20130830_160129.jpg,3297,15.0,train
20130830_180137.jpg,3297,16.0,train
20130830_220115.jpg,3297,18.0,train
20130830_233130.jpg,3297,18.0,train
20130831_153121.jpg,3297,14.0,train
20130831_193126.jpg,3297,19.0,train
20130901_140123.jpg,3297,13.0,train
20130901_180122.jpg,3297,18.0,train
20130902_153129.jpg,3297,19.0,train
20130902_173111.jpg,3297,20.0,train
20130903_013117.jpg,3297,18.0,train
20130903_023118.jpg,3297,17.0,train
20130903_163117.jpg,3297,17.0,train
20130904_100116.jpg,3297,14.0,train
20130904_130115.jpg,3297,14.0,train
20130905_090121.jpg,3297,17.0,train
20130905_140135.jpg,3297,15.0,train
20130906_133118.jpg,3297,15.0,train
20130906_170127.jpg,3297,17.0,train
20130906_233118.jpg,3297,20.0,train
20130907_000116.jpg,3297,21.0,train
20130908_193122.jpg,3297,20.0,train
20130908_203115.jpg,3297,20.0,train
20130909_010122.jpg,3297,22.0,train
20130910_010135.jpg,3297,24.0,train
20130910_170125.jpg,3297,15.0,train
20130910_180119.jpg,3297,16.0,train
20130911_030117.jpg,3297,25.0,train
20130911_133118.jpg,3297,15.0,train
20130911_143124.jpg,3297,18.0,train
20130911_170122.jpg,3297,18.0,train
20130911_193112.jpg,3297,23.0,train
20130911_223114.jpg,3297,26.0,train
20130912_143119.jpg,3297,19.0,train
20130912_173119.jpg,3297,23.0,train
20130912_210120.jpg,3297,24.0,train
20130912_220122.jpg,3297,25.0,train
20130912_233117.jpg,3297,26.0,train
20130913_170126.jpg,3297,18.0,train
20130913_220116.jpg,3297,22.0,train
20130913_230117.jpg,3297,22.0,train
20130913_233115.jpg,3297,21.0,train
20130914_143115.jpg,3297,16.0,train
20130914_220126.jpg,3297,17.0,train
20130915_143122.jpg,3297,15.0,train
20130915_160116.jpg,3297,14.0,train
20130916_150129.jpg,3297,14.0,train
20130916_160115.jpg,3297,14.0,train
20130916_210117.jpg,3297,15.0,train
20130917_160125.jpg,3297,12.0,train
20130917_213112.jpg,3297,19.0,train
20130918_013115.jpg,3297,16.0,train
20130918_133122.jpg,3297,10.0,train
20130918_180118.jpg,3297,15.0,train
20130918_200114.jpg,3297,16.0,train
20130919_023115.jpg,3297,17.0,train
20130919_163121.jpg,3297,16.0,train
20130920_013112.jpg,3297,13.0,train
20130921_030113.jpg,3297,15.0,train
20130922_010131.jpg,3297,14.0,train
20130922_023111.jpg,3297,14.0,train
20130922_153117.jpg,3297,13.0,train
20130922_160118.jpg,3297,13.0,train
20130922_200113.jpg,3297,13.0,train
20130923_020131.jpg,3297,14.0,train
20130923_160125.jpg,3297,11.0,train
20130924_020127.jpg,3297,11.0,train
20130924_153114.jpg,3297,11.0,train
20130924_213121.jpg,3297,12.0,train
20130924_223117.jpg,3297,11.0,train
20130924_230114.jpg,3297,13.0,train
20130925_143120.jpg,3297,10.0,train
20130925_210124.jpg,3297,14.0,train
20130926_003120.jpg,3297,13.0,train
20130926_023122.jpg,3297,12.0,train
20130926_180121.jpg,3297,12.0,train
20130926_233119.jpg,3297,15.0,train
20130927_160121.jpg,3297,10.0,train
20130928_023112.jpg,3297,12.0,train
20130929_013121.jpg,3297,10.0,train
20130929_140114.jpg,3297,11.0,train
20130929_160128.jpg,3297,10.0,train
20130930_193119.jpg,3297,12.0,train
20131001_000123.jpg,3297,10.0,train
20131001_163117.jpg,3297,11.0,train
20131001_193119.jpg,3297,10.0,train
20131001_203112.jpg,3297,10.0,train
20131001_220125.jpg,3297,10.0,train
20131002_190119.jpg,3297,12.0,train
20131002_230113.jpg,3297,11.0,train
20131003_170122.jpg,3297,7.0,train
20131003_193116.jpg,3297,11.0,train
20131004_023116.jpg,3297,11.0,train
20131004_223118.jpg,3297,12.0,train
20131005_000121.jpg,3297,13.0,train
20131005_210128.jpg,3297,12.0,train
20131005_220114.jpg,3297,12.0,train
20131006_203116.jpg,3297,16.0,train
20131007_020115.jpg,3297,12.0,train
20131007_143121.jpg,3297,13.0,train
20131007_160126.jpg,3297,12.0,train
20131007_170117.jpg,3297,13.0,train
20131007_210125.jpg,3297,14.0,train
20131008_180129.jpg,3297,11.0,train
20131008_233120.jpg,3297,13.0,train
20131011_020125.jpg,3297,10.0,train
20131012_203123.jpg,3297,12.0,train
20131012_233112.jpg,3297,12.0,train
20131013_020117.jpg,3297,12.0,train
20131014_220118.jpg,3297,12.0,train
20131016_230123.jpg,3297,12.0,train
20131016_233120.jpg,3297,11.0,train
20131018_000121.jpg,3297,9.0,train
20131018_040117.jpg,3297,7.0,train
20131018_150128.jpg,3297,7.0,train
20131018_153117.jpg,3297,7.0,train
20131019_003119.jpg,3297,8.0,train
20131019_013117.jpg,3297,7.0,train
20131019_200121.jpg,3297,8.0,train
20131020_003113.jpg,3297,7.0,train
20131020_010116.jpg,3297,8.0,train
20131020_040119.jpg,3297,7.0,train
20131020_150117.jpg,3297,7.0,train
20131020_233121.jpg,3297,8.0,train
20131021_020120.jpg,3297,8.0,train
20131021_223117.jpg,3297,8.0,train
20131023_150118.jpg,3297,5.0,train
20131023_183109.jpg,3297,9.0,train
20131024_013120.jpg,3297,8.0,train
20131024_063112.jpg,3297,7.0,train
20131025_170131.jpg,3297,8.0,train
20131026_150120.jpg,3297,9.0,train
20131026_210114.jpg,3297,10.0,train
20131027_010118.jpg,3297,18.0,train
20131027_143115.jpg,3297,12.0,train
20131028_003110.jpg,3297,9.0,train
20131028_143119.jpg,3297,11.0,train
20131028_193109.jpg,3297,15.0,train
20131029_010115.jpg,3297,10.0,train
20131029_220117.jpg,3297,11.0,train
20131030_203111.jpg,3297,10.0,train
20131031_010121.jpg,3297,10.0,train
20131031_193120.jpg,3297,11.0,train
20131031_230114.jpg,3297,11.0,train
20131101_010123.jpg,3297,10.0,train
20131101_180113.jpg,3297,11.0,train
20131102_220120.jpg,3297,10.0,train
20131102_223127.jpg,3297,11.0,train
20131103_003125.jpg,3297,5.0,train
20131103_013110.jpg,3297,5.0,train
20131103_103115.jpg,3297,6.0,train
20131103_203120.jpg,3297,10.0,train
20131103_213119.jpg,3297,9.0,train
20131103_220120.jpg,3297,10.0,train
20131103_230123.jpg,3297,10.0,train
20131104_103116.jpg,3297,-1.0,train
20131104_163113.jpg,3297,6.0,train
20131104_180121.jpg,3297,5.0,train
20131104_203112.jpg,3297,7.0,train
20131105_073124.jpg,3297,5.0,train
20131105_173115.jpg,3297,6.0,train
20131105_190113.jpg,3297,6.0,train
20131106_063114.jpg,3297,7.0,train
20131106_200119.jpg,3297,8.0,train
20131106_203112.jpg,3297,8.0,train
20131107_050118.jpg,3297,8.0,train
20131107_070119.jpg,3297,8.0,train
20131107_100118.jpg,3297,8.0,train
20131107_113115.jpg,3297,8.0,train
20131107_180115.jpg,3297,10.0,train
20131107_190119.jpg,3297,10.0,train
20131108_150116.jpg,3297,4.0,train
20131109_000114.jpg,3297,7.0,train
20131109_010111.jpg,3297,7.0,train
20131109_043117.jpg,3297,7.0,train
20131109_123119.jpg,3297,7.0,train
20131109_140111.jpg,3297,7.0,train
20131109_220118.jpg,3297,7.0,train
20131110_123114.jpg,3297,6.0,train
20131110_143116.jpg,3297,7.0,train
20131110_180118.jpg,3297,7.0,train
20131111_013112.jpg,3297,7.0,train
20131111_083112.jpg,3297,5.0,train
20131111_100120.jpg,3297,5.0,train
20131111_170116.jpg,3297,6.0,train
20131112_010126.jpg,3297,11.0,train
20131112_090114.jpg,3297,8.0,train
20131112_220113.jpg,3297,11.0,train
20131112_230118.jpg,3297,11.0,train
20131113_110122.jpg,3297,8.0,train
20131114_070115.jpg,3297,6.0,train
20131114_083112.jpg,3297,8.0,train
20131114_160115.jpg,3297,6.0,train
20131114_163119.jpg,3297,9.0,train
20131114_190116.jpg,3297,9.0,train
20131115_200118.jpg,3297,7.0,train
20131116_010115.jpg,3297,6.0,train
20131116_173118.jpg,3297,8.0,train
20131116_210116.jpg,3297,9.0,train
20131116_230122.jpg,3297,7.0,train
20131117_073115.jpg,3297,5.0,train
20131117_080114.jpg,3297,1.0,train
20131117_123114.jpg,3297,4.0,train
20131117_143118.jpg,3297,4.0,train
20131117_230121.jpg,3297,8.0,train
20131118_090123.jpg,3297,4.0,train
20131118_150117.jpg,3297,4.0,train
20131118_210121.jpg,3297,6.0,train
20131118_213114.jpg,3297,5.0,train
20131119_173121.jpg,3297,5.0,train
20131120_033112.jpg,3297,-2.0,train
20131120_053110.jpg,3297,-2.0,train
20131120_063115.jpg,3297,-2.0,train
20131120_110118.jpg,3297,-1.0,train
20131120_143121.jpg,3297,0.0,train
20131121_053120.jpg,3297,0.0,train
20131121_080115.jpg,3297,-2.0,train
20131121_103127.jpg,3297,-2.0,train
20131121_120112.jpg,3297,-1.0,train
20131122_020118.jpg,3297,1.0,train
20131122_033111.jpg,3297,1.0,train
20131122_153121.jpg,3297,2.0,train
20131123_040113.jpg,3297,3.0,train
20131123_053126.jpg,3297,1.0,train
20131123_100119.jpg,3297,0.0,train
20131123_143123.jpg,3297,3.0,train
20131123_220131.jpg,3297,6.0,train
20131124_010119.jpg,3297,5.0,train
20131124_130122.jpg,3297,1.0,train
20131124_133118.jpg,3297,1.0,train
20131124_153123.jpg,3297,4.0,train
20131124_183124.jpg,3297,8.0,train
20131124_223110.jpg,3297,5.0,train
20131125_080114.jpg,3297,1.0,train
20131125_230113.jpg,3297,7.0,train
20131126_040112.jpg,3297,7.0,train
20131126_163122.jpg,3297,6.0,train
20131126_190115.jpg,3297,6.0,train
20131126_203110.jpg,3297,7.0,train
20131127_040117.jpg,3297,4.0,train
20131127_183114.jpg,3297,8.0,train
20131127_220117.jpg,3297,8.0,train
20131128_210123.jpg,3297,9.0,train
20131128_220129.jpg,3297,8.0,train
20131129_160124.jpg,3297,7.0,train
20131129_203118.jpg,3297,8.0,train
20131129_230122.jpg,3297,8.0,train
20131130_213118.jpg,3297,8.0,train
20131201_163108.jpg,3297,8.0,train
20131201_223112.jpg,3297,5.0,train
20131202_183126.jpg,3297,6.0,train
20131203_000119.jpg,3297,4.0,train
20131203_160116.jpg,3297,0.0,train
20131203_180122.jpg,3297,3.0,train
20131204_173122.jpg,3297,4.0,train
20131204_180111.jpg,3297,1.0,train
20131204_210120.jpg,3297,4.0,train
20131205_010115.jpg,3297,0.0,train
20131205_193117.jpg,3297,0.0,train
20131206_120114.jpg,3297,-2.0,train
20131206_173113.jpg,3297,-2.0,train
20131206_230117.jpg,3297,-1.0,train
20131207_170119.jpg,3297,-6.0,train
20131208_033118.jpg,3297,-3.0,train
20131208_050114.jpg,3297,-3.0,train
20131208_130123.jpg,3297,-5.0,train
20131208_173118.jpg,3297,-1.0,train
20131209_060121.jpg,3297,-1.0,train
20131209_070119.jpg,3297,-1.0,train
20131209_090116.jpg,3297,-3.0,train
20131209_120125.jpg,3297,-2.0,train
20131209_210117.jpg,3297,0.0,train
20131210_123119.jpg,3297,0.0,train
20131210_160119.jpg,3297,0.0,train
20131210_203125.jpg,3297,1.0,train
20131211_013112.jpg,3297,2.0,train
20131211_020111.jpg,3297,3.0,train
20131211_103123.jpg,3297,2.0,train
20131211_120118.jpg,3297,2.0,train
20131211_123111.jpg,3297,2.0,train
20131211_203122.jpg,3297,3.0,train
20131211_230113.jpg,3297,3.0,train
20131212_140119.jpg,3297,5.0,train
20131212_200128.jpg,3297,5.0,train
20131213_103122.jpg,3297,6.0,train
20131213_150114.jpg,3297,5.0,train
20131214_003114.jpg,3297,8.0,train
20131214_093124.jpg,3297,7.0,train
20131215_020117.jpg,3297,7.0,train
20131215_023115.jpg,3297,5.0,train
20131215_070112.jpg,3297,3.0,train
20131215_090115.jpg,3297,8.0,train
20131215_170118.jpg,3297,8.0,train
20131215_180113.jpg,3297,8.0,train
20131217_003117.jpg,3297,7.0,train
20131217_220123.jpg,3297,7.0,train
20131218_000114.jpg,3297,5.0,train
20131218_113120.jpg,3297,3.0,train
20131218_203117.jpg,3297,5.0,train
20131219_020114.jpg,3297,2.0,train
20131219_023123.jpg,3297,0.0,train
20131219_153120.jpg,3297,1.0,train
20131219_193113.jpg,3297,2.0,train
20131219_200123.jpg,3297,2.0,train
20131220_020120.jpg,3297,1.0,train
20131220_090117.jpg,3297,1.0,train
20131221_010122.jpg,3297,4.0,train
20131221_033120.jpg,3297,3.0,train
20131221_140121.jpg,3297,2.0,train
20131221_163119.jpg,3297,4.0,train
20131222_023116.jpg,3297,5.0,train
20131222_040122.jpg,3297,5.0,train
20131222_083120.jpg,3297,4.0,train
20131222_140123.jpg,3297,3.0,train
20131222_153111.jpg,3297,3.0,train
20131223_060111.jpg,3297,2.0,train
20131223_123116.jpg,3297,6.0,train
20131223_130110.jpg,3297,7.0,train
20131223_193118.jpg,3297,7.0,train
20131224_120130.jpg,3297,1.0,train
20131224_163114.jpg,3297,5.0,train
20131224_170114.jpg,3297,4.0,train
20131225_020111.jpg,3297,5.0,train
20131225_073120.jpg,3297,5.0,train
20131225_083119.jpg,3297,3.0,train
20131225_090121.jpg,3297,2.0,train
20131226_000112.jpg,3297,7.0,train
20131226_020123.jpg,3297,6.0,train
20131226_083112.jpg,3297,6.0,train
20131226_170119.jpg,3297,6.0,train
20131226_193113.jpg,3297,7.0,train
20131226_203119.jpg,3297,7.0,train
20131227_010122.jpg,3297,6.0,train
20131227_090111.jpg,3297,6.0,train
20131227_143118.jpg,3297,7.0,train
20131227_150110.jpg,3297,7.0,train
20131227_160114.jpg,3297,7.0,train
20131228_010132.jpg,3297,5.0,train
20131228_170125.jpg,3297,4.0,train
20131228_173118.jpg,3297,6.0,train
20131228_233122.jpg,3297,5.0,train
20131229_193117.jpg,3297,5.0,train
20131230_173118.jpg,3297,7.0,train
20131231_233110.jpg,3297,6.0,train
20130101_061358.jpg,3888,5.0,train
20130101_074230.jpg,3888,10.0,train
20130101_134235.jpg,3888,13.0,train
20130101_154400.jpg,3888,12.0,train
20130101_231353.jpg,3888,10.0,train
20130102_074224.jpg,3888,9.0,train
20130102_151220.jpg,3888,10.0,train
20130102_151358.jpg,3888,10.0,train
20130102_164400.jpg,3888,9.0,train
20130102_174223.jpg,3888,9.0,train
20130103_131228.jpg,3888,14.0,train
20130103_171224.jpg,3888,11.0,train
20130103_201354.jpg,3888,11.0,train
20130103_214359.jpg,3888,12.0,train
20130103_231402.jpg,3888,12.0,train
20130104_001354.jpg,3888,13.0,train
20130104_044232.jpg,3888,12.0,train
20130104_124228.jpg,3888,19.0,train
20130104_204355.jpg,3888,15.0,train
20130104_221222.jpg,3888,16.0,train
20130105_054226.jpg,3888,15.0,train
20130105_084228.jpg,3888,18.0,train
20130105_131229.jpg,3888,20.0,train
20130105_154231.jpg,3888,18.0,train
20130105_201229.jpg,3888,15.0,train
20130106_024353.jpg,3888,14.0,train
20130106_071230.jpg,3888,15.0,train
20130106_114223.jpg,3888,21.0,train
20130106_181356.jpg,3888,17.0,train
20130106_194315.jpg,3888,17.0,train
20130107_061226.jpg,3888,18.0,train
20130107_091353.jpg,3888,20.0,train
20130107_101232.jpg,3888,19.0,train
20130107_154353.jpg,3888,12.0,train
20130107_191357.jpg,3888,7.0,train
20130108_164351.jpg,3888,5.0,train
20130108_171351.jpg,3888,12.0,train
20130108_211230.jpg,3888,7.0,train
20130108_214350.jpg,3888,7.0,train
20130108_224357.jpg,3888,7.0,train
20130109_004352.jpg,3888,4.0,train
20130109_034352.jpg,3888,2.0,train
20130109_094350.jpg,3888,5.0,train
20130109_104230.jpg,3888,7.0,train
20130109_111350.jpg,3888,8.0,train
20130110_124355.jpg,3888,14.0,train
20130110_134434.jpg,3888,14.0,train
20130110_171223.jpg,3888,14.0,train
20130110_184356.jpg,3888,14.0,train
20130110_194359.jpg,3888,14.0,train
20130111_021224.jpg,3888,10.0,train
20130111_051356.jpg,3888,9.0,train
20130111_144222.jpg,3888,12.0,train
20130111_191358.jpg,3888,9.0,train
20130111_221349.jpg,3888,5.0,train
20130112_064401.jpg,3888,0.0,train
20130112_071359.jpg,3888,0.0,train
20130112_124225.jpg,3888,12.0,train
20130112_184229.jpg,3888,5.0,train
20130112_204351.jpg,3888,5.0,train
20130113_004357.jpg,3888,6.0,train
20130113_161225.jpg,3888,8.0,train
20130113_174223.jpg,3888,8.0,train
20130113_181224.jpg,3888,7.0,train
20130113_224358.jpg,3888,7.0,train
20130114_031358.jpg,3888,8.0,train
20130114_081232.jpg,3888,7.0,train
20130114_084223.jpg,3888,5.0,train
20130114_084355.jpg,3888,5.0,train
20130114_181357.jpg,3888,5.0,train
20130115_014359.jpg,3888,2.0,train
20130115_041222.jpg,3888,3.0,train
20130115_134354.jpg,3888,7.0,train
20130115_141219.jpg,3888,8.0,train
20130115_171230.jpg,3888,7.0,train
20130116_051226.jpg,3888,4.0,train
20130116_064349.jpg,3888,4.0,train
20130116_091223.jpg,3888,4.0,train
20130116_094229.jpg,3888,4.0,train
20130116_154229.jpg,3888,2.0,train
20130117_054230.jpg,3888,4.0,train
20130117_061355.jpg,3888,4.0,train
20130117_071231.jpg,3888,4.0,train
20130117_111349.jpg,3888,6.0,train
20130117_201359.jpg,3888,4.0,train
20130118_041221.jpg,3888,2.0,train
20130118_061356.jpg,3888,2.0,train
20130118_071232.jpg,3888,3.0,train
20130118_191223.jpg,3888,6.0,train
20130118_231359.jpg,3888,5.0,train
20130119_004401.jpg,3888,5.0,train
20130119_021351.jpg,3888,4.0,train
20130119_051228.jpg,3888,3.0,train
20130119_061356.jpg,3888,4.0,train
20130119_104226.jpg,3888,5.0,train
20130120_011223.jpg,3888,10.0,train
20130120_041220.jpg,3888,8.0,train
20130120_081356.jpg,3888,8.0,train
20130120_214219.jpg,3888,4.0,train
20130120_221350.jpg,3888,4.0,train
20130121_011223.jpg,3888,4.0,train
20130121_104401.jpg,3888,10.0,train
20130121_131223.jpg,3888,12.0,train
20130121_211352.jpg,3888,7.0,train
20130121_221358.jpg,3888,7.0,train
20130122_051228.jpg,3888,0.0,train
20130122_151354.jpg,3888,9.0,train
20130122_161220.jpg,3888,9.0,train
20130122_171350.jpg,3888,7.0,train
20130122_191231.jpg,3888,8.0,train
20130123_014354.jpg,3888,7.0,train
20130123_054221.jpg,3888,7.0,train
20130123_071350.jpg,3888,8.0,train
20130123_124224.jpg,3888,9.0,train
20130123_211357.jpg,3888,8.0,train
20130124_014227.jpg,3888,6.0,train
20130124_024406.jpg,3888,5.0,train
20130124_051351.jpg,3888,4.0,train
20130124_074400.jpg,3888,4.0,train
20130124_234355.jpg,3888,7.0,train
20130125_031225.jpg,3888,6.0,train
20130125_044225.jpg,3888,5.0,train
20130125_131228.jpg,3888,12.0,train
20130125_134353.jpg,3888,12.0,train
20130125_204353.jpg,3888,9.0,train
20130126_034224.jpg,3888,3.0,train
20130126_054353.jpg,3888,4.0,train
20130126_061226.jpg,3888,4.0,train
20130126_114355.jpg,3888,6.0,train
20130126_224403.jpg,3888,10.0,train
20130127_004354.jpg,3888,9.0,train
20130127_124228.jpg,3888,10.0,train
20130127_144349.jpg,3888,9.0,train
20130127_164515.jpg,3888,9.0,train
20130127_234226.jpg,3888,8.0,train
20130128_001228.jpg,3888,9.0,train
20130128_044230.jpg,3888,10.0,train
20130128_101356.jpg,3888,10.0,train
20130128_141358.jpg,3888,13.0,train
20130128_224229.jpg,3888,9.0,train
20130129_004359.jpg,3888,6.0,train
20130129_054222.jpg,3888,6.0,train
20130129_101231.jpg,3888,13.0,train
20130129_214228.jpg,3888,8.0,train
20130129_234349.jpg,3888,7.0,train
20130130_011231.jpg,3888,7.0,train
20130130_031349.jpg,3888,6.0,train
20130130_104351.jpg,3888,14.0,train
20130130_151228.jpg,3888,18.0,train
20130130_194400.jpg,3888,16.0,train
20130131_004238.jpg,3888,15.0,train
20130131_111227.jpg,3888,15.0,train
20130131_191224.jpg,3888,16.0,train
20130131_231400.jpg,3888,14.0,train
20130131_234219.jpg,3888,15.0,train
20130201_064348.jpg,3888,9.0,train
20130201_104232.jpg,3888,18.0,train
20130201_134223.jpg,3888,19.0,train
20130201_141225.jpg,3888,18.0,train
20130201_224358.jpg,3888,11.0,train
20130202_011350.jpg,3888,12.0,train
20130202_044228.jpg,3888,9.0,train
20130202_091227.jpg,3888,8.0,train
20130202_101228.jpg,3888,9.0,train
20130202_144224.jpg,3888,9.0,train
20130203_001222.jpg,3888,6.0,train
20130203_004358.jpg,3888,6.0,train
20130203_044354.jpg,3888,5.0,train
20130203_064227.jpg,3888,4.0,train
20130203_221220.jpg,3888,7.0,train
20130204_134353.jpg,3888,15.0,train
20130204_174356.jpg,3888,15.0,train
20130204_191223.jpg,3888,14.0,train
20130204_191348.jpg,3888,14.0,train
20130204_231218.jpg,3888,13.0,train
20130205_041357.jpg,3888,13.0,train
20130205_101223.jpg,3888,15.0,train
20130205_111402.jpg,3888,15.0,train
20130205_114228.jpg,3888,16.0,train
20130205_191226.jpg,3888,13.0,train
20130206_034235.jpg,3888,7.0,train
20130206_114349.jpg,3888,10.0,train
20130206_184228.jpg,3888,7.0,train
20130206_184355.jpg,3888,7.0,train
20130206_194355.jpg,3888,5.0,train
20130207_041226.jpg,3888,5.0,train
20130207_164353.jpg,3888,7.0,train
20130207_194227.jpg,3888,6.0,train
20130207_194352.jpg,3888,6.0,train
20130207_231227.jpg,3888,5.0,train
20130208_041349.jpg,3888,5.0,train
20130208_071238.jpg,3888,4.0,train
20130208_114225.jpg,3888,7.0,train
20130208_134226.jpg,3888,7.0,train
20130208_234350.jpg,3888,5.0,train
20130209_011357.jpg,3888,4.0,train
20130209_014355.jpg,3888,4.0,train
20130209_054354.jpg,3888,3.0,train
20130209_081227.jpg,3888,3.0,train
20130209_161400.jpg,3888,7.0,train
20130210_014232.jpg,3888,5.0,train
20130210_071353.jpg,3888,6.0,train
20130210_084356.jpg,3888,6.0,train
20130210_144352.jpg,3888,12.0,train
20130210_231230.jpg,3888,5.0,train
20130211_031223.jpg,3888,8.0,train
20130211_044229.jpg,3888,8.0,train
20130211_084225.jpg,3888,7.0,train
20130211_134349.jpg,3888,9.0,train
20130211_221359.jpg,3888,6.0,train
20130212_011355.jpg,3888,7.0,train
20130212_031355.jpg,3888,6.0,train
20130212_151223.jpg,3888,11.0,train
20130212_151358.jpg,3888,11.0,train
20130212_201350.jpg,3888,8.0,train
20130213_011400.jpg,3888,7.0,train
20130213_061400.jpg,3888,8.0,train
20130213_094223.jpg,3888,10.0,train
20130213_104353.jpg,3888,9.0,train
20130213_224226.jpg,3888,8.0,train
20130214_074226.jpg,3888,9.0,train
20130214_094401.jpg,3888,11.0,train
20130214_111402.jpg,3888,13.0,train
20130214_161222.jpg,3888,12.0,train
20130214_214228.jpg,3888,13.0,train
20130215_044352.jpg,3888,10.0,train
20130215_091231.jpg,3888,9.0,train
20130215_111227.jpg,3888,11.0,train
20130215_134231.jpg,3888,13.0,train
20130215_184353.jpg,3888,10.0,train
20130216_121358.jpg,3888,13.0,train
20130216_151357.jpg,3888,12.0,train
20130216_161350.jpg,3888,12.0,train
20130216_184228.jpg,3888,6.0,train
20130216_194230.jpg,3888,4.0,train
20130217_014401.jpg,3888,2.0,train
20130217_124226.jpg,3888,8.0,train
20130217_161356.jpg,3888,8.0,train
20130217_181227.jpg,3888,7.0,train
20130217_221234.jpg,3888,6.0,train
20130218_021224.jpg,3888,8.0,train
20130218_074403.jpg,3888,9.0,train
20130218_091351.jpg,3888,9.0,train
20130218_151354.jpg,3888,11.0,train
20130218_224222.jpg,3888,9.0,train
20130219_034351.jpg,3888,8.0,train
20130219_054222.jpg,3888,7.0,train
20130219_104355.jpg,3888,13.0,train
20130219_171231.jpg,3888,11.0,train
20130219_204359.jpg,3888,7.0,train
20130220_034225.jpg,3888,2.0,train
20130220_034403.jpg,3888,2.0,train
20130220_044357.jpg,3888,2.0,train
20130220_081230.jpg,3888,4.0,train
20130220_214228.jpg,3888,10.0,train
20130221_041352.jpg,3888,6.0,train
20130221_044351.jpg,3888,5.0,train
20130221_054227.jpg,3888,1.0,train
20130221_064226.jpg,3888,1.0,train
20130221_181227.jpg,3888,8.0,train
20130222_024350.jpg,3888,4.0,train
20130222_114225.jpg,3888,8.0,train
20130222_184226.jpg,3888,6.0,train
20130222_211350.jpg,3888,5.0,train
20130222_231225.jpg,3888,5.0,train
20130223_111224.jpg,3888,2.0,train
20130223_151229.jpg,3888,2.0,train
20130223_154226.jpg,3888,2.0,train
20130223_174228.jpg,3888,1.0,train
20130223_211354.jpg,3888,0.0,train
20130224_001225.jpg,3888,-0.0,train
20130224_041222.jpg,3888,0.0,train
20130224_054224.jpg,3888,0.0,train
20130224_081400.jpg,3888,0.0,train
20130224_114351.jpg,3888,3.0,train
20130225_004225.jpg,3888,2.0,train
20130225_011226.jpg,3888,2.0,train
20130225_031352.jpg,3888,2.0,train
20130225_051222.jpg,3888,3.0,train
20130225_224353.jpg,3888,2.0,train
20130226_061231.jpg,3888,1.0,train
20130226_064225.jpg,3888,1.0,train
20130226_154223.jpg,3888,9.0,train
20130226_194230.jpg,3888,5.0,train
20130226_234345.jpg,3888,4.0,train
20130227_084229.jpg,3888,4.0,train
20130227_144230.jpg,3888,10.0,train
20130227_171229.jpg,3888,9.0,train
20130227_204353.jpg,3888,3.0,train
20130227_211222.jpg,3888,5.0,train
20130228_001358.jpg,3888,2.0,train
20130228_134226.jpg,3888,7.0,train
20130228_154221.jpg,3888,9.0,train
20130228_201228.jpg,3888,6.0,train
20130228_204227.jpg,3888,7.0,train
20130301_041402.jpg,3888,7.0,train
20130301_071232.jpg,3888,6.0,train
20130301_081223.jpg,3888,6.0,train
20130301_221227.jpg,3888,11.0,train
20130301_231354.jpg,3888,11.0,train
20130302_054225.jpg,3888,11.0,train
20130302_091228.jpg,3888,10.0,train
20130302_104349.jpg,3888,15.0,train
20130302_154359.jpg,3888,14.0,train
20130302_164227.jpg,3888,13.0,train
20130303_111350.jpg,3888,8.0,train
20130303_114356.jpg,3888,8.0,train
20130303_141355.jpg,3888,9.0,train
20130303_191227.jpg,3888,9.0,train
20130303_234228.jpg,3888,7.0,train
20130304_081400.jpg,3888,9.0,train
20130304_124356.jpg,3888,14.0,train
20130304_141226.jpg,3888,14.0,train
20130304_181354.jpg,3888,12.0,train
20130304_224225.jpg,3888,12.0,train
20130305_034353.jpg,3888,12.0,train
20130305_111235.jpg,3888,11.0,train
20130305_121352.jpg,3888,12.0,train
20130305_154350.jpg,3888,12.0,train
20130305_161354.jpg,3888,12.0,train
20130306_014226.jpg,3888,11.0,train
20130306_014359.jpg,3888,11.0,train
20130306_031235.jpg,3888,11.0,train
20130306_134400.jpg,3888,12.0,train
20130306_204357.jpg,3888,11.0,train
20130307_001359.jpg,3888,10.0,train
20130307_004357.jpg,3888,11.0,train
20130307_014226.jpg,3888,11.0,train
20130307_074352.jpg,3888,11.0,train
20130307_221237.jpg,3888,12.0,train
20130308_011225.jpg,3888,12.0,train
20130308_024225.jpg,3888,13.0,train
20130308_074358.jpg,3888,15.0,train
20130308_144349.jpg,3888,19.0,train
20130308_194359.jpg,3888,13.0,train
20130309_031223.jpg,3888,11.0,train
20130309_124355.jpg,3888,19.0,train
20130309_151358.jpg,3888,17.0,train
20130309_201222.jpg,3888,12.0,train
20130309_201357.jpg,3888,12.0,train
20130310_004357.jpg,3888,11.0,train
20130310_061356.jpg,3888,8.0,train
20130310_114402.jpg,3888,15.0,train
20130310_121352.jpg,3888,15.0,train
20130310_191357.jpg,3888,12.0,train
20130311_011355.jpg,3888,9.0,train
20130311_051358.jpg,3888,11.0,train
20130311_054221.jpg,3888,11.0,train
20130311_061228.jpg,3888,10.0,train
20130311_231227.jpg,3888,9.0,train
20130312_014349.jpg,3888,11.0,train
20130312_081228.jpg,3888,10.0,train
20130312_124230.jpg,3888,14.0,train
20130312_171225.jpg,3888,12.0,train
20130312_211221.jpg,3888,9.0,train
20130313_064220.jpg,3888,6.0,train
20130313_201351.jpg,3888,3.0,train
20130313_221357.jpg,3888,4.0,train
20130313_224222.jpg,3888,4.0,train
20130313_234225.jpg,3888,4.0,train
20130314_074354.jpg,3888,4.0,train
20130314_084352.jpg,3888,5.0,train
20130314_091228.jpg,3888,5.0,train
20130314_184226.jpg,3888,5.0,train
20130314_191355.jpg,3888,6.0,train
20130315_011227.jpg,3888,4.0,train
20130315_051223.jpg,3888,3.0,train
20130315_054229.jpg,3888,3.0,train
20130315_184353.jpg,3888,10.0,train
20130315_221357.jpg,3888,10.0,train
20130316_054232.jpg,3888,1.0,train
20130316_061356.jpg,3888,0.0,train
20130316_091355.jpg,3888,7.0,train
20130316_101355.jpg,3888,11.0,train
20130316_144357.jpg,3888,17.0,train
20130317_061228.jpg,3888,8.0,train
20130317_071356.jpg,3888,10.0,train
20130317_094356.jpg,3888,14.0,train
20130317_154232.jpg,3888,15.0,train
20130317_224403.jpg,3888,10.0,train
20130318_014358.jpg,3888,8.0,train
20130318_021224.jpg,3888,8.0,train
20130318_141359.jpg,3888,14.0,train
20130318_204223.jpg,3888,8.0,train
20130318_231222.jpg,3888,8.0,train
20130319_024353.jpg,3888,5.0,train
20130319_031224.jpg,3888,4.0,train
20130319_064405.jpg,3888,4.0,train
20130319_101222.jpg,3888,12.0,train
20130319_171224.jpg,3888,12.0,train
20130320_051406.jpg,3888,10.0,train
20130320_091231.jpg,3888,11.0,train
20130320_144358.jpg,3888,14.0,train
20130320_161401.jpg,3888,15.0,train
20130320_191230.jpg,3888,11.0,train
20130321_034352.jpg,3888,5.0,train
20130321_091351.jpg,3888,13.0,train
20130321_164353.jpg,3888,13.0,train
20130321_221227.jpg,3888,10.0,train
20130321_231224.jpg,3888,10.0,train
20130322_004230.jpg,3888,7.0,train
20130322_011220.jpg,3888,8.0,train
20130322_024228.jpg,3888,9.0,train
20130322_134224.jpg,3888,12.0,train
20130322_201350.jpg,3888,12.0,train
20130323_041221.jpg,3888,10.0,train
20130323_094221.jpg,3888,12.0,train
20130323_111229.jpg,3888,13.0,train
20130323_111352.jpg,3888,13.0,train
20130323_211228.jpg,3888,12.0,train
20130324_044219.jpg,3888,11.0,train
20130324_074400.jpg,3888,11.0,train
20130324_124354.jpg,3888,12.0,train
20130324_141229.jpg,3888,13.0,train
20130324_214350.jpg,3888,10.0,train
20130325_004226.jpg,3888,12.0,train
20130325_141353.jpg,3888,18.0,train
20130325_161231.jpg,3888,17.0,train
20130325_184228.jpg,3888,14.0,train
20130325_191227.jpg,3888,14.0,train
20130326_014354.jpg,3888,12.0,train
20130326_021355.jpg,3888,12.0,train
20130326_101224.jpg,3888,13.0,train
20130326_101359.jpg,3888,13.0,train
20130326_171226.jpg,3888,16.0,train
20130327_044401.jpg,3888,9.0,train
20130327_131400.jpg,3888,10.0,train
20130327_154226.jpg,3888,11.0,train
20130327_181355.jpg,3888,10.0,train
20130327_234400.jpg,3888,9.0,train
20130328_054228.jpg,3888,10.0,train
20130328_094226.jpg,3888,13.0,train
20130328_154358.jpg,3888,15.0,train
20130328_171402.jpg,3888,15.0,train
20130328_174223.jpg,3888,15.0,train
20130329_014325.jpg,3888,10.0,train
20130329_071400.jpg,3888,11.0,train
20130329_151243.jpg,3888,16.0,train
20130329_154230.jpg,3888,16.0,train
20130329_204234.jpg,3888,13.0,train
20130330_001404.jpg,3888,13.0,train
20130330_004355.jpg,3888,13.0,train
20130330_104400.jpg,3888,14.0,train
20130330_181219.jpg,3888,15.0,train
20130330_201227.jpg,3888,14.0,train
20130331_064223.jpg,3888,12.0,train
20130331_084359.jpg,3888,12.0,train
20130331_121358.jpg,3888,13.0,train
20130331_174356.jpg,3888,15.0,train
20130331_194355.jpg,3888,13.0,train
20130401_004229.jpg,3888,12.0,train
20130401_104358.jpg,3888,7.0,train
20130401_111228.jpg,3888,7.0,train
20130401_164225.jpg,3888,10.0,train
20130401_184221.jpg,3888,10.0,train
20130402_001231.jpg,3888,7.0,train
20130402_101402.jpg,3888,15.0,train
20130402_151218.jpg,3888,17.0,train
20130402_211400.jpg,3888,12.0,train
20130402_234227.jpg,3888,12.0,train
20130403_054227.jpg,3888,10.0,train
20130403_104356.jpg,3888,14.0,train
20130403_114226.jpg,3888,15.0,train
20130403_141227.jpg,3888,15.0,train
20130403_184226.jpg,3888,14.0,train
20130404_051350.jpg,3888,12.0,train
20130404_074224.jpg,3888,12.0,train
20130404_121402.jpg,3888,13.0,train
20130404_141224.jpg,3888,13.0,train
20130404_234230.jpg,3888,9.0,train
20130405_001221.jpg,3888,10.0,train
20130405_031234.jpg,3888,8.0,train
20130405_061227.jpg,3888,7.0,train
20130405_151229.jpg,3888,12.0,train
20130405_221357.jpg,3888,9.0,train
20130406_021351.jpg,3888,8.0,train
20130406_111231.jpg,3888,9.0,train
20130406_134359.jpg,3888,8.0,train
20130406_164225.jpg,3888,7.0,train
20130406_211228.jpg,3888,7.0,train
20130407_044356.jpg,3888,7.0,train
20130407_061357.jpg,3888,7.0,train
20130407_104356.jpg,3888,11.0,train
20130407_121356.jpg,3888,12.0,train
20130407_231401.jpg,3888,10.0,train
20130408_004224.jpg,3888,9.0,train
20130408_011222.jpg,3888,8.0,train
20130408_034228.jpg,3888,7.0,train
20130408_131228.jpg,3888,16.0,train
20130408_141355.jpg,3888,16.0,train
20130409_031348.jpg,3888,7.0,train
20130409_061358.jpg,3888,6.0,train
20130409_091227.jpg,3888,12.0,train
20130409_121356.jpg,3888,18.0,train
20130409_234355.jpg,3888,13.0,train
20130410_061358.jpg,3888,13.0,train
20130410_071354.jpg,3888,11.0,train
20130410_111225.jpg,3888,17.0,train
20130410_201349.jpg,3888,14.0,train
20130410_234355.jpg,3888,12.0,train
20130411_014226.jpg,3888,12.0,train
20130411_084231.jpg,3888,12.0,train
20130411_094349.jpg,3888,12.0,train
20130411_141356.jpg,3888,13.0,train
20130411_224232.jpg,3888,14.0,train
20130412_001358.jpg,3888,14.0,train
20130412_041229.jpg,3888,13.0,train
20130412_051356.jpg,3888,11.0,train
20130412_064223.jpg,3888,11.0,train
20130412_091229.jpg,3888,16.0,train
20130413_024233.jpg,3888,9.0,train
20130413_034358.jpg,3888,10.0,train
20130413_151401.jpg,3888,18.0,train
20130413_171352.jpg,3888,17.0,train
20130413_224223.jpg,3888,12.0,train
20130414_061354.jpg,3888,11.0,train
20130414_181229.jpg,3888,19.0,train
20130414_204222.jpg,3888,14.0,train
20130414_204357.jpg,3888,14.0,train
20130414_211224.jpg,3888,14.0,train
20130415_054400.jpg,3888,12.0,train
20130415_061228.jpg,3888,12.0,train
20130415_104401.jpg,3888,16.0,train
20130415_161234.jpg,3888,18.0,train
20130415_201228.jpg,3888,14.0,train
20130416_004349.jpg,3888,12.0,train
20130416_064223.jpg,3888,12.0,train
20130416_091358.jpg,3888,18.0,train
20130416_161226.jpg,3888,24.0,train
20130416_224229.jpg,3888,17.0,train
20130417_051356.jpg,3888,12.0,train
20130417_054352.jpg,3888,12.0,train
20130417_104227.jpg,3888,22.0,train
20130417_131226.jpg,3888,21.0,train
20130417_204349.jpg,3888,16.0,train
20130418_071348.jpg,3888,12.0,train
20130418_131352.jpg,3888,22.0,train
20130418_151352.jpg,3888,24.0,train
20130418_174221.jpg,3888,20.0,train
20130418_191227.jpg,3888,18.0,train
20130419_001359.jpg,3888,16.0,train
20130419_101220.jpg,3888,11.0,train
20130419_104404.jpg,3888,12.0,train
20130419_141401.jpg,3888,11.0,train
20130419_161356.jpg,3888,10.0,train
20130420_001229.jpg,3888,13.0,train
20130420_031349.jpg,3888,11.0,train
20130420_084219.jpg,3888,12.0,train
20130420_154227.jpg,3888,15.0,train
20130420_171226.jpg,3888,14.0,train
20130421_061356.jpg,3888,11.0,train
20130421_084358.jpg,3888,13.0,train
20130421_101355.jpg,3888,15.0,train
20130421_111221.jpg,3888,16.0,train
20130421_234227.jpg,3888,14.0,train
20130422_014227.jpg,3888,14.0,train
20130422_034353.jpg,3888,13.0,train
20130422_081231.jpg,3888,13.0,train
20130422_121353.jpg,3888,16.0,train
20130422_204357.jpg,3888,15.0,train
20130423_021224.jpg,3888,13.0,train
20130423_074402.jpg,3888,14.0,train
20130423_111221.jpg,3888,18.0,train
20130423_134226.jpg,3888,20.0,train
20130423_204228.jpg,3888,14.0,train
20130424_071226.jpg,3888,10.0,train
20130424_074357.jpg,3888,14.0,train
20130424_101218.jpg,3888,17.0,train
20130424_104228.jpg,3888,17.0,train
20130424_204231.jpg,3888,14.0,train
20130425_004225.jpg,3888,12.0,train
20130425_044229.jpg,3888,13.0,train
20130425_044350.jpg,3888,13.0,train
20130425_101228.jpg,3888,17.0,train
20130425_204358.jpg,3888,16.0,train
20130426_021233.jpg,3888,14.0,train
20130426_034228.jpg,3888,14.0,train
20130426_111221.jpg,3888,17.0,train
20130426_141221.jpg,3888,19.0,train
20130426_144226.jpg,3888,19.0,train
20130427_001223.jpg,3888,14.0,train
20130427_121224.jpg,3888,8.0,train
20130427_121401.jpg,3888,8.0,train
20130427_181224.jpg,3888,11.0,train
20130427_191351.jpg,3888,11.0,train
20130428_001352.jpg,3888,9.0,train
20130428_131222.jpg,3888,7.0,train
20130428_144224.jpg,3888,7.0,train
20130428_181356.jpg,3888,9.0,train
20130428_214359.jpg,3888,8.0,train
20130429_054401.jpg,3888,9.0,train
20130429_114224.jpg,3888,9.0,train
20130429_181400.jpg,3888,9.0,train
20130429_231226.jpg,3888,9.0,train
20130429_234358.jpg,3888,9.0,train
20130430_081355.jpg,3888,9.0,train
20130430_101356.jpg,3888,12.0,train
20130430_154229.jpg,3888,14.0,train
20130430_174357.jpg,3888,15.0,train
20130430_224224.jpg,3888,13.0,train
20130501_024357.jpg,3888,9.0,train
20130501_104220.jpg,3888,16.0,train
20130501_141401.jpg,3888,19.0,train
20130501_151221.jpg,3888,18.0,train
20130501_161220.jpg,3888,18.0,train
20130502_014230.jpg,3888,9.0,train
20130502_031229.jpg,3888,9.0,train
20130502_034358.jpg,3888,8.0,train
20130502_064221.jpg,3888,10.0,train
20130502_111231.jpg,3888,19.0,train
20130503_024358.jpg,3888,13.0,train
20130503_051359.jpg,3888,13.0,train
20130503_061234.jpg,3888,12.0,train
20130503_124400.jpg,3888,19.0,train
20130503_154355.jpg,3888,19.0,train
20130504_031230.jpg,3888,14.0,train
20130504_094355.jpg,3888,18.0,train
20130504_184359.jpg,3888,20.0,train
20130504_194230.jpg,3888,19.0,train
20130504_231223.jpg,3888,18.0,train
20130505_034352.jpg,3888,16.0,train
20130505_104230.jpg,3888,21.0,train
20130505_131353.jpg,3888,22.0,train
20130505_134350.jpg,3888,22.0,train
20130505_234235.jpg,3888,15.0,train
20130506_031219.jpg,3888,17.0,train
20130506_034352.jpg,3888,17.0,train
20130506_061228.jpg,3888,13.0,train
20130506_094223.jpg,3888,23.0,train
20130506_114229.jpg,3888,25.0,train
20130507_124224.jpg,3888,25.0,train
20130507_161223.jpg,3888,23.0,train
20130507_184357.jpg,3888,22.0,train
20130507_211351.jpg,3888,21.0,train
20130507_214400.jpg,3888,21.0,train
20130508_021400.jpg,3888,16.0,train
20130508_024356.jpg,3888,16.0,train
20130508_061223.jpg,3888,16.0,train
20130508_091350.jpg,3888,21.0,train
20130508_234230.jpg,3888,18.0,train
20130509_001352.jpg,3888,18.0,train
20130509_084222.jpg,3888,19.0,train
20130509_101223.jpg,3888,22.0,train
20130509_111357.jpg,3888,23.0,train
20130509_164322.jpg,3888,20.0,train
20130510_081233.jpg,3888,14.0,train
20130510_084226.jpg,3888,14.0,train
20130510_091224.jpg,3888,14.0,train
20130510_114235.jpg,3888,16.0,train
20130510_141229.jpg,3888,19.0,train
20130511_101403.jpg,3888,16.0,train
20130511_161350.jpg,3888,20.0,train
20130511_174349.jpg,3888,19.0,train
20130511_214356.jpg,3888,15.0,train
20130511_224346.jpg,3888,15.0,train
20130512_011358.jpg,3888,14.0,train
20130512_014354.jpg,3888,14.0,train
20130512_034225.jpg,3888,13.0,train
20130512_041349.jpg,3888,13.0,train
20130512_214227.jpg,3888,15.0,train
20130513_041232.jpg,3888,13.0,train
20130513_074230.jpg,3888,15.0,train
20130513_154234.jpg,3888,23.0,train
20130513_191359.jpg,3888,21.0,train
20130513_234404.jpg,3888,17.0,train
20130514_061230.jpg,3888,12.0,train
20130514_174353.jpg,3888,18.0,train
20130514_184226.jpg,3888,18.0,train
20130514_191227.jpg,3888,18.0,train
20130514_211359.jpg,3888,17.0,train
20130515_021221.jpg,3888,16.0,train
20130515_081220.jpg,3888,15.0,train
20130515_224229.jpg,3888,11.0,train
20130515_231223.jpg,3888,12.0,train
20130515_231350.jpg,3888,12.0,train
20130516_061236.jpg,3888,11.0,train
20130516_094229.jpg,3888,12.0,train
20130516_131356.jpg,3888,17.0,train
20130516_154353.jpg,3888,16.0,train
20130516_214217.jpg,3888,12.0,train
20130517_001222.jpg,3888,10.0,train
20130517_001359.jpg,3888,10.0,train
20130517_004353.jpg,3888,10.0,train
20130517_024355.jpg,3888,9.0,train
20130517_034226.jpg,3888,8.0,train
20130522_151411.jpg,3888,20.0,train
20130522_164352.jpg,3888,20.0,train
20130522_201351.jpg,3888,16.0,train
20130522_214222.jpg,3888,16.0,train
20130522_221227.jpg,3888,16.0,train
20130523_014222.jpg,3888,15.0,train
20130523_081358.jpg,3888,15.0,train
20130523_131223.jpg,3888,20.0,train
20130523_151354.jpg,3888,16.0,train
20130523_171350.jpg,3888,17.0,train
20130524_001221.jpg,3888,13.0,train
20130524_031232.jpg,3888,10.0,train
20130524_071221.jpg,3888,12.0,train
20130524_104234.jpg,3888,13.0,train
20130524_134352.jpg,3888,15.0,train
20130525_011407.jpg,3888,12.0,train
20130525_134222.jpg,3888,15.0,train
20130525_134354.jpg,3888,15.0,train
20130525_141401.jpg,3888,13.0,train
20130525_194358.jpg,3888,12.0,train
20130526_031231.jpg,3888,10.0,train
20130526_064347.jpg,3888,10.0,train
20130526_141227.jpg,3888,20.0,train
20130526_184225.jpg,3888,18.0,train
20130526_224356.jpg,3888,13.0,train
20130527_071226.jpg,3888,14.0,train
20130527_091226.jpg,3888,15.0,train
20130527_124239.jpg,3888,15.0,train
20130527_141405.jpg,3888,16.0,train
20130527_161228.jpg,3888,15.0,train
20130528_001230.jpg,3888,11.0,train
20130528_004234.jpg,3888,10.0,train
20130528_014234.jpg,3888,10.0,train
20130528_031355.jpg,3888,12.0,train
20130528_201224.jpg,3888,14.0,train
20130529_081238.jpg,3888,14.0,train
20130529_094224.jpg,3888,15.0,train
20130529_151355.jpg,3888,18.0,train
20130529_181349.jpg,3888,16.0,train
20130529_201218.jpg,3888,14.0,train
20130530_001352.jpg,3888,12.0,train
20130530_094222.jpg,3888,14.0,train
20130530_151220.jpg,3888,16.0,train
20130530_211238.jpg,3888,14.0,train
20130530_224229.jpg,3888,15.0,train
20130531_001223.jpg,3888,14.0,train
20130604_151353.jpg,3888,21.0,train
20130604_171356.jpg,3888,21.0,train
20130604_174227.jpg,3888,21.0,train
20130604_204228.jpg,3888,19.0,train
20130604_204356.jpg,3888,19.0,train
20130605_001354.jpg,3888,15.0,train
20130605_031230.jpg,3888,12.0,train
20130605_111229.jpg,3888,21.0,train
20130605_221225.jpg,3888,16.0,train
20130605_231400.jpg,3888,17.0,train
20130606_014355.jpg,3888,14.0,train
20130606_094224.jpg,3888,19.0,train
20130606_111228.jpg,3888,20.0,train
20130606_154359.jpg,3888,24.0,train
20130606_181225.jpg,3888,22.0,train
20130607_021355.jpg,3888,15.0,train
20130607_064239.jpg,3888,14.0,train
20130607_084352.jpg,3888,18.0,train
20130607_184356.jpg,3888,19.0,train
20130607_211354.jpg,3888,17.0,train
20130608_004238.jpg,3888,17.0,train
20130608_071401.jpg,3888,16.0,train
20130608_074355.jpg,3888,17.0,train
20130608_111401.jpg,3888,20.0,train
20130608_194358.jpg,3888,19.0,train
20130609_004355.jpg,3888,14.0,train
20130609_031356.jpg,3888,12.0,train
20130609_044349.jpg,3888,11.0,train
20130609_064405.jpg,3888,13.0,train
20130609_151356.jpg,3888,16.0,train
20130610_061230.jpg,3888,16.0,train
20130610_061357.jpg,3888,16.0,train
20130610_111234.jpg,3888,19.0,train
20130610_214224.jpg,3888,20.0,train
20130610_221234.jpg,3888,19.0,train
20130611_011225.jpg,3888,18.0,train
20130611_044226.jpg,3888,14.0,train
20130611_051355.jpg,3888,13.0,train
20130611_151224.jpg,3888,29.0,train
20130611_161356.jpg,3888,28.0,train
20130612_041402.jpg,3888,19.0,train
20130612_064232.jpg,3888,20.0,train
20130612_101359.jpg,3888,28.0,train
20130612_134237.jpg,3888,31.0,train
20130612_181225.jpg,3888,30.0,train
20130613_011220.jpg,3888,20.0,train
20130613_051356.jpg,3888,19.0,train
20130613_071221.jpg,3888,22.0,train
20130613_094220.jpg,3888,28.0,train
20130613_164228.jpg,3888,24.0,train
20130614_084401.jpg,3888,23.0,train
20130614_104353.jpg,3888,23.0,train
20130614_121221.jpg,3888,24.0,train
20130614_164227.jpg,3888,23.0,train
20130614_174358.jpg,3888,23.0,train
20130615_024229.jpg,3888,19.0,train
20130615_044227.jpg,3888,17.0,train
20130615_054357.jpg,3888,18.0,train
20130615_191222.jpg,3888,25.0,train
20130615_231356.jpg,3888,23.0,train
20130616_084402.jpg,3888,22.0,train
20130616_111230.jpg,3888,24.0,train
20130616_144228.jpg,3888,27.0,train
20130616_214352.jpg,3888,21.0,train
20130616_234217.jpg,3888,21.0,train
20130617_084401.jpg,3888,23.0,train
20130617_114355.jpg,3888,24.0,train
20130617_124401.jpg,3888,24.0,train
20130617_131401.jpg,3888,24.0,train
20130618_051232.jpg,3888,19.0,train
20130618_054223.jpg,3888,20.0,train
20130618_061229.jpg,3888,20.0,train
20130618_211324.jpg,3888,21.0,train
20130618_221339.jpg,3888,20.0,train
20130619_001507.jpg,3888,20.0,train
20130619_041340.jpg,3888,20.0,train
20130619_061414.jpg,3888,20.0,train
20130619_101221.jpg,3888,23.0,train
20130619_231230.jpg,3888,19.0,train
20130620_101410.jpg,3888,19.0,train
20130620_134223.jpg,3888,23.0,train
20130620_171359.jpg,3888,21.0,train
20130620_184224.jpg,3888,22.0,train
20130620_201220.jpg,3888,21.0,train
20130621_044350.jpg,3888,14.0,train
20130621_051227.jpg,3888,14.0,train
20130621_054353.jpg,3888,14.0,train
20130621_104358.jpg,3888,23.0,train
20130621_174226.jpg,3888,22.0,train
20130622_021220.jpg,3888,18.0,train
20130622_024359.jpg,3888,18.0,train
20130622_061224.jpg,3888,17.0,train
20130622_171238.jpg,3888,27.0,train
20130622_191230.jpg,3888,26.0,train
20130623_061228.jpg,3888,19.0,train
20130623_081225.jpg,3888,20.0,train
20130623_104232.jpg,3888,21.0,train
20130623_144400.jpg,3888,20.0,train
20130623_151226.jpg,3888,22.0,train
20130624_094227.jpg,3888,18.0,train
20130624_101352.jpg,3888,18.0,train
20130624_104403.jpg,3888,19.0,train
20130624_144223.jpg,3888,21.0,train
20130624_151350.jpg,3888,22.0,train
20130625_081354.jpg,3888,19.0,train
20130625_094236.jpg,3888,20.0,train
20130625_124223.jpg,3888,23.0,train
20130625_184352.jpg,3888,22.0,train
20130625_204229.jpg,3888,20.0,train
20130626_004357.jpg,3888,18.0,train
20130626_014227.jpg,3888,18.0,train
20130626_051230.jpg,3888,17.0,train
20130626_164224.jpg,3888,26.0,train
20130626_224226.jpg,3888,21.0,train
20130627_011355.jpg,3888,16.0,train
20130627_024221.jpg,3888,15.0,train
20130627_054358.jpg,3888,14.0,train
20130627_111401.jpg,3888,24.0,train
20130627_201352.jpg,3888,22.0,train
20130628_071234.jpg,3888,20.0,train
20130628_094350.jpg,3888,22.0,train
20130628_114352.jpg,3888,24.0,train
20130628_131357.jpg,3888,25.0,train
20130628_181355.jpg,3888,24.0,train
20130629_041227.jpg,3888,19.0,train
20130629_081356.jpg,3888,21.0,train
20130629_124352.jpg,3888,26.0,train
20130629_224352.jpg,3888,21.0,train
20130629_234227.jpg,3888,21.0,train
20130630_051229.jpg,3888,20.0,train
20130630_054353.jpg,3888,20.0,train
20130630_134354.jpg,3888,28.0,train
20130630_151229.jpg,3888,29.0,train
20130630_221225.jpg,3888,24.0,train
20130701_054232.jpg,3888,17.0,train
20130701_164400.jpg,3888,25.0,train
20130701_171352.jpg,3888,24.0,train
20130701_201350.jpg,3888,22.0,train
20130701_214232.jpg,3888,21.0,train
20130702_081229.jpg,3888,21.0,train
20130702_174355.jpg,3888,20.0,train
20130702_181233.jpg,3888,19.0,train
20130702_191355.jpg,3888,19.0,train
20130702_194230.jpg,3888,19.0,train
20130703_001404.jpg,3888,18.0,train
20130703_021352.jpg,3888,18.0,train
20130703_024225.jpg,3888,19.0,train
20130703_024351.jpg,3888,19.0,train
20130703_211349.jpg,3888,24.0,train
20130704_051231.jpg,3888,21.0,train
20130704_081225.jpg,3888,20.0,train
20130704_081349.jpg,3888,20.0,train
20130704_201359.jpg,3888,27.0,train
20130704_214352.jpg,3888,25.0,train
20130705_014218.jpg,3888,23.0,train
20130705_031409.jpg,3888,22.0,train
20130705_054229.jpg,3888,23.0,train
20130705_091224.jpg,3888,27.0,train
20130705_204222.jpg,3888,26.0,train
20130706_021358.jpg,3888,21.0,train
20130706_064358.jpg,3888,20.0,train
20130706_124359.jpg,3888,31.0,train
20130706_141401.jpg,3888,32.0,train
20130706_214227.jpg,3888,29.0,train
20130707_014226.jpg,3888,23.0,train
20130707_034229.jpg,3888,22.0,train
20130707_151358.jpg,3888,35.0,train
20130707_171410.jpg,3888,34.0,train
20130707_201228.jpg,3888,32.0,train
20130708_034356.jpg,3888,22.0,train
20130708_131226.jpg,3888,30.0,train
20130708_174355.jpg,3888,30.0,train
20130708_221353.jpg,3888,24.0,train
20130708_231225.jpg,3888,24.0,train
20130709_041231.jpg,3888,19.0,train
20130709_054356.jpg,3888,18.0,train
20130709_084232.jpg,3888,24.0,train
20130709_174225.jpg,3888,28.0,train
20130709_214227.jpg,3888,24.0,train
20130710_011225.jpg,3888,21.0,train
20130710_044402.jpg,3888,20.0,train
20130710_114230.jpg,3888,27.0,train
20130710_171227.jpg,3888,30.0,train
20130710_201350.jpg,3888,26.0,train
20130711_044234.jpg,3888,19.0,train
20130711_071402.jpg,3888,21.0,train
20130711_074230.jpg,3888,23.0,train
20130711_151222.jpg,3888,30.0,train
20130711_201227.jpg,3888,28.0,train
20130712_011231.jpg,3888,24.0,train
20130712_014401.jpg,3888,24.0,train
20130712_034356.jpg,3888,22.0,train
20130712_231349.jpg,3888,26.0,train
20130712_234401.jpg,3888,25.0,train
20130713_011220.jpg,3888,24.0,train
20130713_021226.jpg,3888,23.0,train
20130713_111224.jpg,3888,28.0,train
20130713_114350.jpg,3888,29.0,train
20130713_221228.jpg,3888,23.0,train
20130714_061355.jpg,3888,22.0,train
20130714_071229.jpg,3888,23.0,train
20130714_074224.jpg,3888,24.0,train
20130714_104355.jpg,3888,30.0,train
20130714_151229.jpg,3888,32.0,train
20130715_001357.jpg,3888,24.0,train
20130715_141356.jpg,3888,33.0,train
20130715_171233.jpg,3888,32.0,train
20130715_191228.jpg,3888,31.0,train
20130715_204228.jpg,3888,29.0,train
20130716_004226.jpg,3888,24.0,train
20130716_071226.jpg,3888,24.0,train
20130716_161222.jpg,3888,29.0,train
20130716_184223.jpg,3888,21.0,train
20130716_191218.jpg,3888,21.0,train
20130717_021220.jpg,3888,21.0,train
20130717_084358.jpg,3888,26.0,train
20130717_124225.jpg,3888,30.0,train
20130717_171358.jpg,3888,28.0,train
20130717_224227.jpg,3888,24.0,train
20130718_061355.jpg,3888,24.0,train
20130718_084221.jpg,3888,26.0,train
20130718_171405.jpg,3888,26.0,train
20130718_174352.jpg,3888,26.0,train
20130718_191354.jpg,3888,26.0,train
20130719_011229.jpg,3888,21.0,train
20130719_124230.jpg,3888,28.0,train
20130719_141225.jpg,3888,28.0,train
20130719_174225.jpg,3888,26.0,train
20130719_201228.jpg,3888,25.0,train
20130720_061357.jpg,3888,20.0,train
20130720_134359.jpg,3888,29.0,train
20130720_151359.jpg,3888,28.0,train
20130720_164352.jpg,3888,26.0,train
20130720_171358.jpg,3888,26.0,train
20130721_014353.jpg,3888,21.0,train
20130721_031232.jpg,3888,20.0,train
20130721_101231.jpg,3888,27.0,train
20130721_104404.jpg,3888,28.0,train
20130721_211222.jpg,3888,25.0,train
20130722_051224.jpg,3888,21.0,train
20130722_124219.jpg,3888,30.0,train
20130722_164353.jpg,3888,31.0,train
20130722_181222.jpg,3888,33.0,train
20130722_214237.jpg,3888,27.0,train
20130723_004233.jpg,3888,23.0,train
20130723_034355.jpg,3888,23.0,train
20130723_054350.jpg,3888,20.0,train
20130723_061349.jpg,3888,21.0,train
20130723_221357.jpg,3888,23.0,train
20130724_061356.jpg,3888,22.0,train
20130724_091231.jpg,3888,29.0,train
20130724_114356.jpg,3888,31.0,train
20130724_151355.jpg,3888,31.0,train
20130724_224354.jpg,3888,25.0,train
20130725_034225.jpg,3888,24.0,train
20130725_064231.jpg,3888,23.0,train
20130725_121349.jpg,3888,31.0,train
20130725_131357.jpg,3888,30.0,train
20130725_144224.jpg,3888,31.0,train
20130726_004400.jpg,3888,24.0,train
20130726_084229.jpg,3888,28.0,train
20130726_101244.jpg,3888,29.0,train
20130726_211224.jpg,3888,28.0,train
20130726_221348.jpg,3888,26.0,train
20130727_021358.jpg,3888,25.0,train
20130727_041350.jpg,3888,24.0,train
20130727_094222.jpg,3888,30.0,train
20130727_104224.jpg,3888,30.0,train
20130727_214350.jpg,3888,28.0,train
20130728_004356.jpg,3888,26.0,train
20130728_014401.jpg,3888,26.0,train
20130728_061228.jpg,3888,23.0,train
20130728_064227.jpg,3888,24.0,train
20130728_111226.jpg,3888,29.0,train
20130729_014229.jpg,3888,22.0,train
20130729_064354.jpg,3888,20.0,train
20130729_124226.jpg,3888,29.0,train
20130729_171219.jpg,3888,28.0,train
20130729_224228.jpg,3888,25.0,train
20130730_054400.jpg,3888,21.0,train
20130730_061229.jpg,3888,21.0,train
20130730_101229.jpg,3888,27.0,train
20130730_111354.jpg,3888,28.0,train
20130730_174228.jpg,3888,32.0,train
20130731_081225.jpg,3888,25.0,train
20130731_104229.jpg,3888,31.0,train
20130731_191225.jpg,3888,29.0,train
20130731_211402.jpg,3888,27.0,train
20130731_214227.jpg,3888,25.0,train
20130801_061234.jpg,3888,22.0,train
20130801_121226.jpg,3888,31.0,train
20130801_134225.jpg,3888,35.0,train
20130801_161355.jpg,3888,34.0,train
20130801_201231.jpg,3888,28.0,train
20130802_011357.jpg,3888,24.0,train
20130802_064347.jpg,3888,21.0,train
20130802_084356.jpg,3888,25.0,train
20130802_111353.jpg,3888,29.0,train
20130802_211347.jpg,3888,26.0,train
20130803_014226.jpg,3888,23.0,train
20130803_021356.jpg,3888,24.0,train
20130803_041222.jpg,3888,24.0,train
20130803_071351.jpg,3888,24.0,train
20130803_221351.jpg,3888,24.0,train
20130804_061226.jpg,3888,23.0,train
20130804_121358.jpg,3888,31.0,train
20130804_131226.jpg,3888,31.0,train
20130804_201232.jpg,3888,27.0,train
20130804_214233.jpg,3888,25.0,train
20130805_011400.jpg,3888,24.0,train
20130805_174355.jpg,3888,29.0,train
20130805_201227.jpg,3888,29.0,train
20130805_231230.jpg,3888,27.0,train
20130805_234237.jpg,3888,27.0,train
20130806_001356.jpg,3888,26.0,train
20130806_074232.jpg,3888,27.0,train
20130806_101354.jpg,3888,27.0,train
20130806_151221.jpg,3888,28.0,train
20130806_204234.jpg,3888,26.0,train
20130807_094400.jpg,3888,24.0,train
20130807_134352.jpg,3888,27.0,train
20130807_141229.jpg,3888,27.0,train
20130807_151354.jpg,3888,27.0,train
20130807_174357.jpg,3888,25.0,train
20130808_014233.jpg,3888,19.0,train
20130808_024228.jpg,3888,17.0,train
20130808_064355.jpg,3888,18.0,train
20130808_084223.jpg,3888,20.0,train
20130808_084349.jpg,3888,20.0,train
20130809_071359.jpg,3888,21.0,train
20130809_074220.jpg,3888,22.0,train
20130809_204226.jpg,3888,24.0,train
20130809_204402.jpg,3888,24.0,train
20130809_234230.jpg,3888,24.0,train
20130810_084349.jpg,3888,23.0,train
20130810_091227.jpg,3888,23.0,train
20130810_134401.jpg,3888,29.0,train
20130810_151234.jpg,3888,29.0,train
20130810_184403.jpg,3888,28.0,train
20130811_074354.jpg,3888,24.0,train
20130811_104356.jpg,3888,28.0,train
20130811_141225.jpg,3888,33.0,train
20130811_174401.jpg,3888,34.0,train
20130811_234400.jpg,3888,25.0,train
20130812_001357.jpg,3888,23.0,train
20130812_054358.jpg,3888,18.0,train
20130812_081353.jpg,3888,25.0,train
20130812_131350.jpg,3888,30.0,train
20130812_141400.jpg,3888,30.0,train
20130813_041353.jpg,3888,25.0,train
20130813_044240.jpg,3888,26.0,train
20130813_051359.jpg,3888,25.0,train
20130813_081400.jpg,3888,26.0,train
20130813_091231.jpg,3888,27.0,train
20130814_184221.jpg,3888,29.0,train
20130814_191357.jpg,3888,29.0,train
20130814_194351.jpg,3888,28.0,train
20130814_201357.jpg,3888,27.0,train
20130814_234223.jpg,3888,25.0,train
20130815_001225.jpg,3888,24.0,train
20130815_004224.jpg,3888,24.0,train
20130815_021400.jpg,3888,22.0,train
20130815_114351.jpg,3888,28.0,train
20130815_231221.jpg,3888,22.0,train
20130816_034222.jpg,3888,20.0,train
20130816_054237.jpg,3888,20.0,train
20130816_114233.jpg,3888,26.0,train
20130816_131230.jpg,3888,27.0,train
20130816_211229.jpg,3888,23.0,train
20130817_064404.jpg,3888,22.0,train
20130817_094359.jpg,3888,19.0,train
20130817_141353.jpg,3888,28.0,train
20130817_154356.jpg,3888,29.0,train
20130817_174355.jpg,3888,29.0,train
20130818_054353.jpg,3888,20.0,train
20130818_084351.jpg,3888,26.0,train
20130818_091226.jpg,3888,27.0,train
20130818_101350.jpg,3888,29.0,train
20130818_154232.jpg,3888,29.0,train
20130819_004230.jpg,3888,23.0,train
20130819_034231.jpg,3888,21.0,train
20130819_091356.jpg,3888,27.0,train
20130819_094358.jpg,3888,27.0,train
20130819_124233.jpg,3888,31.0,train
20130820_204223.jpg,3888,26.0,train
20130820_211229.jpg,3888,26.0,train
20130820_221225.jpg,3888,25.0,train
20130820_231234.jpg,3888,26.0,train
20130820_234226.jpg,3888,25.0,train
20130821_004223.jpg,3888,24.0,train
20130821_074226.jpg,3888,20.0,train
20130821_081231.jpg,3888,23.0,train
20130821_094232.jpg,3888,27.0,train
20130821_104226.jpg,3888,28.0,train
20130822_121234.jpg,3888,26.0,train
20130822_174226.jpg,3888,26.0,train
20130822_194223.jpg,3888,25.0,train
20130822_201234.jpg,3888,24.0,train
20130822_204229.jpg,3888,24.0,train
20130823_091229.jpg,3888,25.0,train
20130823_111228.jpg,3888,29.0,train
20130823_184232.jpg,3888,27.0,train
20130823_191230.jpg,3888,26.0,train
20130823_211223.jpg,3888,24.0,train
20130824_051238.jpg,3888,23.0,train
20130824_054228.jpg,3888,23.0,train
20130824_084225.jpg,3888,24.0,train
20130824_094223.jpg,3888,24.0,train
20130824_234223.jpg,3888,22.0,train
20130825_011217.jpg,3888,21.0,train
20130825_174230.jpg,3888,27.0,train
20130825_194226.jpg,3888,24.0,train
20130825_201228.jpg,3888,23.0,train
20130825_234230.jpg,3888,22.0,train
20130826_024222.jpg,3888,19.0,train
20130826_094234.jpg,3888,22.0,train
20130826_121228.jpg,3888,24.0,train
20130826_131220.jpg,3888,24.0,train
20130826_201237.jpg,3888,24.0,train
20130827_001227.jpg,3888,22.0,train
20130827_071228.jpg,3888,21.0,train
20130827_094224.jpg,3888,22.0,train
20130827_131235.jpg,3888,26.0,train
20130827_174228.jpg,3888,26.0,train
20130828_014232.jpg,3888,20.0,train
20130828_054230.jpg,3888,21.0,train
20130828_074235.jpg,3888,21.0,train
20130828_161233.jpg,3888,27.0,train
20130828_231230.jpg,3888,24.0,train
20130829_074235.jpg,3888,22.0,train
20130829_094226.jpg,3888,25.0,train
20130829_144223.jpg,3888,29.0,train
20130829_154225.jpg,3888,29.0,train
20130829_214224.jpg,3888,24.0,train
20130830_021228.jpg,3888,22.0,train
20130830_041228.jpg,3888,19.0,train
20130830_074232.jpg,3888,21.0,train
20130830_121223.jpg,3888,28.0,train
20130830_221229.jpg,3888,24.0,train
20130831_001230.jpg,3888,23.0,train
20130831_041233.jpg,3888,22.0,train
20130831_131232.jpg,3888,28.0,train
20130831_174227.jpg,3888,28.0,train
20130831_211227.jpg,3888,25.0,train
20130901_011227.jpg,3888,24.0,train
20130901_051229.jpg,3888,22.0,train
20130901_091228.jpg,3888,25.0,train
20130901_211226.jpg,3888,25.0,train
20130901_224231.jpg,3888,25.0,train
20130902_074218.jpg,3888,23.0,train
20130902_091218.jpg,3888,24.0,train
20130902_174226.jpg,3888,31.0,train
20130902_184222.jpg,3888,31.0,train
20130902_231225.jpg,3888,31.0,train
20130903_011221.jpg,3888,18.0,train
20130903_031227.jpg,3888,18.0,train
20130903_041226.jpg,3888,15.0,train
20130903_084222.jpg,3888,23.0,train
20130903_221223.jpg,3888,18.0,train
20130904_021229.jpg,3888,17.0,train
20130904_034225.jpg,3888,15.0,train
20130904_051228.jpg,3888,15.0,train
20130904_084219.jpg,3888,22.0,train
20130904_214221.jpg,3888,21.0,train
20130905_001230.jpg,3888,17.0,train
20130905_011222.jpg,3888,17.0,train
20130905_061225.jpg,3888,16.0,train
20130905_224224.jpg,3888,21.0,train
20130905_234223.jpg,3888,21.0,train
20130906_051228.jpg,3888,17.0,train
20130906_091223.jpg,3888,23.0,train
20130906_154228.jpg,3888,27.0,train
20130906_161224.jpg,3888,27.0,train
20130906_211228.jpg,3888,23.0,train
20130907_021229.jpg,3888,22.0,train
20130907_201224.jpg,3888,19.0,train
20130907_211224.jpg,3888,19.0,train
20130907_231226.jpg,3888,19.0,train
20130907_234232.jpg,3888,19.0,train
20130908_001224.jpg,3888,18.0,train
20130908_034226.jpg,3888,16.0,train
20130908_114226.jpg,3888,24.0,train
20130908_124222.jpg,3888,22.0,train
20130908_171223.jpg,3888,22.0,train
20130909_004223.jpg,3888,19.0,train
20130909_011230.jpg,3888,19.0,train
20130909_024225.jpg,3888,17.0,train
20130909_114227.jpg,3888,23.0,train
20130909_231229.jpg,3888,21.0,train
20130910_014225.jpg,3888,18.0,train
20130910_094227.jpg,3888,22.0,train
20130910_104230.jpg,3888,20.0,train
20130910_191229.jpg,3888,20.0,train
20130910_231224.jpg,3888,18.0,train
20130911_051232.jpg,3888,17.0,train
20130911_061233.jpg,3888,17.0,train
20130911_091219.jpg,3888,18.0,train
20130911_114229.jpg,3888,21.0,train
20130911_144225.jpg,3888,23.0,train
20130912_064232.jpg,3888,17.0,train
20130912_094233.jpg,3888,20.0,train
20130912_131230.jpg,3888,22.0,train
20130912_141225.jpg,3888,23.0,train
20130912_151220.jpg,3888,23.0,train
20130913_091221.jpg,3888,21.0,train
20130913_141232.jpg,3888,25.0,train
20130913_144224.jpg,3888,26.0,train
20130913_154219.jpg,3888,26.0,train
20130913_231220.jpg,3888,21.0,train
20130914_011232.jpg,3888,19.0,train
20130914_031218.jpg,3888,17.0,train
20130914_071228.jpg,3888,16.0,train
20130914_074223.jpg,3888,18.0,train
20130914_121225.jpg,3888,27.0,train
20130916_101220.jpg,3888,21.0,train
20130916_104227.jpg,3888,23.0,train
20130916_114234.jpg,3888,23.0,train
20130916_121227.jpg,3888,23.0,train
20130916_144228.jpg,3888,26.0,train
20130917_011227.jpg,3888,17.0,train
20130917_094221.jpg,3888,16.0,train
20130917_151225.jpg,3888,22.0,train
20130917_184222.jpg,3888,21.0,train
20130917_214228.jpg,3888,20.0,train
20130918_054228.jpg,3888,19.0,train
20130918_101222.jpg,3888,24.0,train
20130918_121226.jpg,3888,25.0,train
20130918_184235.jpg,3888,24.0,train
20130918_214219.jpg,3888,22.0,train
20130919_014232.jpg,3888,19.0,train
20130919_041227.jpg,3888,18.0,train
20130919_081229.jpg,3888,18.0,train
20130919_091224.jpg,3888,19.0,train
20130919_114222.jpg,3888,21.0,train
20131021_174221.jpg,3888,25.0,train
20131021_181232.jpg,3888,22.0,train
20131021_194228.jpg,3888,21.0,train
20131021_214219.jpg,3888,22.0,train
20131021_224234.jpg,3888,21.0,train
20131022_051225.jpg,3888,21.0,train
20131022_061224.jpg,3888,21.0,train
20131022_114225.jpg,3888,22.0,train
20131022_194229.jpg,3888,24.0,train
20131022_221228.jpg,3888,23.0,train
20131023_001227.jpg,3888,23.0,train
20131023_021228.jpg,3888,24.0,train
20131023_031224.jpg,3888,24.0,train
20131023_061224.jpg,3888,19.0,train
20131023_174222.jpg,3888,22.0,train
20131024_014228.jpg,3888,15.0,train
20131024_034221.jpg,3888,14.0,train
20131024_071226.jpg,3888,13.0,train
20131024_221232.jpg,3888,17.0,train
20131024_234223.jpg,3888,17.0,train
20131025_061219.jpg,3888,17.0,train
20131025_091221.jpg,3888,21.0,train
20131025_101228.jpg,3888,23.0,train
20131025_131229.jpg,3888,23.0,train
20131025_181226.jpg,3888,22.0,train
20131026_014221.jpg,3888,20.0,train
20131026_104219.jpg,3888,20.0,train
20131026_194226.jpg,3888,20.0,train
20131026_201227.jpg,3888,20.0,train
20131026_204223.jpg,3888,20.0,train
20131027_011219.jpg,3888,18.0,train
20131027_074226.jpg,3888,18.0,train
20131027_121230.jpg,3888,26.0,train
20131027_194229.jpg,3888,19.0,train
20131027_211225.jpg,3888,18.0,train
20131028_014225.jpg,3888,17.0,train
20131028_044223.jpg,3888,13.0,train
20131028_114225.jpg,3888,21.0,train
20131028_184230.jpg,3888,19.0,train
20131028_201233.jpg,3888,18.0,train
20131029_004228.jpg,3888,15.0,train
20131029_111225.jpg,3888,16.0,train
20131029_134228.jpg,3888,17.0,train
20131029_181227.jpg,3888,16.0,train
20131029_234234.jpg,3888,14.0,train
20131030_031229.jpg,3888,13.0,train
20131030_051228.jpg,3888,13.0,train
20131030_071225.jpg,3888,13.0,train
20131030_201220.jpg,3888,13.0,train
20131030_231230.jpg,3888,13.0,train
20131031_004236.jpg,3888,13.0,train
20131031_014220.jpg,3888,13.0,train
20131031_024223.jpg,3888,13.0,train
20131031_081221.jpg,3888,13.0,train
20131031_204232.jpg,3888,14.0,train
20131101_011224.jpg,3888,9.0,train
20131101_061227.jpg,3888,6.0,train
20131101_101232.jpg,3888,17.0,train
20131101_124228.jpg,3888,18.0,train
20131101_184233.jpg,3888,14.0,train
20131102_061221.jpg,3888,12.0,train
20131102_141229.jpg,3888,21.0,train
20131102_144226.jpg,3888,20.0,train
20131102_164230.jpg,3888,18.0,train
20131102_174221.jpg,3888,16.0,train
20131103_021227.jpg,3888,16.0,train
20131103_111228.jpg,3888,17.0,train
20131103_121227.jpg,3888,17.0,train
20131103_131230.jpg,3888,16.0,train
20131103_201225.jpg,3888,14.0,train
20131104_021224.jpg,3888,10.0,train
20131104_084229.jpg,3888,15.0,train
20131104_101225.jpg,3888,15.0,train
20131104_121233.jpg,3888,17.0,train
20131104_234222.jpg,3888,16.0,train
20131105_031220.jpg,3888,13.0,train
20131105_044227.jpg,3888,14.0,train
20131105_101223.jpg,3888,13.0,train
20131105_114223.jpg,3888,15.0,train
20131105_224224.jpg,3888,19.0,train
20131106_121221.jpg,3888,23.0,train
20131106_124231.jpg,3888,23.0,train
20131106_134219.jpg,3888,23.0,train
20131106_211225.jpg,3888,18.0,train
20131106_231224.jpg,3888,15.0,train
20131107_044218.jpg,3888,16.0,train
20131107_074227.jpg,3888,14.0,train
20131107_204219.jpg,3888,18.0,train
20131107_211225.jpg,3888,18.0,train
20131107_214226.jpg,3888,17.0,train
20131108_064224.jpg,3888,16.0,train
20131108_141224.jpg,3888,21.0,train
20131108_151224.jpg,3888,20.0,train
20131108_164227.jpg,3888,19.0,train
20131108_184226.jpg,3888,18.0,train
20131109_044228.jpg,3888,14.0,train
20131109_064223.jpg,3888,14.0,train
20131109_071227.jpg,3888,13.0,train
20131109_141227.jpg,3888,18.0,train
20131109_181222.jpg,3888,14.0,train
20131110_011221.jpg,3888,17.0,train
20131110_044232.jpg,3888,18.0,train
20131110_061231.jpg,3888,18.0,train
20131110_101224.jpg,3888,19.0,train
20131110_174224.jpg,3888,16.0,train
20131111_004226.jpg,3888,12.0,train
20131111_021228.jpg,3888,11.0,train
20131111_034225.jpg,3888,11.0,train
20131111_094230.jpg,3888,14.0,train
20131111_171222.jpg,3888,15.0,train
20131112_014228.jpg,3888,14.0,train
20131112_024224.jpg,3888,14.0,train
20131112_044227.jpg,3888,15.0,train
20131112_144233.jpg,3888,19.0,train
20131112_154227.jpg,3888,18.0,train
20131113_031226.jpg,3888,16.0,train
20131113_044226.jpg,3888,16.0,train
20131113_061226.jpg,3888,16.0,train
20131113_101220.jpg,3888,17.0,train
20131113_104230.jpg,3888,17.0,train
20131114_004232.jpg,3888,14.0,train
20131114_081224.jpg,3888,12.0,train
20131114_084230.jpg,3888,12.0,train
20131114_111222.jpg,3888,13.0,train
20131114_194235.jpg,3888,12.0,train
20131115_014222.jpg,3888,9.0,train
20131115_024222.jpg,3888,8.0,train
20131115_124229.jpg,3888,8.0,train
20131115_171222.jpg,3888,7.0,train
20131115_224224.jpg,3888,6.0,train
20131116_024228.jpg,3888,7.0,train
20131116_101227.jpg,3888,9.0,train
20131116_131228.jpg,3888,10.0,train
20131116_151231.jpg,3888,8.0,train
20131116_234218.jpg,3888,9.0,train
20131117_001228.jpg,3888,9.0,train
20131117_044221.jpg,3888,9.0,train
20131117_064228.jpg,3888,9.0,train
20131117_154227.jpg,3888,13.0,train
20131117_204222.jpg,3888,14.0,train
20131118_011226.jpg,3888,13.0,train
20131118_071230.jpg,3888,9.0,train
20131118_131226.jpg,3888,9.0,train
20131118_134221.jpg,3888,9.0,train
20131118_211230.jpg,3888,10.0,train
20131119_031225.jpg,3888,10.0,train
20131119_094227.jpg,3888,10.0,train
20131119_194220.jpg,3888,10.0,train
20131119_214223.jpg,3888,8.0,train
20131119_224228.jpg,3888,7.0,train
20131120_041230.jpg,3888,6.0,train
20131120_091232.jpg,3888,6.0,train
20131120_144223.jpg,3888,8.0,train
20131120_174228.jpg,3888,7.0,train
20131120_214227.jpg,3888,8.0,train
20131121_001223.jpg,3888,8.0,train
20131121_024231.jpg,3888,7.0,train
20131121_041231.jpg,3888,8.0,train
20131121_174220.jpg,3888,7.0,train
20131121_194224.jpg,3888,7.0,train
20131122_051240.jpg,3888,5.0,train
20131122_061234.jpg,3888,5.0,train
20131122_081231.jpg,3888,6.0,train
20131122_204237.jpg,3888,5.0,train
20131122_214229.jpg,3888,5.0,train
20131123_014234.jpg,3888,5.0,train
20131123_021242.jpg,3888,5.0,train
20131123_064226.jpg,3888,5.0,train
20131123_141236.jpg,3888,7.0,train
20131123_171228.jpg,3888,7.0,train
20131124_051225.jpg,3888,7.0,train
20131124_054234.jpg,3888,7.0,train
20131124_081222.jpg,3888,7.0,train
20131124_111229.jpg,3888,9.0,train
20131124_151223.jpg,3888,8.0,train
20131125_001225.jpg,3888,7.0,train
20131125_084222.jpg,3888,8.0,train
20131125_111225.jpg,3888,10.0,train
20131125_151236.jpg,3888,9.0,train
20131125_204233.jpg,3888,7.0,train
20131126_084224.jpg,3888,6.0,train
20131126_111223.jpg,3888,8.0,train
20131126_124230.jpg,3888,8.0,train
20131126_201220.jpg,3888,6.0,train
20131126_224226.jpg,3888,6.0,train
20131127_064228.jpg,3888,5.0,train
20131127_111224.jpg,3888,8.0,train
20131127_144225.jpg,3888,7.0,train
20131127_161225.jpg,3888,6.0,train
20131127_191222.jpg,3888,4.0,train
20131128_034224.jpg,3888,-2.0,train
20131128_071226.jpg,3888,-1.0,train
20131128_131220.jpg,3888,12.0,train
20131128_141234.jpg,3888,11.0,train
20131128_194237.jpg,3888,5.0,train
20131129_031221.jpg,3888,-1.0,train
20131129_081227.jpg,3888,0.0,train
20131129_124222.jpg,3888,10.0,train
20131129_151228.jpg,3888,10.0,train
20131129_221220.jpg,3888,8.0,train
20131130_041222.jpg,3888,10.0,train
20131130_061225.jpg,3888,10.0,train
20131130_064230.jpg,3888,10.0,train
20131130_084219.jpg,3888,10.0,train
20131130_134219.jpg,3888,8.0,train
20131201_014232.jpg,3888,7.0,train
20131201_084230.jpg,3888,7.0,train
20131201_121230.jpg,3888,10.0,train
20131201_144227.jpg,3888,9.0,train
20131201_154221.jpg,3888,8.0,train
20131202_001224.jpg,3888,6.0,train
20131202_014230.jpg,3888,6.0,train
20131202_031226.jpg,3888,6.0,train
20131202_104225.jpg,3888,8.0,train
20131202_161224.jpg,3888,9.0,train
20131203_041230.jpg,3888,3.0,train
20131203_061227.jpg,3888,2.0,train
20131203_081222.jpg,3888,4.0,train
20131203_101228.jpg,3888,12.0,train
20131203_224230.jpg,3888,8.0,train
20131204_001224.jpg,3888,8.0,train
20131204_101226.jpg,3888,15.0,train
20131204_131224.jpg,3888,20.0,train
20131204_164219.jpg,3888,16.0,train
20131204_231228.jpg,3888,13.0,train
20131205_071230.jpg,3888,10.0,train
20131205_141219.jpg,3888,14.0,train
20131205_151227.jpg,3888,13.0,train
20131205_211221.jpg,3888,10.0,train
20131205_224228.jpg,3888,10.0,train
20131206_031224.jpg,3888,8.0,train
20131206_041228.jpg,3888,8.0,train
20131206_044231.jpg,3888,9.0,train
20131206_094224.jpg,3888,9.0,train
20131206_151228.jpg,3888,12.0,train
20131207_004232.jpg,3888,10.0,train
20131207_051228.jpg,3888,9.0,train
20131207_094220.jpg,3888,13.0,train
20131207_194223.jpg,3888,6.0,train
20131207_211226.jpg,3888,5.0,train
20131208_061224.jpg,3888,1.0,train
20131208_101232.jpg,3888,11.0,train
20131208_184228.jpg,3888,3.0,train
20131208_191222.jpg,3888,3.0,train
20131208_221230.jpg,3888,3.0,train
20131209_011224.jpg,3888,0.0,train
20131209_041224.jpg,3888,0.0,train
20131209_121219.jpg,3888,10.0,train
20131209_164229.jpg,3888,4.0,train
20131209_211228.jpg,3888,2.0,train
20131210_044226.jpg,3888,1.0,train
20131210_074238.jpg,3888,0.0,train
20131210_121222.jpg,3888,9.0,train
20131210_171231.jpg,3888,8.0,train
20131210_174226.jpg,3888,8.0,train
20131211_024224.jpg,3888,4.0,train
20131211_041222.jpg,3888,4.0,train
20131211_044222.jpg,3888,4.0,train
20131211_121225.jpg,3888,12.0,train
20131211_144230.jpg,3888,13.0,train
20131212_031223.jpg,3888,3.0,train
20131212_061232.jpg,3888,2.0,train
20131212_064234.jpg,3888,3.0,train
20131212_121223.jpg,3888,12.0,train
20131212_154228.jpg,3888,11.0,train
20131213_024221.jpg,3888,5.0,train
20131213_071220.jpg,3888,4.0,train
20131213_154227.jpg,3888,11.0,train
20131213_164219.jpg,3888,9.0,train
20131213_181236.jpg,3888,6.0,train
20131214_014236.jpg,3888,11.0,train
20131214_164222.jpg,3888,12.0,train
20131214_184229.jpg,3888,9.0,train
20131214_231229.jpg,3888,5.0,train
20131214_234224.jpg,3888,4.0,train
20131215_011235.jpg,3888,2.0,train
20131215_091222.jpg,3888,8.0,train
20131215_101225.jpg,3888,10.0,train
20131215_114227.jpg,3888,13.0,train
20131215_221234.jpg,3888,4.0,train
20131216_111226.jpg,3888,12.0,train
20131216_161227.jpg,3888,12.0,train
20131216_181225.jpg,3888,9.0,train
20131216_214222.jpg,3888,6.0,train
20131216_224228.jpg,3888,6.0,train
20131217_001227.jpg,3888,10.0,train
20131217_011222.jpg,3888,11.0,train
20131217_014222.jpg,3888,11.0,train
20131217_021223.jpg,3888,11.0,train
20131217_031221.jpg,3888,11.0,train
20131218_114230.jpg,3888,14.0,train
20131218_141222.jpg,3888,14.0,train
20131218_144225.jpg,3888,14.0,train
20131218_191232.jpg,3888,10.0,train
20131218_221230.jpg,3888,8.0,train
20131219_011230.jpg,3888,7.0,train
20131219_171224.jpg,3888,10.0,train
20131219_201227.jpg,3888,10.0,train
20131219_214228.jpg,3888,11.0,train
20131219_234226.jpg,3888,11.0,train
20131220_061228.jpg,3888,10.0,train
20131220_084225.jpg,3888,10.0,train
20131220_184226.jpg,3888,10.0,train
20131220_201227.jpg,3888,9.0,train
20131220_204228.jpg,3888,9.0,train
20131221_004218.jpg,3888,9.0,train
20131221_061224.jpg,3888,7.0,train
20131221_064221.jpg,3888,6.0,train
20131221_074227.jpg,3888,4.0,train
20131221_221229.jpg,3888,5.0,train
20131222_034229.jpg,3888,3.0,train
20131222_041221.jpg,3888,4.0,train
20131222_044226.jpg,3888,4.0,train
20131222_121221.jpg,3888,13.0,train
20131222_201218.jpg,3888,4.0,train
20131223_034223.jpg,3888,3.0,train
20131223_041228.jpg,3888,3.0,train
20131223_091227.jpg,3888,6.0,train
20131223_094222.jpg,3888,7.0,train
20131223_181232.jpg,3888,9.0,train
20131224_004230.jpg,3888,3.0,train
20131224_011230.jpg,3888,3.0,train
20131224_161223.jpg,3888,16.0,train
20131224_181223.jpg,3888,15.0,train
20131224_204222.jpg,3888,15.0,train
20131225_004220.jpg,3888,15.0,train
20131225_091222.jpg,3888,10.0,train
20131225_114227.jpg,3888,15.0,train
20131225_124225.jpg,3888,15.0,train
20131226_011221.jpg,3888,10.0,train
20131226_064224.jpg,3888,9.0,train
20131226_071223.jpg,3888,9.0,train
20131226_081225.jpg,3888,9.0,train
20131226_171231.jpg,3888,8.0,train
20131227_021222.jpg,3888,9.0,train
20131227_091218.jpg,3888,7.0,train
20131227_094227.jpg,3888,8.0,train
20131227_154222.jpg,3888,15.0,train
20131227_201222.jpg,3888,9.0,train
20131228_034232.jpg,3888,9.0,train
20131228_114221.jpg,3888,14.0,train
20131228_134221.jpg,3888,10.0,train
20131228_154221.jpg,3888,11.0,train
20131228_224225.jpg,3888,10.0,train
20131229_031223.jpg,3888,9.0,train
20131229_061228.jpg,3888,8.0,train
20131229_064228.jpg,3888,8.0,train
20131229_094229.jpg,3888,11.0,train
20131229_231224.jpg,3888,9.0,train
20131230_014225.jpg,3888,9.0,train
20131230_064230.jpg,3888,3.0,train
20131230_081224.jpg,3888,3.0,train
20131230_144222.jpg,3888,11.0,train
20131230_234231.jpg,3888,5.0,train
20131231_044226.jpg,3888,1.0,train
20131231_094220.jpg,3888,6.0,train
20131231_111237.jpg,3888,8.0,train
20131231_121227.jpg,3888,9.0,train
20131231_211223.jpg,3888,5.0,train
20130418_084627.jpg,5021,15.0,train
20130418_091637.jpg,5021,12.0,train
20130418_101632.jpg,5021,13.0,train
20130418_181635.jpg,5021,24.0,train
20130419_021639.jpg,5021,16.0,train
20130419_044634.jpg,5021,13.0,train
20130419_121628.jpg,5021,18.0,train
20130419_134631.jpg,5021,25.0,train
20130419_214634.jpg,5021,17.0,train
20130420_001633.jpg,5021,18.0,train
20130420_091636.jpg,5021,12.0,train
20130420_114633.jpg,5021,23.0,train
20130420_184631.jpg,5021,20.0,train
20130420_194631.jpg,5021,21.0,train
20130420_231634.jpg,5021,19.0,train
20130421_034633.jpg,5021,17.0,train
20130421_044631.jpg,5021,17.0,train
20130421_154630.jpg,5021,25.0,train
20130421_164645.jpg,5021,24.0,train
20130421_184634.jpg,5021,21.0,train
20130422_071636.jpg,5021,14.0,train
20130422_074636.jpg,5021,14.0,train
20130422_184629.jpg,5021,21.0,train
20130423_011643.jpg,5021,17.0,train
20130423_014640.jpg,5021,17.0,train
20130423_094639.jpg,5021,21.0,train
20130423_224634.jpg,5021,17.0,train
20130423_231646.jpg,5021,19.0,train
20130424_014634.jpg,5021,18.0,train
20130424_051635.jpg,5021,15.0,train
20130424_144629.jpg,5021,26.0,train
20130424_204632.jpg,5021,19.0,train
20130425_014631.jpg,5021,19.0,train
20130425_024638.jpg,5021,19.0,train
20130425_054639.jpg,5021,14.0,train
20130425_104638.jpg,5021,24.0,train
20130425_191635.jpg,5021,27.0,train
20130425_231635.jpg,5021,20.0,train
20130425_234632.jpg,5021,19.0,train
20130426_054640.jpg,5021,16.0,train
20130426_071634.jpg,5021,16.0,train
20130426_111630.jpg,5021,19.0,train
20130426_134634.jpg,5021,27.0,train
20130426_234633.jpg,5021,19.0,train
20130427_031633.jpg,5021,18.0,train
20130427_144644.jpg,5021,28.0,train
20130427_154640.jpg,5021,28.0,train
20130427_231634.jpg,5021,20.0,train
20130428_004637.jpg,5021,23.0,train
20130428_041657.jpg,5021,18.0,train
20130428_084641.jpg,5021,20.0,train
20130428_121634.jpg,5021,23.0,train
20130428_181634.jpg,5021,32.0,train
20130428_224633.jpg,5021,24.0,train
20130429_034635.jpg,5021,21.0,train
20130429_154631.jpg,5021,25.0,train
20130429_164639.jpg,5021,24.0,train
20130429_174635.jpg,5021,24.0,train
20130429_201630.jpg,5021,24.0,train
20130430_074635.jpg,5021,20.0,train
20130430_101633.jpg,5021,20.0,train
20130430_184642.jpg,5021,20.0,train
20130501_004637.jpg,5021,19.0,train
20130501_014634.jpg,5021,19.0,train
20130501_054639.jpg,5021,19.0,train
20130501_131631.jpg,5021,21.0,train
20130501_171630.jpg,5021,23.0,train
20130501_174630.jpg,5021,21.0,train
20130501_184635.jpg,5021,20.0,train
20130502_044635.jpg,5021,17.0,train
20130502_054632.jpg,5021,16.0,train
20130502_064634.jpg,5021,16.0,train
20130502_094631.jpg,5021,22.0,train
20130502_141643.jpg,5021,27.0,train
20130503_061630.jpg,5021,20.0,train
20130503_084629.jpg,5021,21.0,train
20130503_091635.jpg,5021,20.0,train
20130503_154629.jpg,5021,28.0,train
20130503_181633.jpg,5021,28.0,train
20130504_061639.jpg,5021,21.0,train
20130504_121628.jpg,5021,21.0,train
20130504_211628.jpg,5021,20.0,train
20130504_224640.jpg,5021,18.0,train
20130505_014630.jpg,5021,15.0,train
20130505_064635.jpg,5021,17.0,train
20130505_134628.jpg,5021,21.0,train
20130505_154629.jpg,5021,21.0,train
20130505_164632.jpg,5021,20.0,train
20130506_021628.jpg,5021,14.0,train
20130506_064638.jpg,5021,12.0,train
20130506_074630.jpg,5021,12.0,train
20130506_101642.jpg,5021,12.0,train
20130506_141635.jpg,5021,19.0,train
20130506_164632.jpg,5021,19.0,train
20130507_124643.jpg,5021,14.0,train
20130507_171630.jpg,5021,17.0,train
20130507_234643.jpg,5021,11.0,train
20130508_021642.jpg,5021,9.0,train
20130508_051634.jpg,5021,7.0,train
20130509_011633.jpg,5021,12.0,train
20130509_021632.jpg,5021,12.0,train
20130509_031638.jpg,5021,10.0,train
20130509_111635.jpg,5021,9.0,train
20130509_124634.jpg,5021,22.0,train
20130509_141635.jpg,5021,20.0,train
20130509_191641.jpg,5021,23.0,train
20130510_044633.jpg,5021,7.0,train
20130510_061641.jpg,5021,9.0,train
20130510_071644.jpg,5021,7.0,train
20130510_134628.jpg,5021,27.0,train
20130510_141633.jpg,5021,22.0,train
20130511_064630.jpg,5021,9.0,train
20130511_151628.jpg,5021,25.0,train
20130511_174635.jpg,5021,21.0,train
20130511_234639.jpg,5021,18.0,train
20130512_004633.jpg,5021,17.0,train
20130512_041634.jpg,5021,15.0,train
20130512_044632.jpg,5021,15.0,train
20130512_064627.jpg,5021,14.0,train
20130512_071632.jpg,5021,15.0,train
20130513_001643.jpg,5021,19.0,train
20130513_071635.jpg,5021,14.0,train
20130513_101641.jpg,5021,15.0,train
20130513_181637.jpg,5021,23.0,train
20130513_214637.jpg,5021,19.0,train
20130514_024631.jpg,5021,22.0,train
20130514_084634.jpg,5021,21.0,train
20130514_204630.jpg,5021,22.0,train
20130514_214634.jpg,5021,22.0,train
20130514_234640.jpg,5021,22.0,train
20130515_021640.jpg,5021,13.0,train
20130515_051626.jpg,5021,19.0,train
20130515_104631.jpg,5021,24.0,train
20130516_004638.jpg,5021,8.0,train
20130516_014641.jpg,5021,8.0,train
20130516_021632.jpg,5021,8.0,train
20130516_114635.jpg,5021,12.0,train
20130516_144642.jpg,5021,14.0,train
20130516_181629.jpg,5021,14.0,train
20130516_191637.jpg,5021,13.0,train
20130517_004639.jpg,5021,12.0,train
20130517_054629.jpg,5021,6.0,train
20130517_071639.jpg,5021,6.0,train
20130517_091645.jpg,5021,6.0,train
20130517_221640.jpg,5021,12.0,train
20130518_024629.jpg,5021,14.0,train
20130518_044639.jpg,5021,7.0,train
20130518_054633.jpg,5021,6.0,train
20130518_104635.jpg,5021,14.0,train
20130518_194630.jpg,5021,15.0,train
20130518_221637.jpg,5021,15.0,train
20130519_104642.jpg,5021,17.0,train
20130519_141632.jpg,5021,17.0,train
20130519_204642.jpg,5021,16.0,train
20130519_224637.jpg,5021,16.0,train
20130519_234633.jpg,5021,16.0,train
20130520_044631.jpg,5021,16.0,train
20130520_074631.jpg,5021,17.0,train
20130520_131635.jpg,5021,18.0,train
20130520_154639.jpg,5021,20.0,train
20130520_181634.jpg,5021,20.0,train
20130521_031630.jpg,5021,16.0,train
20130521_061632.jpg,5021,16.0,train
20130521_094642.jpg,5021,17.0,train
20130521_131626.jpg,5021,17.0,train
20130521_164630.jpg,5021,18.0,train
20130522_041634.jpg,5021,13.0,train
20130522_161634.jpg,5021,16.0,train
20130522_171637.jpg,5021,16.0,train
20130522_224642.jpg,5021,14.0,train
20130523_014635.jpg,5021,15.0,train
20130523_054632.jpg,5021,14.0,train
20130523_091629.jpg,5021,14.0,train
20130523_164651.jpg,5021,19.0,train
20130523_204633.jpg,5021,16.0,train
20130524_014628.jpg,5021,16.0,train
20130524_094639.jpg,5021,13.0,train
20130524_114637.jpg,5021,15.0,train
20130524_154642.jpg,5021,18.0,train
20130524_171642.jpg,5021,16.0,train
20130524_184634.jpg,5021,16.0,train
20130525_031635.jpg,5021,15.0,train
20130525_034634.jpg,5021,14.0,train
20130525_044640.jpg,5021,14.0,train
20130525_071643.jpg,5021,14.0,train
20130526_004635.jpg,5021,16.0,train
20130526_031637.jpg,5021,11.0,train
20130526_054639.jpg,5021,10.0,train
20130526_134641.jpg,5021,22.0,train
20130526_181635.jpg,5021,24.0,train
20130526_211634.jpg,5021,18.0,train
20130527_034629.jpg,5021,13.0,train
20130527_091631.jpg,5021,11.0,train
20130527_171631.jpg,5021,24.0,train
20130528_001630.jpg,5021,19.0,train
20130528_014630.jpg,5021,19.0,train
20130528_181636.jpg,5021,23.0,train
20130528_204641.jpg,5021,19.0,train
20130528_211650.jpg,5021,21.0,train
20130528_214635.jpg,5021,19.0,train
20130529_024630.jpg,5021,14.0,train
20130529_031628.jpg,5021,18.0,train
20130529_051630.jpg,5021,16.0,train
20130529_111636.jpg,5021,19.0,train
20130530_011632.jpg,5021,11.0,train
20130530_021636.jpg,5021,11.0,train
20130530_061630.jpg,5021,10.0,train
20130530_064635.jpg,5021,9.0,train
20130530_101633.jpg,5021,10.0,train
20130530_154640.jpg,5021,17.0,train
20130531_014638.jpg,5021,11.0,train
20130531_031642.jpg,5021,8.0,train
20130531_034645.jpg,5021,7.0,train
20130531_054632.jpg,5021,6.0,train
20130531_184650.jpg,5021,14.0,train
20130601_021632.jpg,5021,12.0,train
20130601_054623.jpg,5021,12.0,train
20130601_131630.jpg,5021,13.0,train
20130601_154626.jpg,5021,15.0,train
20130602_021633.jpg,5021,11.0,train
20130602_024627.jpg,5021,11.0,train
20130602_054640.jpg,5021,13.0,train
20130602_064637.jpg,5021,13.0,train
20130602_104640.jpg,5021,15.0,train
20130602_121653.jpg,5021,15.0,train
20130602_214637.jpg,5021,13.0,train
20130603_084700.jpg,5021,14.0,train
20130603_101702.jpg,5021,13.0,train
20130603_141647.jpg,5021,16.0,train
20130603_164628.jpg,5021,18.0,train
20130603_201704.jpg,5021,16.0,train
20130604_084646.jpg,5021,10.0,train
20130604_094637.jpg,5021,12.0,train
20130604_194638.jpg,5021,14.0,train
20130604_221628.jpg,5021,14.0,train
20130605_021632.jpg,5021,16.0,train
20130605_054630.jpg,5021,10.0,train
20130605_114627.jpg,5021,22.0,train
20130605_121635.jpg,5021,15.0,train
20130605_174633.jpg,5021,22.0,train
20130605_191639.jpg,5021,24.0,train
20130606_094637.jpg,5021,18.0,train
20130606_131631.jpg,5021,18.0,train
20130606_194631.jpg,5021,14.0,train
20130606_224630.jpg,5021,9.0,train
20130607_024628.jpg,5021,12.0,train
20130607_031635.jpg,5021,8.0,train
20130607_041632.jpg,5021,8.0,train
20130607_064633.jpg,5021,7.0,train
20130607_131633.jpg,5021,15.0,train
20130607_231629.jpg,5021,14.0,train
20130608_071637.jpg,5021,9.0,train
20130608_134628.jpg,5021,18.0,train
20130608_164628.jpg,5021,17.0,train
20130608_191630.jpg,5021,17.0,train
20130608_194634.jpg,5021,14.0,train
20130609_031628.jpg,5021,12.0,train
20130609_144642.jpg,5021,22.0,train
20130609_194638.jpg,5021,18.0,train
20130609_224629.jpg,5021,17.0,train
20130610_011635.jpg,5021,14.0,train
20130610_031631.jpg,5021,16.0,train
20130610_081632.jpg,5021,15.0,train
20130610_164633.jpg,5021,22.0,train
20130610_201636.jpg,5021,19.0,train
20130610_211632.jpg,5021,18.0,train
20130611_044629.jpg,5021,13.0,train
20130611_094632.jpg,5021,14.0,train
20130611_184638.jpg,5021,16.0,train
20130611_234627.jpg,5021,16.0,train
20130612_004632.jpg,5021,13.0,train
20130612_114630.jpg,5021,18.0,train
20130612_134633.jpg,5021,19.0,train
20130612_191640.jpg,5021,18.0,train
20130612_194632.jpg,5021,15.0,train
20130613_014634.jpg,5021,13.0,train
20130613_044636.jpg,5021,14.0,train
20130613_051632.jpg,5021,14.0,train
20130613_061626.jpg,5021,14.0,train
20130613_184637.jpg,5021,16.0,train
20130613_194632.jpg,5021,14.0,train
20130614_031632.jpg,5021,12.0,train
20130614_084629.jpg,5021,14.0,train
20130614_144633.jpg,5021,18.0,train
20130614_201642.jpg,5021,19.0,train
20130614_224639.jpg,5021,15.0,train
20130615_054636.jpg,5021,13.0,train
20130615_111631.jpg,5021,14.0,train
20130615_191628.jpg,5021,17.0,train
20130615_221633.jpg,5021,15.0,train
20130615_224630.jpg,5021,12.0,train
20130616_121634.jpg,5021,17.0,train
20130616_201636.jpg,5021,17.0,train
20130616_234635.jpg,5021,17.0,train
20130617_001717.jpg,5021,15.0,train
20130617_024631.jpg,5021,15.0,train
20130617_071631.jpg,5021,16.0,train
20130617_104639.jpg,5021,15.0,train
20130617_111638.jpg,5021,16.0,train
20130617_221628.jpg,5021,15.0,train
20130618_001633.jpg,5021,17.0,train
20130618_044642.jpg,5021,13.0,train
20130618_091634.jpg,5021,14.0,train
20130618_094634.jpg,5021,15.0,train
20130618_131630.jpg,5021,14.0,train
20130618_161633.jpg,5021,20.0,train
20130619_054752.jpg,5021,16.0,train
20130619_071809.jpg,5021,16.0,train
20130619_104627.jpg,5021,15.0,train
20130619_164632.jpg,5021,14.0,train
20130619_174630.jpg,5021,14.0,train
20130620_051632.jpg,5021,12.0,train
20130620_061638.jpg,5021,12.0,train
20130620_151639.jpg,5021,15.0,train
20130620_224636.jpg,5021,14.0,train
20130621_004645.jpg,5021,14.0,train
20130621_061637.jpg,5021,14.0,train
20130621_101629.jpg,5021,15.0,train
20130621_144628.jpg,5021,16.0,train
20130621_171632.jpg,5021,16.0,train
20130621_231635.jpg,5021,15.0,train
20130622_094630.jpg,5021,14.0,train
20130622_144632.jpg,5021,17.0,train
20130622_211637.jpg,5021,13.0,train
20130622_221634.jpg,5021,12.0,train
20130623_001639.jpg,5021,13.0,train
20130623_134719.jpg,5021,18.0,train
20130623_224637.jpg,5021,12.0,train
20130623_231629.jpg,5021,12.0,train
20130624_014632.jpg,5021,16.0,train
20130624_021633.jpg,5021,16.0,train
20130624_104629.jpg,5021,16.0,train
20130624_184641.jpg,5021,16.0,train
20130624_221636.jpg,5021,16.0,train
20130624_224630.jpg,5021,16.0,train
20130624_231635.jpg,5021,16.0,train
20130625_041633.jpg,5021,16.0,train
20130625_121633.jpg,5021,17.0,train
20130625_204648.jpg,5021,15.0,train
20130625_231633.jpg,5021,15.0,train
20130626_004637.jpg,5021,11.0,train
20130626_051634.jpg,5021,14.0,train
20130626_071638.jpg,5021,14.0,train
20130626_111638.jpg,5021,14.0,train
20130626_121628.jpg,5021,14.0,train
20130626_191635.jpg,5021,15.0,train
20130627_104634.jpg,5021,9.0,train
20130627_114638.jpg,5021,12.0,train
20130627_141803.jpg,5021,11.0,train
20130627_201635.jpg,5021,15.0,train
20130628_014633.jpg,5021,17.0,train
20130628_104626.jpg,5021,16.0,train
20130628_164634.jpg,5021,20.0,train
20130628_171635.jpg,5021,22.0,train
20130628_201635.jpg,5021,19.0,train
20130629_004630.jpg,5021,14.0,train
20130629_044632.jpg,5021,16.0,train
20130629_064636.jpg,5021,15.0,train
20130629_091628.jpg,5021,15.0,train
20130629_234629.jpg,5021,14.0,train
20130630_004637.jpg,5021,8.0,train
20130630_034635.jpg,5021,10.0,train
20130630_081633.jpg,5021,11.0,train
20130630_111639.jpg,5021,10.0,train
20130630_194635.jpg,5021,11.0,train
20130630_204630.jpg,5021,10.0,train
20130701_081632.jpg,5021,5.0,train
20130701_194633.jpg,5021,11.0,train
20130701_224632.jpg,5021,9.0,train
20130701_234633.jpg,5021,9.0,train
20130702_024637.jpg,5021,10.0,train
20130702_111630.jpg,5021,7.0,train
20130702_201637.jpg,5021,15.0,train
20130702_211644.jpg,5021,14.0,train
20130702_214635.jpg,5021,11.0,train
20130702_221628.jpg,5021,13.0,train
20130703_031628.jpg,5021,9.0,train
20130703_051638.jpg,5021,8.0,train
20130703_054629.jpg,5021,7.0,train
20130704_001634.jpg,5021,19.0,train
20130704_024635.jpg,5021,18.0,train
20130704_081629.jpg,5021,11.0,train
20130704_104632.jpg,5021,22.0,train
20130704_111632.jpg,5021,15.0,train
20130704_231632.jpg,5021,20.0,train
20130704_234632.jpg,5021,18.0,train
20130705_044627.jpg,5021,15.0,train
20130705_061632.jpg,5021,15.0,train
20130705_081638.jpg,5021,14.0,train
20130705_114630.jpg,5021,25.0,train
20130705_234634.jpg,5021,19.0,train
20130706_051632.jpg,5021,17.0,train
20130706_094634.jpg,5021,24.0,train
20130706_154630.jpg,5021,22.0,train
20130706_164629.jpg,5021,22.0,train
20130707_001632.jpg,5021,12.0,train
20130707_181643.jpg,5021,13.0,train
20130707_194634.jpg,5021,12.0,train
20130707_224627.jpg,5021,12.0,train
20130708_084633.jpg,5021,12.0,train
20130708_164632.jpg,5021,14.0,train
20130708_211633.jpg,5021,13.0,train
20130709_011637.jpg,5021,16.0,train
20130709_014629.jpg,5021,16.0,train
20130709_071635.jpg,5021,10.0,train
20130709_084630.jpg,5021,14.0,train
20130709_111635.jpg,5021,14.0,train
20130709_201632.jpg,5021,18.0,train
20130710_001634.jpg,5021,19.0,train
20130710_034631.jpg,5021,15.0,train
20130710_074647.jpg,5021,15.0,train
20130710_141635.jpg,5021,24.0,train
20130710_201637.jpg,5021,20.0,train
20130710_231642.jpg,5021,20.0,train
20130711_071632.jpg,5021,13.0,train
20130711_094636.jpg,5021,19.0,train
20130711_101630.jpg,5021,13.0,train
20130711_174630.jpg,5021,18.0,train
20130711_224634.jpg,5021,17.0,train
20130712_034631.jpg,5021,16.0,train
20130712_041630.jpg,5021,15.0,train
20130712_061637.jpg,5021,16.0,train
20130713_014629.jpg,5021,19.0,train
20130713_024628.jpg,5021,19.0,train
20130713_041631.jpg,5021,18.0,train
20130713_051637.jpg,5021,17.0,train
20130713_134633.jpg,5021,20.0,train
20130713_141630.jpg,5021,19.0,train
20130714_004629.jpg,5021,13.0,train
20130714_091627.jpg,5021,16.0,train
20130714_094640.jpg,5021,19.0,train
20130714_101632.jpg,5021,17.0,train
20130714_134630.jpg,5021,20.0,train
20130714_171634.jpg,5021,20.0,train
20130715_031631.jpg,5021,12.0,train
20130715_164639.jpg,5021,15.0,train
20130715_191628.jpg,5021,15.0,train
20130715_211633.jpg,5021,13.0,train
20130715_224639.jpg,5021,8.0,train
20130716_034643.jpg,5021,6.0,train
20130716_094638.jpg,5021,10.0,train
20130716_184636.jpg,5021,15.0,train
20130716_214638.jpg,5021,10.0,train
20130717_021627.jpg,5021,15.0,train
20130717_051636.jpg,5021,8.0,train
20130717_111633.jpg,5021,12.0,train
20130717_151638.jpg,5021,20.0,train
20130717_194628.jpg,5021,17.0,train
20130718_004629.jpg,5021,10.0,train
20130718_091635.jpg,5021,16.0,train
20130718_114627.jpg,5021,16.0,train
20130718_194633.jpg,5021,12.0,train
20130718_201639.jpg,5021,14.0,train
20130718_221637.jpg,5021,12.0,train
20130719_044629.jpg,5021,8.0,train
20130719_111640.jpg,5021,9.0,train
20130719_131630.jpg,5021,10.0,train
20130719_181632.jpg,5021,11.0,train
20130719_214632.jpg,5021,10.0,train
20130720_104637.jpg,5021,12.0,train
20130720_141638.jpg,5021,13.0,train
20130720_154637.jpg,5021,12.0,train
20130720_174637.jpg,5021,11.0,train
20130720_184649.jpg,5021,11.0,train
20130721_051635.jpg,5021,9.0,train
20130721_061635.jpg,5021,9.0,train
20130721_114634.jpg,5021,11.0,train
20130721_124635.jpg,5021,11.0,train
20130721_231639.jpg,5021,9.0,train
20130722_081635.jpg,5021,5.0,train
20130722_151638.jpg,5021,11.0,train
20130722_191629.jpg,5021,9.0,train
20130722_204631.jpg,5021,6.0,train
20130723_001630.jpg,5021,7.0,train
20130723_034636.jpg,5021,5.0,train
20130723_064637.jpg,5021,4.0,train
20130723_084629.jpg,5021,6.0,train
20130723_091635.jpg,5021,4.0,train
20130724_011631.jpg,5021,3.0,train
20130724_081632.jpg,5021,3.0,train
20130724_111632.jpg,5021,6.0,train
20130724_141641.jpg,5021,11.0,train
20130724_161632.jpg,5021,11.0,train
20130725_004629.jpg,5021,7.0,train
20130725_061632.jpg,5021,1.0,train
20130725_094635.jpg,5021,8.0,train
20130725_151627.jpg,5021,14.0,train
20130725_161633.jpg,5021,15.0,train
20130725_171644.jpg,5021,15.0,train
20130726_034636.jpg,5021,4.0,train
20130726_111631.jpg,5021,3.0,train
20130726_131634.jpg,5021,12.0,train
20130726_231633.jpg,5021,13.0,train
20130727_011631.jpg,5021,10.0,train
20130727_051630.jpg,5021,7.0,train
20130727_071627.jpg,5021,7.0,train
20130727_114635.jpg,5021,18.0,train
20130727_131626.jpg,5021,16.0,train
20130728_001636.jpg,5021,13.0,train
20130728_034634.jpg,5021,8.0,train
20130728_044634.jpg,5021,8.0,train
20130728_084631.jpg,5021,11.0,train
20130728_091634.jpg,5021,8.0,train
20130728_134629.jpg,5021,21.0,train
20130729_041637.jpg,5021,9.0,train
20130729_094627.jpg,5021,12.0,train
20130729_151629.jpg,5021,19.0,train
20130729_191635.jpg,5021,20.0,train
20130730_004639.jpg,5021,12.0,train
20130730_084635.jpg,5021,11.0,train
20130730_091632.jpg,5021,11.0,train
20130730_124628.jpg,5021,12.0,train
20130730_141642.jpg,5021,12.0,train
20130730_204636.jpg,5021,13.0,train
20130731_101629.jpg,5021,9.0,train
20130731_134629.jpg,5021,24.0,train
20130731_221643.jpg,5021,17.0,train
20130801_001634.jpg,5021,20.0,train
20130801_021639.jpg,5021,19.0,train
20130801_084637.jpg,5021,16.0,train
20130801_144627.jpg,5021,30.0,train
20130801_161632.jpg,5021,30.0,train
20130801_191636.jpg,5021,30.0,train
20130801_231636.jpg,5021,22.0,train
20130802_041625.jpg,5021,18.0,train
20130802_094632.jpg,5021,18.0,train
20130802_114631.jpg,5021,20.0,train
20130802_134632.jpg,5021,18.0,train
20130803_001635.jpg,5021,12.0,train
20130803_044626.jpg,5021,13.0,train
20130803_051641.jpg,5021,14.0,train
20130803_064630.jpg,5021,13.0,train
20130803_101631.jpg,5021,13.0,train
20130804_011630.jpg,5021,10.0,train
20130804_084631.jpg,5021,12.0,train
20130804_151634.jpg,5021,16.0,train
20130804_154642.jpg,5021,17.0,train
20130804_231633.jpg,5021,12.0,train
20130805_001639.jpg,5021,14.0,train
20130805_041631.jpg,5021,8.0,train
20130805_204632.jpg,5021,14.0,train
20130805_221634.jpg,5021,14.0,train
20130805_224633.jpg,5021,13.0,train
20130806_014637.jpg,5021,12.0,train
20130806_031638.jpg,5021,13.0,train
20130806_104630.jpg,5021,18.0,train
20130806_134634.jpg,5021,21.0,train
20130806_174635.jpg,5021,17.0,train
20130806_231631.jpg,5021,13.0,train
20130807_091629.jpg,5021,10.0,train
20130807_141627.jpg,5021,16.0,train
20130807_154629.jpg,5021,23.0,train
20130807_184633.jpg,5021,18.0,train
20130808_021634.jpg,5021,13.0,train
20130808_041631.jpg,5021,13.0,train
20130808_051637.jpg,5021,13.0,train
20130808_091635.jpg,5021,14.0,train
20130808_104634.jpg,5021,29.0,train
20130808_111632.jpg,5021,22.0,train
20130809_101631.jpg,5021,11.0,train
20130809_234627.jpg,5021,10.0,train
20130810_011629.jpg,5021,10.0,train
20130810_021626.jpg,5021,10.0,train
20130810_024632.jpg,5021,10.0,train
20130810_111633.jpg,5021,11.0,train
20130810_114626.jpg,5021,12.0,train
20130810_164636.jpg,5021,11.0,train
20130810_171644.jpg,5021,12.0,train
20130810_214638.jpg,5021,10.0,train
20130811_104631.jpg,5021,11.0,train
20130811_134634.jpg,5021,13.0,train
20130811_171636.jpg,5021,13.0,train
20130811_201632.jpg,5021,13.0,train
20130812_024628.jpg,5021,13.0,train
20130812_031634.jpg,5021,7.0,train
20130812_084634.jpg,5021,6.0,train
20130812_111628.jpg,5021,6.0,train
20130812_161639.jpg,5021,18.0,train
20130812_171639.jpg,5021,18.0,train
20130813_131632.jpg,5021,12.0,train
20130813_134628.jpg,5021,13.0,train
20130813_151636.jpg,5021,12.0,train
20130813_221638.jpg,5021,10.0,train
20130814_001631.jpg,5021,8.0,train
20130814_121638.jpg,5021,9.0,train
20130814_184652.jpg,5021,9.0,train
20130814_191629.jpg,5021,9.0,train
20130814_194625.jpg,5021,9.0,train
20130814_211632.jpg,5021,9.0,train
20130815_111631.jpg,5021,9.0,train
20130815_114642.jpg,5021,11.0,train
20130815_131632.jpg,5021,11.0,train
20130815_134637.jpg,5021,13.0,train
20130815_181628.jpg,5021,15.0,train
20130816_031639.jpg,5021,8.0,train
20130816_034629.jpg,5021,5.0,train
20130816_051635.jpg,5021,7.0,train
20130816_144645.jpg,5021,20.0,train
20130817_014631.jpg,5021,12.0,train
20130817_064633.jpg,5021,6.0,train
20130817_084627.jpg,5021,12.0,train
20130817_144635.jpg,5021,17.0,train
20130817_161634.jpg,5021,18.0,train
20130817_234634.jpg,5021,12.0,train
20130818_094627.jpg,5021,17.0,train
20130818_124628.jpg,5021,21.0,train
20130818_171635.jpg,5021,21.0,train
20130818_181632.jpg,5021,20.0,train
20130818_204635.jpg,5021,15.0,train
20130819_051635.jpg,5021,13.0,train
20130819_064627.jpg,5021,12.0,train
20130819_074638.jpg,5021,14.0,train
20130819_094628.jpg,5021,18.0,train
20130819_124635.jpg,5021,23.0,train
20130820_204641.jpg,5021,19.0,train
20130820_231639.jpg,5021,19.0,train
20130820_234631.jpg,5021,16.0,train
20130821_001631.jpg,5021,19.0,train
20130821_014632.jpg,5021,19.0,train
20130821_041631.jpg,5021,14.0,train
20130821_084630.jpg,5021,21.0,train
20130821_134631.jpg,5021,26.0,train
20130822_011633.jpg,5021,12.0,train
20130822_024640.jpg,5021,12.0,train
20130822_041628.jpg,5021,17.0,train
20130822_131628.jpg,5021,20.0,train
20130822_134644.jpg,5021,23.0,train
20130822_161633.jpg,5021,22.0,train
20130822_174632.jpg,5021,18.0,train
20130823_121626.jpg,5021,10.0,train
20130823_194634.jpg,5021,7.0,train
20130823_214631.jpg,5021,7.0,train
20130823_224630.jpg,5021,7.0,train
20130823_234630.jpg,5021,7.0,train
20130824_124633.jpg,5021,12.0,train
20130824_151636.jpg,5021,12.0,train
20130824_221639.jpg,5021,13.0,train
20130824_224634.jpg,5021,13.0,train
20130825_011633.jpg,5021,10.0,train
20130825_031631.jpg,5021,14.0,train
20130825_041638.jpg,5021,14.0,train
20130825_074628.jpg,5021,13.0,train
20130825_091629.jpg,5021,13.0,train
20130826_024638.jpg,5021,7.0,train
20130826_034630.jpg,5021,9.0,train
20130826_144640.jpg,5021,9.0,train
20130826_161629.jpg,5021,10.0,train
20130826_164632.jpg,5021,9.0,train
20130826_191637.jpg,5021,9.0,train
20130828_134627.jpg,5021,15.0,train
20130828_164629.jpg,5021,16.0,train
20130828_181634.jpg,5021,16.0,train
20130828_184627.jpg,5021,14.0,train
20130829_001640.jpg,5021,14.0,train
20130829_031630.jpg,5021,8.0,train
20130829_101633.jpg,5021,10.0,train
20130829_124633.jpg,5021,19.0,train
20130829_161637.jpg,5021,20.0,train
20130829_204628.jpg,5021,15.0,train
20130830_044627.jpg,5021,9.0,train
20130830_084628.jpg,5021,15.0,train
20130830_104636.jpg,5021,22.0,train
20130830_191635.jpg,5021,26.0,train
20130831_021634.jpg,5021,18.0,train
20130831_111631.jpg,5021,17.0,train
20130831_131627.jpg,5021,24.0,train
20130831_171628.jpg,5021,27.0,train
20130831_184638.jpg,5021,21.0,train
20130901_004628.jpg,5021,17.0,train
20130901_041628.jpg,5021,18.0,train
20130901_084635.jpg,5021,20.0,train
20130901_124638.jpg,5021,20.0,train
20130902_001636.jpg,5021,18.0,train
20130902_014631.jpg,5021,17.0,train
20130902_094636.jpg,5021,19.0,train
20130902_111632.jpg,5021,18.0,train
20130902_211637.jpg,5021,21.0,train
20130902_221638.jpg,5021,21.0,train
20130903_021629.jpg,5021,11.0,train
20130903_041632.jpg,5021,17.0,train
20130903_061642.jpg,5021,15.0,train
20130903_071632.jpg,5021,15.0,train
20130903_111631.jpg,5021,16.0,train
20130904_011631.jpg,5021,11.0,train
20130904_051635.jpg,5021,11.0,train
20130904_064626.jpg,5021,9.0,train
20130904_081643.jpg,5021,10.0,train
20130904_114632.jpg,5021,15.0,train
20130905_004637.jpg,5021,16.0,train
20130905_031636.jpg,5021,11.0,train
20130905_041637.jpg,5021,11.0,train
20130905_091636.jpg,5021,11.0,train
20130906_014633.jpg,5021,18.0,train
20130906_024634.jpg,5021,18.0,train
20130906_084629.jpg,5021,18.0,train
20130906_121630.jpg,5021,21.0,train
20130906_181633.jpg,5021,28.0,train
20130906_184635.jpg,5021,22.0,train
20130907_001629.jpg,5021,20.0,train
20130907_141638.jpg,5021,25.0,train
20130908_004632.jpg,5021,18.0,train
20130908_011632.jpg,5021,18.0,train
20130908_021642.jpg,5021,18.0,train
20130908_024628.jpg,5021,18.0,train
20130908_031633.jpg,5021,19.0,train
20130908_144630.jpg,5021,26.0,train
20130908_154635.jpg,5021,26.0,train
20130908_201630.jpg,5021,25.0,train
20130909_034634.jpg,5021,16.0,train
20130909_041634.jpg,5021,18.0,train
20130909_061633.jpg,5021,16.0,train
20130909_201629.jpg,5021,26.0,train
20130910_014635.jpg,5021,20.0,train
20130910_041638.jpg,5021,20.0,train
20130910_121633.jpg,5021,24.0,train
20130910_131630.jpg,5021,28.0,train
20130910_221632.jpg,5021,24.0,train
20130911_021637.jpg,5021,21.0,train
20130911_114635.jpg,5021,31.0,train
20130911_121639.jpg,5021,26.0,train
20130911_141637.jpg,5021,31.0,train
20130911_164643.jpg,5021,34.0,train
20130911_184636.jpg,5021,26.0,train
20130912_094632.jpg,5021,26.0,train
20130912_124633.jpg,5021,32.0,train
20130912_161634.jpg,5021,33.0,train
20130912_171630.jpg,5021,35.0,train
20130912_181629.jpg,5021,35.0,train
20130913_114641.jpg,5021,34.0,train
20130913_164627.jpg,5021,34.0,train
20130913_174635.jpg,5021,30.0,train
20130913_181642.jpg,5021,35.0,train
20130914_014644.jpg,5021,19.0,train
20130914_051630.jpg,5021,18.0,train
20130914_094637.jpg,5021,19.0,train
20130914_171628.jpg,5021,24.0,train
20130914_174635.jpg,5021,22.0,train
20130915_014643.jpg,5021,19.0,train
20130915_044634.jpg,5021,19.0,train
20130915_054633.jpg,5021,19.0,train
20130915_091626.jpg,5021,19.0,train
20130915_104633.jpg,5021,19.0,train
20130915_154633.jpg,5021,23.0,train
20130916_061627.jpg,5021,17.0,train
20130916_101637.jpg,5021,16.0,train
20130916_111638.jpg,5021,16.0,train
20130916_161636.jpg,5021,15.0,train
20130916_214638.jpg,5021,16.0,train
20130917_041628.jpg,5021,15.0,train
20130917_111635.jpg,5021,14.0,train
20130917_164633.jpg,5021,15.0,train
20130917_204636.jpg,5021,11.0,train
20130918_001634.jpg,5021,10.0,train
20130918_084630.jpg,5021,11.0,train
20130918_131643.jpg,5021,13.0,train
20130918_144634.jpg,5021,16.0,train
20130918_211634.jpg,5021,14.0,train
20130918_234636.jpg,5021,8.0,train
20130919_054628.jpg,5021,6.0,train
20130919_061641.jpg,5021,7.0,train
20130919_114633.jpg,5021,18.0,train
20130919_204637.jpg,5021,14.0,train
20130919_231629.jpg,5021,14.0,train
20130920_064626.jpg,5021,15.0,train
20130920_071635.jpg,5021,12.0,train
20130920_114633.jpg,5021,18.0,train
20130921_011638.jpg,5021,14.0,train
20130921_051631.jpg,5021,17.0,train
20130921_081633.jpg,5021,17.0,train
20130921_194631.jpg,5021,15.0,train
20130921_214632.jpg,5021,14.0,train
20130922_011630.jpg,5021,14.0,train
20130922_101633.jpg,5021,15.0,train
20130922_104634.jpg,5021,16.0,train
20130922_151632.jpg,5021,17.0,train
20130922_184627.jpg,5021,15.0,train
20130922_211640.jpg,5021,15.0,train
20130923_034632.jpg,5021,13.0,train
20130923_071626.jpg,5021,13.0,train
20130923_104630.jpg,5021,15.0,train
20130923_211630.jpg,5021,13.0,train
20130924_021635.jpg,5021,13.0,train
20130924_074627.jpg,5021,10.0,train
20130924_104635.jpg,5021,10.0,train
20130924_164627.jpg,5021,12.0,train
20130924_174637.jpg,5021,13.0,train
20130924_181633.jpg,5021,13.0,train
20130925_084636.jpg,5021,15.0,train
20130925_091634.jpg,5021,12.0,train
20130925_154633.jpg,5021,17.0,train
20130925_191631.jpg,5021,16.0,train
20130925_214633.jpg,5021,12.0,train
20130926_054631.jpg,5021,9.0,train
20130926_074633.jpg,5021,11.0,train
20130926_124643.jpg,5021,19.0,train
20130926_184636.jpg,5021,16.0,train
20130927_011632.jpg,5021,16.0,train
20130927_041641.jpg,5021,12.0,train
20130927_051628.jpg,5021,11.0,train
20130927_111631.jpg,5021,16.0,train
20130927_201634.jpg,5021,20.0,train
20130927_214634.jpg,5021,16.0,train
20130928_124634.jpg,5021,17.0,train
20130928_184632.jpg,5021,17.0,train
20130928_204628.jpg,5021,16.0,train
20130928_231637.jpg,5021,16.0,train
20130929_004628.jpg,5021,17.0,train
20130929_091634.jpg,5021,15.0,train
20130929_114639.jpg,5021,21.0,train
20130929_141628.jpg,5021,21.0,train
20130929_171640.jpg,5021,21.0,train
20130929_191635.jpg,5021,21.0,train
20130930_144633.jpg,5021,20.0,train
20130930_161627.jpg,5021,20.0,train
20130930_164638.jpg,5021,19.0,train
20130930_191633.jpg,5021,19.0,train
20131001_004636.jpg,5021,14.0,train
20131001_111634.jpg,5021,17.0,train
20131001_144627.jpg,5021,22.0,train
20131001_161632.jpg,5021,22.0,train
20131001_174629.jpg,5021,21.0,train
20131001_224633.jpg,5021,14.0,train
20131002_064626.jpg,5021,13.0,train
20131002_081634.jpg,5021,13.0,train
20131002_134629.jpg,5021,23.0,train
20131002_181632.jpg,5021,25.0,train
20131003_004635.jpg,5021,19.0,train
20131003_051636.jpg,5021,14.0,train
20131003_074632.jpg,5021,17.0,train
20131003_121630.jpg,5021,19.0,train
20131003_144632.jpg,5021,20.0,train
20131003_214638.jpg,5021,18.0,train
20131004_134632.jpg,5021,18.0,train
20131004_171631.jpg,5021,19.0,train
20131004_191642.jpg,5021,17.0,train
20131005_001637.jpg,5021,15.0,train
20131005_031636.jpg,5021,13.0,train
20131005_054627.jpg,5021,13.0,train
20131005_161641.jpg,5021,20.0,train
20131005_171636.jpg,5021,20.0,train
20131005_221640.jpg,5021,16.0,train
20131006_144635.jpg,5021,21.0,train
20131006_204637.jpg,5021,15.0,train
20131006_211638.jpg,5021,17.0,train
20131007_001634.jpg,5021,15.0,train
20131007_011636.jpg,5021,15.0,train
20131007_111628.jpg,5021,18.0,train
20131007_124640.jpg,5021,22.0,train
20131007_134626.jpg,5021,22.0,train
20131007_184629.jpg,5021,17.0,train
20131007_234631.jpg,5021,15.0,train
20131008_064627.jpg,5021,13.0,train
20131008_074634.jpg,5021,16.0,train
20131008_131640.jpg,5021,21.0,train
20131008_184630.jpg,5021,18.0,train
20131009_001632.jpg,5021,19.0,train
20131009_034636.jpg,5021,14.0,train
20131009_051635.jpg,5021,14.0,train
20131009_164629.jpg,5021,25.0,train
20131009_234628.jpg,5021,19.0,train
20131010_001631.jpg,5021,20.0,train
20131010_041640.jpg,5021,17.0,train
20131010_054631.jpg,5021,15.0,train
20131010_061637.jpg,5021,16.0,train
20131011_011637.jpg,5021,20.0,train
20131011_014631.jpg,5021,20.0,train
20131011_044626.jpg,5021,16.0,train
20131011_124626.jpg,5021,27.0,train
20131011_164637.jpg,5021,25.0,train
20131011_211631.jpg,5021,22.0,train
20131012_024630.jpg,5021,21.0,train
20131012_104641.jpg,5021,23.0,train
20131012_154631.jpg,5021,24.0,train
20131012_191630.jpg,5021,24.0,train
20131012_214633.jpg,5021,21.0,train
20131013_024639.jpg,5021,21.0,train
20131013_031635.jpg,5021,20.0,train
20131013_034634.jpg,5021,20.0,train
20131013_044632.jpg,5021,20.0,train
20131013_054633.jpg,5021,20.0,train
20131013_074637.jpg,5021,20.0,train
20131014_144636.jpg,5021,27.0,train
20131014_151630.jpg,5021,26.0,train
20131014_214636.jpg,5021,20.0,train
20131014_231637.jpg,5021,20.0,train
20131015_021635.jpg,5021,17.0,train
20131015_041634.jpg,5021,18.0,train
20131015_044630.jpg,5021,17.0,train
20131015_061629.jpg,5021,17.0,train
20131015_181631.jpg,5021,25.0,train
20131015_194636.jpg,5021,20.0,train
20131016_041628.jpg,5021,17.0,train
20131016_061636.jpg,5021,16.0,train
20131016_081628.jpg,5021,15.0,train
20131016_184636.jpg,5021,21.0,train
20131016_221632.jpg,5021,20.0,train
20131017_101639.jpg,5021,19.0,train
20131017_194635.jpg,5021,19.0,train
20131017_204631.jpg,5021,22.0,train
20131017_234630.jpg,5021,17.0,train
20131018_024626.jpg,5021,17.0,train
20131018_091628.jpg,5021,16.0,train
20131018_131627.jpg,5021,22.0,train
20131018_161634.jpg,5021,24.0,train
20131018_181634.jpg,5021,25.0,train
20131018_234632.jpg,5021,17.0,train
20131019_051635.jpg,5021,16.0,train
20131019_061641.jpg,5021,16.0,train
20131019_104637.jpg,5021,24.0,train
20131019_184633.jpg,5021,21.0,train
20131019_211636.jpg,5021,21.0,train
20131020_084634.jpg,5021,20.0,train
20131020_151631.jpg,5021,29.0,train
20131020_221634.jpg,5021,27.0,train
20131021_021634.jpg,5021,18.0,train
20131021_024630.jpg,5021,18.0,train
20131021_041630.jpg,5021,21.0,train
20131021_044633.jpg,5021,22.0,train
20131021_054634.jpg,5021,23.0,train
20131021_091628.jpg,5021,21.0,train
20131022_021636.jpg,5021,18.0,train
20131022_091633.jpg,5021,17.0,train
20131022_121630.jpg,5021,20.0,train
20131022_181632.jpg,5021,24.0,train
20131022_201631.jpg,5021,22.0,train
20131022_224633.jpg,5021,18.0,train
20131023_181635.jpg,5021,23.0,train
20131023_224636.jpg,5021,22.0,train
20131024_011632.jpg,5021,17.0,train
20131024_071629.jpg,5021,21.0,train
20131024_121641.jpg,5021,21.0,train
20131024_224627.jpg,5021,17.0,train
20131024_231635.jpg,5021,18.0,train
20131025_001634.jpg,5021,18.0,train
20131025_094639.jpg,5021,20.0,train
20131025_161628.jpg,5021,21.0,train
20131025_194633.jpg,5021,19.0,train
20131025_221629.jpg,5021,19.0,train
20131026_021633.jpg,5021,19.0,train
20131026_094633.jpg,5021,19.0,train
20131026_124628.jpg,5021,18.0,train
20131026_164635.jpg,5021,19.0,train
20131026_181631.jpg,5021,18.0,train
20131027_004630.jpg,5021,16.0,train
20131027_094637.jpg,5021,20.0,train
20131027_144633.jpg,5021,24.0,train
20131027_201632.jpg,5021,22.0,train
20131028_001633.jpg,5021,17.0,train
20131028_021637.jpg,5021,15.0,train
20131028_044639.jpg,5021,13.0,train
20131028_074637.jpg,5021,14.0,train
20131028_171626.jpg,5021,22.0,train
20131028_214635.jpg,5021,17.0,train
20131028_221636.jpg,5021,18.0,train
20131029_031636.jpg,5021,14.0,train
20131029_064631.jpg,5021,12.0,train
20131029_154638.jpg,5021,24.0,train
20131029_201635.jpg,5021,23.0,train
20131030_014627.jpg,5021,19.0,train
20131030_084640.jpg,5021,19.0,train
20131030_144644.jpg,5021,25.0,train
20131030_181634.jpg,5021,25.0,train
20131030_201627.jpg,5021,23.0,train
20131030_211645.jpg,5021,22.0,train
20131031_174630.jpg,5021,23.0,train
20131031_221637.jpg,5021,21.0,train
20131031_234633.jpg,5021,20.0,train
20131101_011634.jpg,5021,21.0,train
20131101_021636.jpg,5021,21.0,train
20131101_041631.jpg,5021,19.0,train
20131101_091628.jpg,5021,19.0,train
20131101_131633.jpg,5021,25.0,train
20131101_154635.jpg,5021,26.0,train
20131101_214629.jpg,5021,21.0,train
20131102_091634.jpg,5021,18.0,train
20131102_171628.jpg,5021,29.0,train
20131102_174632.jpg,5021,28.0,train
20131102_194631.jpg,5021,26.0,train
20131102_204631.jpg,5021,25.0,train
20131103_051643.jpg,5021,24.0,train
20131103_154636.jpg,5021,24.0,train
20131103_161629.jpg,5021,25.0,train
20131103_171635.jpg,5021,24.0,train
20131103_181628.jpg,5021,24.0,train
20131104_081630.jpg,5021,15.0,train
20131104_134634.jpg,5021,23.0,train
20131104_151635.jpg,5021,21.0,train
20131104_181631.jpg,5021,24.0,train
20131105_024624.jpg,5021,17.0,train
20131105_061640.jpg,5021,15.0,train
20131105_074629.jpg,5021,22.0,train
20131105_121628.jpg,5021,20.0,train
20131105_144633.jpg,5021,24.0,train
20131106_014632.jpg,5021,18.0,train
20131106_151632.jpg,5021,24.0,train
20131106_154632.jpg,5021,25.0,train
20131106_164632.jpg,5021,24.0,train
20131107_001631.jpg,5021,20.0,train
20131107_021629.jpg,5021,20.0,train
20131107_071625.jpg,5021,15.0,train
20131107_101638.jpg,5021,18.0,train
20131108_001628.jpg,5021,23.0,train
20131108_004637.jpg,5021,22.0,train
20131108_024637.jpg,5021,22.0,train
20131108_094630.jpg,5021,25.0,train
20131108_164626.jpg,5021,31.0,train
20131108_174632.jpg,5021,30.0,train
20131108_191633.jpg,5021,31.0,train
20131108_234626.jpg,5021,22.0,train
20131109_074628.jpg,5021,24.0,train
20131109_091633.jpg,5021,22.0,train
20131109_094629.jpg,5021,25.0,train
20131109_171639.jpg,5021,30.0,train
20131109_211631.jpg,5021,26.0,train
20131110_041632.jpg,5021,22.0,train
20131110_074631.jpg,5021,22.0,train
20131110_094632.jpg,5021,25.0,train
20131110_131634.jpg,5021,27.0,train
20131111_034639.jpg,5021,21.0,train
20131111_064629.jpg,5021,21.0,train
20131111_121634.jpg,5021,21.0,train
20131111_194646.jpg,5021,21.0,train
20140515_103254.jpg,858,6.1,train
20140515_153251.jpg,858,2.8,train
20140515_220255.jpg,858,8.9,train
20140516_010304.jpg,858,17.0,train
20140516_013254.jpg,858,18.9,train
20140516_153250.jpg,858,8.3,train
20140516_193253.jpg,858,10.0,train
20140517_023251.jpg,858,18.3,train
20140517_073302.jpg,858,13.9,train
20140517_083306.jpg,858,11.1,train
20140517_103300.jpg,858,13.3,train
20140517_140250.jpg,858,13.3,train
20140518_003258.jpg,858,9.4,train
20140518_070253.jpg,858,8.9,train
20140518_073255.jpg,858,8.9,train
20140518_103255.jpg,858,6.7,train
20140518_193258.jpg,858,5.0,train
20140518_200255.jpg,858,3.9,train
20140518_230253.jpg,858,7.2,train
20140519_040257.jpg,858,10.0,train
20140519_100255.jpg,858,4.4,train
20140519_163302.jpg,858,1.7,train
20140519_180259.jpg,858,2.8,train
20140520_033255.jpg,858,13.9,train
20140520_070253.jpg,858,15.0,train
20140520_110250.jpg,858,5.6,train
20140520_123309.jpg,858,5.6,train
20140520_183251.jpg,858,5.6,train
20140521_033313.jpg,858,16.1,train
20140521_083253.jpg,858,14.4,train
20140521_130304.jpg,858,7.2,train
20140521_140254.jpg,858,7.2,train
20140521_190258.jpg,858,4.4,train
20140521_203259.jpg,858,9.4,train
20140521_233259.jpg,858,15.0,train
20140522_110257.jpg,858,7.8,train
20140522_123259.jpg,858,7.8,train
20140522_210301.jpg,858,8.9,train
20140523_053256.jpg,858,16.1,train
20140523_090259.jpg,858,15.0,train
20140523_160258.jpg,858,5.0,train
20140523_183307.jpg,858,6.0,train
20140523_193249.jpg,858,6.7,train
20140523_230258.jpg,858,8.9,train
20140524_070301.jpg,858,18.9,train
20140524_200254.jpg,858,7.8,train
20140525_003253.jpg,858,11.7,train
20140525_063251.jpg,858,13.3,train
20140525_073257.jpg,858,13.3,train
20140525_090301.jpg,858,13.3,train
20140525_163258.jpg,858,10.0,train
20140526_023257.jpg,858,18.9,train
20140526_043254.jpg,858,18.9,train
20140526_050257.jpg,858,19.4,train
20140526_070256.jpg,858,20.0,train
20140526_133303.jpg,858,7.8,train
20140526_170252.jpg,858,7.0,train
20140526_203258.jpg,858,11.1,train
20140527_063256.jpg,858,16.7,train
20140527_080257.jpg,858,16.7,train
20140527_150257.jpg,858,10.0,train
20140527_173300.jpg,858,8.0,train
20140527_220305.jpg,858,14.4,train
20140528_010258.jpg,858,18.3,train
20140528_030258.jpg,858,18.9,train
20140528_113302.jpg,858,11.7,train
20140528_143251.jpg,858,9.4,train
20140529_013249.jpg,858,21.1,train
20140529_023255.jpg,858,21.7,train
20140529_040303.jpg,858,21.7,train
20140529_100255.jpg,858,10.0,train
20140529_213254.jpg,858,16.7,train
20140530_000255.jpg,858,17.8,train
20140530_070253.jpg,858,22.2,train
20140530_083253.jpg,858,20.6,train
20140530_130257.jpg,858,16.1,train
20140530_143255.jpg,858,12.8,train
20140531_013256.jpg,858,18.9,train
20140531_043303.jpg,858,10.6,train
20140531_050255.jpg,858,13.3,train
20140531_143255.jpg,858,13.9,train
20140531_160258.jpg,858,13.9,train
20140531_203254.jpg,858,15.0,train
20140601_010254.jpg,858,13.3,train
20140601_080256.jpg,858,15.0,train
20140601_123258.jpg,858,7.8,train
20140601_130259.jpg,858,7.8,train
20140601_163255.jpg,858,7.2,train
20140602_023301.jpg,858,10.0,train
20140602_043256.jpg,858,11.1,train
20140602_123304.jpg,858,11.1,train
20140602_210301.jpg,858,8.9,train
20140602_233257.jpg,858,9.4,train
20140603_023304.jpg,858,16.1,train
20140603_080305.jpg,858,17.2,train
20140603_110301.jpg,858,8.3,train
20140603_143251.jpg,858,8.3,train
20140603_150258.jpg,858,8.3,train
20140603_153259.jpg,858,8.3,train
20140604_070303.jpg,858,20.0,train
20140604_123254.jpg,858,8.9,train
20140604_223301.jpg,858,16.1,train
20140604_233259.jpg,858,18.3,train
20140605_033253.jpg,858,13.9,train
20140605_073302.jpg,858,12.2,train
20140605_160302.jpg,858,13.9,train
20140605_180259.jpg,858,12.8,train
20140605_213304.jpg,858,15.6,train
20140606_020300.jpg,858,17.2,train
20140606_090259.jpg,858,19.4,train
20140606_113259.jpg,858,11.7,train
20140606_123302.jpg,858,11.7,train
20140606_173257.jpg,858,11.1,train
20140607_050252.jpg,858,23.9,train
20140607_063253.jpg,858,23.3,train
20140607_180255.jpg,858,8.9,train
20140607_220257.jpg,858,15.0,train
20140607_230256.jpg,858,17.2,train
20140608_063255.jpg,858,17.8,train
20140608_093256.jpg,858,15.0,train
20140608_110306.jpg,858,18.3,train
20140608_113305.jpg,858,18.3,train
20140608_123251.jpg,858,18.3,train
20140608_200254.jpg,858,16.1,train
20140608_230257.jpg,858,18.3,train
20140609_140302.jpg,858,12.8,train
20140609_143258.jpg,858,12.2,train
20140609_190259.jpg,858,11.1,train
20140610_000303.jpg,858,13.3,train
20140610_093249.jpg,858,13.9,train
20140610_113252.jpg,858,13.9,train
20140610_150255.jpg,858,12.8,train
20140610_180257.jpg,858,10.6,train
20140611_013250.jpg,858,13.3,train
20140611_073254.jpg,858,13.9,train
20140611_150254.jpg,858,9.4,train
20140611_153255.jpg,858,8.9,train
20140611_203258.jpg,858,9.4,train
20140611_220257.jpg,858,9.4,train
20140612_093258.jpg,858,17.2,train
20140612_103255.jpg,858,7.2,train
20140612_110258.jpg,858,7.2,train
20140612_113301.jpg,858,7.2,train
20140613_040300.jpg,858,19.0,train
20140613_043301.jpg,858,21.1,train
20140613_200300.jpg,858,11.1,train
20140613_230303.jpg,858,15.6,train
20140614_023257.jpg,858,21.1,train
20140614_050304.jpg,858,20.6,train
20140614_073258.jpg,858,20.0,train
20140614_130302.jpg,858,15.0,train
20140614_140303.jpg,858,15.0,train
20140614_223252.jpg,858,18.9,train
20140615_013305.jpg,858,22.2,train
20140615_023258.jpg,858,22.8,train
20140615_133258.jpg,858,13.9,train
20140615_153253.jpg,858,10.6,train
20140615_220255.jpg,858,16.7,train
20140616_033251.jpg,858,18.3,train
20140616_053255.jpg,858,19.4,train
20140616_203301.jpg,858,14.4,train
20140617_013254.jpg,858,18.9,train
20140617_023258.jpg,858,21.1,train
20140617_043257.jpg,858,21.1,train
20140617_080255.jpg,858,18.3,train
20140617_100252.jpg,858,14.4,train
20140617_133257.jpg,858,13.9,train
20140617_193255.jpg,858,12.8,train
20140617_210257.jpg,858,12.8,train
20140618_013256.jpg,858,11.7,train
20140618_160252.jpg,858,11.1,train
20140618_163255.jpg,858,11.7,train
20140618_190258.jpg,858,11.1,train
20140618_210249.jpg,858,10.0,train
20140618_220256.jpg,858,10.0,train
20140619_203250.jpg,858,11.7,train
20140619_213257.jpg,858,13.3,train
20140620_043257.jpg,858,20.6,train
20140620_063253.jpg,858,16.7,train
20140620_080301.jpg,858,16.7,train
20140620_140256.jpg,858,10.0,train
20140620_143251.jpg,858,10.0,train
20140620_193253.jpg,858,11.7,train
20140621_020255.jpg,858,15.0,train
20140621_093254.jpg,858,14.4,train
20140621_133258.jpg,858,17.8,train
20140621_143305.jpg,858,16.7,train
20140621_160306.jpg,858,16.7,train
20140622_043305.jpg,858,21.1,train
20140622_083252.jpg,858,22.2,train
20140622_110256.jpg,858,12.8,train
20140622_143300.jpg,858,11.1,train
20140622_160306.jpg,858,11.1,train
20140623_040301.jpg,858,22.8,train
20140623_093259.jpg,858,16.7,train
20140623_170308.jpg,858,13.3,train
20140624_013309.jpg,858,18.3,train
20140624_053258.jpg,858,18.3,train
20140624_080310.jpg,858,18.9,train
20140624_083319.jpg,858,18.9,train
20130101_102704.jpg,9730,14.0,train
20130101_115703.jpg,9730,19.0,train
20130101_172708.jpg,9730,21.0,train
20130101_195705.jpg,9730,20.0,train
20130102_025704.jpg,9730,20.0,train
20130102_115700.jpg,9730,20.0,train
20130102_185704.jpg,9730,21.0,train
20130102_192700.jpg,9730,22.0,train
20130102_202707.jpg,9730,21.0,train
20130102_212703.jpg,9730,21.0,train
20130103_165708.jpg,9730,25.0,train
20130103_205705.jpg,9730,25.0,train
20130104_002712.jpg,9730,25.0,train
20130104_005705.jpg,9730,26.0,train
20130104_012705.jpg,9730,25.0,train
20130104_042704.jpg,9730,24.0,train
20130104_082700.jpg,9730,23.0,train
20130104_162704.jpg,9730,27.0,train
20130105_002700.jpg,9730,26.0,train
20130105_022704.jpg,9730,25.0,train
20130105_092704.jpg,9730,24.0,train
20130105_115659.jpg,9730,28.0,train
20130105_165700.jpg,9730,29.0,train
20130105_192702.jpg,9730,29.0,train
20130105_235700.jpg,9730,25.0,train
20130106_065701.jpg,9730,22.0,train
20130106_105713.jpg,9730,24.0,train
20130106_152704.jpg,9730,27.0,train
20130106_215709.jpg,9730,27.0,train
20130106_225709.jpg,9730,26.0,train
20130107_095701.jpg,9730,28.0,train
20130107_132704.jpg,9730,26.0,train
20130107_135705.jpg,9730,27.0,train
20130107_192707.jpg,9730,29.0,train
20130107_232702.jpg,9730,29.0,train
20130108_172708.jpg,9730,26.0,train
20130108_175704.jpg,9730,26.0,train
20130108_232703.jpg,9730,25.0,train
20130109_005701.jpg,9730,27.0,train
20130109_015700.jpg,9730,27.0,train
20130109_052704.jpg,9730,25.0,train
20130109_092701.jpg,9730,24.0,train
20130109_175712.jpg,9730,27.0,train
20130109_185712.jpg,9730,26.0,train
20130109_202721.jpg,9730,27.0,train
20130110_092707.jpg,9730,23.0,train
20130110_102708.jpg,9730,24.0,train
20130110_162702.jpg,9730,28.0,train
20130110_192711.jpg,9730,29.0,train
20130110_205701.jpg,9730,26.0,train
20130111_062702.jpg,9730,24.0,train
20130111_092708.jpg,9730,23.0,train
20130111_182705.jpg,9730,28.0,train
20130111_222706.jpg,9730,26.0,train
20130112_015706.jpg,9730,26.0,train
20130112_105706.jpg,9730,25.0,train
20130112_112709.jpg,9730,24.0,train
20130112_162702.jpg,9730,27.0,train
20130112_215705.jpg,9730,26.0,train
20130113_005712.jpg,9730,26.0,train
20130113_045703.jpg,9730,25.0,train
20130113_195710.jpg,9730,27.0,train
20130113_212707.jpg,9730,27.0,train
20130113_222703.jpg,9730,27.0,train
20130114_025710.jpg,9730,25.0,train
20130114_075706.jpg,9730,24.0,train
20130114_125707.jpg,9730,26.0,train
20130114_132703.jpg,9730,26.0,train
20130114_212704.jpg,9730,27.0,train
20130115_035704.jpg,9730,26.0,train
20130115_052701.jpg,9730,25.0,train
20130115_075658.jpg,9730,24.0,train
20130115_172710.jpg,9730,27.0,train
20130115_195702.jpg,9730,26.0,train
20130116_025701.jpg,9730,25.0,train
20130116_085715.jpg,9730,25.0,train
20130116_102706.jpg,9730,24.0,train
20130116_122659.jpg,9730,25.0,train
20130116_132700.jpg,9730,26.0,train
20130116_192707.jpg,9730,28.0,train
20130117_095707.jpg,9730,26.0,train
20130117_102708.jpg,9730,24.0,train
20130117_105703.jpg,9730,27.0,train
20130117_152713.jpg,9730,26.0,train
20130118_002706.jpg,9730,24.0,train
20130118_075704.jpg,9730,22.0,train
20130118_102705.jpg,9730,22.0,train
20130118_112706.jpg,9730,23.0,train
20130118_225711.jpg,9730,24.0,train
20130119_032710.jpg,9730,20.0,train
20130119_045706.jpg,9730,20.0,train
20130119_062704.jpg,9730,21.0,train
20130119_092704.jpg,9730,19.0,train
20130119_102706.jpg,9730,19.0,train
20130119_142708.jpg,9730,20.0,train
20130120_052708.jpg,9730,20.0,train
20130120_075701.jpg,9730,18.0,train
20130120_122706.jpg,9730,21.0,train
20130121_012707.jpg,9730,23.0,train
20130121_025701.jpg,9730,23.0,train
20130121_052710.jpg,9730,22.0,train
20130121_145702.jpg,9730,25.0,train
20130121_165709.jpg,9730,25.0,train
20130122_012700.jpg,9730,24.0,train
20130122_022700.jpg,9730,24.0,train
20130122_085708.jpg,9730,23.0,train
20130122_185710.jpg,9730,26.0,train
20130122_195709.jpg,9730,25.0,train
20130122_212706.jpg,9730,26.0,train
20130122_222705.jpg,9730,25.0,train
20130123_055705.jpg,9730,24.0,train
20130123_095708.jpg,9730,26.0,train
20130123_105701.jpg,9730,27.0,train
20130123_165707.jpg,9730,29.0,train
20130124_005703.jpg,9730,20.0,train
20130124_055708.jpg,9730,25.0,train
20130124_065702.jpg,9730,26.0,train
20130124_092703.jpg,9730,26.0,train
20130124_112710.jpg,9730,28.0,train
20130125_035700.jpg,9730,20.0,train
20130125_072707.jpg,9730,16.0,train
20130125_082658.jpg,9730,16.0,train
20130125_165709.jpg,9730,23.0,train
20130125_175659.jpg,9730,23.0,train
20130126_005711.jpg,9730,21.0,train
20130126_072703.jpg,9730,16.0,train
20130126_095704.jpg,9730,22.0,train
20130126_102707.jpg,9730,19.0,train
20130126_155703.jpg,9730,26.0,train
20130127_025711.jpg,9730,27.0,train
20130127_045708.jpg,9730,22.0,train
20130127_165748.jpg,9730,29.0,train
20130127_192750.jpg,9730,29.0,train
20130127_222759.jpg,9730,28.0,train
20130128_032710.jpg,9730,27.0,train
20130128_042710.jpg,9730,24.0,train
20130128_085712.jpg,9730,24.0,train
20130128_142700.jpg,9730,28.0,train
20130128_182711.jpg,9730,31.0,train
20130129_015706.jpg,9730,26.0,train
20130129_045711.jpg,9730,25.0,train
20130129_092709.jpg,9730,26.0,train
20130129_132712.jpg,9730,28.0,train
20130130_012700.jpg,9730,26.0,train
20130130_035712.jpg,9730,26.0,train
20130130_045702.jpg,9730,24.0,train
20130130_065712.jpg,9730,26.0,train
20130130_142704.jpg,9730,26.0,train
20130130_185712.jpg,9730,31.0,train
20130130_225706.jpg,9730,26.0,train
20130131_045708.jpg,9730,25.0,train
20130131_145704.jpg,9730,29.0,train
20130131_222700.jpg,9730,29.0,train
20130201_025702.jpg,9730,30.0,train
20130201_035703.jpg,9730,30.0,train
20130201_102706.jpg,9730,25.0,train
20130201_145708.jpg,9730,35.0,train
20130201_175708.jpg,9730,33.0,train
20130202_022710.jpg,9730,21.0,train
20130202_035709.jpg,9730,21.0,train
20130202_052705.jpg,9730,29.0,train
20130202_085709.jpg,9730,23.0,train
20130202_125706.jpg,9730,27.0,train
20130202_135705.jpg,9730,26.0,train
20130202_182701.jpg,9730,26.0,train
20130203_042709.jpg,9730,20.0,train
20130203_045709.jpg,9730,18.0,train
20130203_085701.jpg,9730,21.0,train
20130203_105707.jpg,9730,22.0,train
20130204_012711.jpg,9730,23.0,train
20130204_175703.jpg,9730,23.0,train
20130204_212710.jpg,9730,23.0,train
20130204_222700.jpg,9730,23.0,train
20130204_232709.jpg,9730,22.0,train
20130205_025704.jpg,9730,24.0,train
20130205_082657.jpg,9730,20.0,train
20130205_142702.jpg,9730,25.0,train
20130205_152704.jpg,9730,26.0,train
20130205_225708.jpg,9730,24.0,train
20130206_032705.jpg,9730,24.0,train
20130206_075700.jpg,9730,22.0,train
20130206_152712.jpg,9730,25.0,train
20130206_222707.jpg,9730,25.0,train
20130206_225712.jpg,9730,24.0,train
20130207_032711.jpg,9730,24.0,train
20130207_082659.jpg,9730,22.0,train
20130207_202705.jpg,9730,26.0,train
20130207_232710.jpg,9730,25.0,train
20130207_235706.jpg,9730,24.0,train
20130208_022703.jpg,9730,25.0,train
20130208_082708.jpg,9730,24.0,train
20130208_105704.jpg,9730,25.0,train
20130208_152704.jpg,9730,25.0,train
20130208_172704.jpg,9730,27.0,train
20130208_175704.jpg,9730,27.0,train
20130209_052707.jpg,9730,25.0,train
20130209_055708.jpg,9730,24.0,train
20130209_095706.jpg,9730,25.0,train
20130209_115709.jpg,9730,27.0,train
20130209_202659.jpg,9730,28.0,train
20130210_055658.jpg,9730,26.0,train
20130210_105712.jpg,9730,27.0,train
20130210_125707.jpg,9730,29.0,train
20130210_182702.jpg,9730,30.0,train
20130211_025704.jpg,9730,26.0,train
20130211_065706.jpg,9730,23.0,train
20130211_085710.jpg,9730,24.0,train
20130211_125710.jpg,9730,27.0,train
20130211_172704.jpg,9730,27.0,train
20130212_012708.jpg,9730,28.0,train
20130212_052709.jpg,9730,24.0,train
20130212_072709.jpg,9730,24.0,train
20130212_185658.jpg,9730,31.0,train
20130212_192707.jpg,9730,33.0,train
20130213_002701.jpg,9730,26.0,train
20130213_052701.jpg,9730,26.0,train
20130213_102701.jpg,9730,24.0,train
20130213_132709.jpg,9730,28.0,train
20130213_145704.jpg,9730,30.0,train
20130214_025705.jpg,9730,26.0,train
20130214_112708.jpg,9730,26.0,train
20130214_135700.jpg,9730,28.0,train
20130214_152706.jpg,9730,28.0,train
20130214_202710.jpg,9730,27.0,train
20130215_012704.jpg,9730,27.0,train
20130215_085706.jpg,9730,25.0,train
20130215_132700.jpg,9730,27.0,train
20130215_145706.jpg,9730,29.0,train
20130215_172711.jpg,9730,29.0,train
20130215_222659.jpg,9730,27.0,train
20130216_162701.jpg,9730,30.0,train
20130216_192703.jpg,9730,31.0,train
20130216_195703.jpg,9730,29.0,train
20130216_222711.jpg,9730,29.0,train
20130216_232707.jpg,9730,29.0,train
20130217_055700.jpg,9730,24.0,train
20130217_162703.jpg,9730,29.0,train
20130217_202711.jpg,9730,29.0,train
20130217_215703.jpg,9730,22.0,train
20130218_022709.jpg,9730,21.0,train
20130218_062707.jpg,9730,19.0,train
20130218_115706.jpg,9730,24.0,train
20130218_125708.jpg,9730,25.0,train
20130218_192705.jpg,9730,24.0,train
20130219_025700.jpg,9730,19.0,train
20130219_075713.jpg,9730,18.0,train
20130219_095714.jpg,9730,18.0,train
20130219_145704.jpg,9730,18.0,train
20130219_202703.jpg,9730,18.0,train
20130220_002707.jpg,9730,20.0,train
20130220_075702.jpg,9730,21.0,train
20130220_085712.jpg,9730,22.0,train
20130220_115711.jpg,9730,23.0,train
20130221_005711.jpg,9730,22.0,train
20130221_035704.jpg,9730,22.0,train
20130221_082707.jpg,9730,19.0,train
20130221_085702.jpg,9730,20.0,train
20130221_095702.jpg,9730,20.0,train
20130221_105704.jpg,9730,22.0,train
20130221_222709.jpg,9730,21.0,train
20130222_065710.jpg,9730,20.0,train
20130222_155712.jpg,9730,24.0,train
20130222_222706.jpg,9730,23.0,train
20130223_002706.jpg,9730,26.0,train
20130223_022701.jpg,9730,26.0,train
20130223_145712.jpg,9730,26.0,train
20130223_192707.jpg,9730,27.0,train
20130223_212713.jpg,9730,26.0,train
20130224_005659.jpg,9730,24.0,train
20130224_035710.jpg,9730,24.0,train
20130224_042702.jpg,9730,22.0,train
20130224_075658.jpg,9730,22.0,train
20130224_092712.jpg,9730,23.0,train
20130224_122701.jpg,9730,22.0,train
20130224_152710.jpg,9730,25.0,train
20130225_042707.jpg,9730,20.0,train
20130225_045701.jpg,9730,16.0,train
20130225_072709.jpg,9730,16.0,train
20130225_085658.jpg,9730,18.0,train
20130226_025711.jpg,9730,19.0,train
20130226_095700.jpg,9730,17.0,train
20130226_102708.jpg,9730,14.0,train
20130226_185713.jpg,9730,22.0,train
20130226_215832.jpg,9730,19.0,train
20130227_032708.jpg,9730,21.0,train
20130227_115703.jpg,9730,21.0,train
20130227_175711.jpg,9730,23.0,train
20130227_205700.jpg,9730,22.0,train
20130228_002709.jpg,9730,20.0,train
20130228_005705.jpg,9730,20.0,train
20130228_042712.jpg,9730,20.0,train
20130228_175713.jpg,9730,22.0,train
20130228_192709.jpg,9730,22.0,train
20130228_235704.jpg,9730,20.0,train
20130301_002708.jpg,9730,25.0,train
20130301_082705.jpg,9730,20.0,train
20130301_105703.jpg,9730,23.0,train
20130301_115710.jpg,9730,24.0,train
20130302_022707.jpg,9730,21.0,train
20130302_025706.jpg,9730,21.0,train
20130302_092716.jpg,9730,21.0,train
20130302_125658.jpg,9730,23.0,train
20130302_145706.jpg,9730,25.0,train
20130302_195710.jpg,9730,24.0,train
20130302_202713.jpg,9730,25.0,train
20130303_152707.jpg,9730,20.0,train
20130303_155702.jpg,9730,21.0,train
20130303_175703.jpg,9730,22.0,train
20130303_222707.jpg,9730,20.0,train
20130304_035710.jpg,9730,19.0,train
20130304_122701.jpg,9730,17.0,train
20130304_165709.jpg,9730,20.0,train
20130304_175705.jpg,9730,20.0,train
20130304_215659.jpg,9730,19.0,train
20130305_025715.jpg,9730,20.0,train
20130305_075707.jpg,9730,17.0,train
20130305_145702.jpg,9730,23.0,train
20130305_155711.jpg,9730,22.0,train
20130305_185704.jpg,9730,22.0,train
20130305_195711.jpg,9730,22.0,train
20130306_055716.jpg,9730,19.0,train
20130306_065704.jpg,9730,18.0,train
20130306_172705.jpg,9730,26.0,train
20130307_002703.jpg,9730,22.0,train
20130307_035703.jpg,9730,22.0,train
20130307_042710.jpg,9730,23.0,train
20130307_045712.jpg,9730,20.0,train
20130307_055702.jpg,9730,20.0,train
20130307_115703.jpg,9730,24.0,train
20130308_015710.jpg,9730,23.0,train
20130308_052704.jpg,9730,22.0,train
20130308_062714.jpg,9730,20.0,train
20130308_115701.jpg,9730,24.0,train
20130308_185706.jpg,9730,26.0,train
20130308_225705.jpg,9730,23.0,train
20130309_065708.jpg,9730,24.0,train
20130309_165702.jpg,9730,27.0,train
20130309_185708.jpg,9730,28.0,train
20130309_235712.jpg,9730,24.0,train
20130310_002701.jpg,9730,21.0,train
20130310_045713.jpg,9730,22.0,train
20130310_102712.jpg,9730,22.0,train
20130310_152709.jpg,9730,24.0,train
20130310_155716.jpg,9730,26.0,train
20130310_232711.jpg,9730,22.0,train
20130311_052702.jpg,9730,17.0,train
20130311_092701.jpg,9730,16.0,train
20130311_102659.jpg,9730,17.0,train
20130312_022704.jpg,9730,19.0,train
20130312_025706.jpg,9730,19.0,train
20130312_055700.jpg,9730,17.0,train
20130312_122701.jpg,9730,18.0,train
20130312_162701.jpg,9730,20.0,train
20130312_212711.jpg,9730,19.0,train
20130313_005708.jpg,9730,15.0,train
20130313_095704.jpg,9730,18.0,train
20130313_232710.jpg,9730,15.0,train
20130314_015700.jpg,9730,17.0,train
20130314_022708.jpg,9730,17.0,train
20130314_025710.jpg,9730,17.0,train
20130314_115706.jpg,9730,17.0,train
20130314_125705.jpg,9730,17.0,train
20130314_222705.jpg,9730,17.0,train
20130314_225705.jpg,9730,17.0,train
20130315_025701.jpg,9730,14.0,train
20130315_052700.jpg,9730,15.0,train
20130315_085711.jpg,9730,16.0,train
20130315_095700.jpg,9730,17.0,train
20130315_225704.jpg,9730,14.0,train
20130316_015709.jpg,9730,16.0,train
20130316_095702.jpg,9730,15.0,train
20130316_102709.jpg,9730,12.0,train
20130316_132711.jpg,9730,16.0,train
20130316_135708.jpg,9730,18.0,train
20130316_185706.jpg,9730,17.0,train
20130317_102710.jpg,9730,14.0,train
20130317_112702.jpg,9730,16.0,train
20130317_132712.jpg,9730,17.0,train
20130317_192659.jpg,9730,17.0,train
20130318_025705.jpg,9730,19.0,train
20130318_055702.jpg,9730,17.0,train
20130318_062714.jpg,9730,17.0,train
20130318_182705.jpg,9730,22.0,train
20130319_002706.jpg,9730,20.0,train
20130319_022707.jpg,9730,20.0,train
20130319_062714.jpg,9730,18.0,train
20130319_065703.jpg,9730,19.0,train
20130319_105706.jpg,9730,21.0,train
20130319_135710.jpg,9730,23.0,train
20130319_202700.jpg,9730,20.0,train
20130320_092659.jpg,9730,19.0,train
20130320_122704.jpg,9730,20.0,train
20130320_182713.jpg,9730,20.0,train
20130320_202710.jpg,9730,20.0,train
20130320_222706.jpg,9730,19.0,train
20130321_075705.jpg,9730,18.0,train
20130321_125710.jpg,9730,24.0,train
20130321_202705.jpg,9730,28.0,train
20130322_022701.jpg,9730,19.0,train
20130322_025707.jpg,9730,19.0,train
20130322_045707.jpg,9730,14.0,train
20130322_052707.jpg,9730,15.0,train
20130322_062703.jpg,9730,14.0,train
20130322_175715.jpg,9730,22.0,train
20130323_002701.jpg,9730,19.0,train
20130323_082709.jpg,9730,20.0,train
20130323_132701.jpg,9730,19.0,train
20130323_145657.jpg,9730,23.0,train
20130323_152710.jpg,9730,21.0,train
20130324_005708.jpg,9730,27.0,train
20130324_082710.jpg,9730,19.0,train
20130324_112709.jpg,9730,21.0,train
20130324_165706.jpg,9730,23.0,train
20130324_182713.jpg,9730,23.0,train
20130325_015705.jpg,9730,20.0,train
20130325_045702.jpg,9730,21.0,train
20130325_175707.jpg,9730,24.0,train
20130325_195709.jpg,9730,19.0,train
20130325_222714.jpg,9730,19.0,train
20130326_035702.jpg,9730,19.0,train
20130326_055709.jpg,9730,16.0,train
20130326_062703.jpg,9730,17.0,train
20130326_135705.jpg,9730,21.0,train
20130326_205712.jpg,9730,19.0,train
20130327_025705.jpg,9730,20.0,train
20130327_085702.jpg,9730,20.0,train
20130327_172703.jpg,9730,21.0,train
20130327_192713.jpg,9730,22.0,train
20130327_215703.jpg,9730,20.0,train
20130328_035712.jpg,9730,21.0,train
20130328_085701.jpg,9730,18.0,train
20130328_122708.jpg,9730,19.0,train
20130328_185711.jpg,9730,21.0,train
20130328_192703.jpg,9730,24.0,train
20130328_195704.jpg,9730,21.0,train
20130329_052708.jpg,9730,22.0,train
20130329_102705.jpg,9730,20.0,train
20130329_185710.jpg,9730,22.0,train
20130329_235714.jpg,9730,22.0,train
20130330_035700.jpg,9730,23.0,train
20130330_042700.jpg,9730,23.0,train
20130330_045712.jpg,9730,21.0,train
20130330_142702.jpg,9730,22.0,train
20130330_215709.jpg,9730,22.0,train
20130330_232707.jpg,9730,22.0,train
20130331_105705.jpg,9730,24.0,train
20130331_125700.jpg,9730,24.0,train
20130331_155702.jpg,9730,25.0,train
20130331_215713.jpg,9730,22.0,train
20130331_235709.jpg,9730,22.0,train
20130401_045704.jpg,9730,22.0,train
20130401_145710.jpg,9730,23.0,train
20130401_205703.jpg,9730,23.0,train
20130401_222710.jpg,9730,23.0,train
20130402_032706.jpg,9730,20.0,train
20130402_042709.jpg,9730,21.0,train
20130402_142702.jpg,9730,22.0,train
20130402_185713.jpg,9730,22.0,train
20130403_005709.jpg,9730,21.0,train
20130403_032703.jpg,9730,21.0,train
20130403_092706.jpg,9730,18.0,train
20130403_145657.jpg,9730,22.0,train
20130403_152704.jpg,9730,21.0,train
20130403_182706.jpg,9730,23.0,train
20130403_222713.jpg,9730,21.0,train
20130404_092704.jpg,9730,17.0,train
20130404_112712.jpg,9730,19.0,train
20130404_162705.jpg,9730,23.0,train
20130404_175713.jpg,9730,22.0,train
20130405_032705.jpg,9730,23.0,train
20130405_042659.jpg,9730,19.0,train
20130405_072704.jpg,9730,17.0,train
20130405_095700.jpg,9730,20.0,train
20130405_185707.jpg,9730,26.0,train
20130406_022701.jpg,9730,15.0,train
20130406_062708.jpg,9730,19.0,train
20130406_145706.jpg,9730,17.0,train
20130406_175710.jpg,9730,18.0,train
20130406_205702.jpg,9730,16.0,train
20130407_005705.jpg,9730,16.0,train
20130407_085705.jpg,9730,13.0,train
20130407_102706.jpg,9730,11.0,train
20130407_145705.jpg,9730,19.0,train
20130407_162705.jpg,9730,19.0,train
20130408_025701.jpg,9730,19.0,train
20130408_045705.jpg,9730,14.0,train
20130408_072659.jpg,9730,14.0,train
20130408_155712.jpg,9730,22.0,train
20130408_172701.jpg,9730,22.0,train
20130409_002712.jpg,9730,20.0,train
20130409_072703.jpg,9730,19.0,train
20130409_102706.jpg,9730,18.0,train
20130409_125708.jpg,9730,22.0,train
20130409_162715.jpg,9730,22.0,train
20130410_035709.jpg,9730,20.0,train
20130410_102709.jpg,9730,17.0,train
20130410_112708.jpg,9730,17.0,train
20130410_145711.jpg,9730,20.0,train
20130410_235713.jpg,9730,20.0,train
20130411_002704.jpg,9730,19.0,train
20130411_055702.jpg,9730,18.0,train
20130411_125658.jpg,9730,19.0,train
20130411_135710.jpg,9730,20.0,train
20130411_185700.jpg,9730,20.0,train
20130412_015706.jpg,9730,15.0,train
20130412_042710.jpg,9730,17.0,train
20130412_075702.jpg,9730,15.0,train
20130412_092708.jpg,9730,15.0,train
20130412_102705.jpg,9730,15.0,train
20130412_125702.jpg,9730,16.0,train
20130413_065712.jpg,9730,10.0,train
20130413_075708.jpg,9730,10.0,train
20130413_185715.jpg,9730,17.0,train
20130413_205706.jpg,9730,16.0,train
20130414_025706.jpg,9730,20.0,train
20130414_102707.jpg,9730,13.0,train
20130414_222707.jpg,9730,22.0,train
20130414_235706.jpg,9730,20.0,train
20130415_012702.jpg,9730,19.0,train
20130415_022710.jpg,9730,19.0,train
20130415_095701.jpg,9730,20.0,train
20130415_145704.jpg,9730,25.0,train
20130415_195700.jpg,9730,22.0,train
20130415_232705.jpg,9730,22.0,train
20130416_035710.jpg,9730,15.0,train
20130416_045712.jpg,9730,13.0,train
20130416_105709.jpg,9730,15.0,train
20130416_132707.jpg,9730,15.0,train
20130416_195704.jpg,9730,15.0,train
20130417_022658.jpg,9730,18.0,train
20130417_092704.jpg,9730,15.0,train
20130417_095706.jpg,9730,16.0,train
20130417_142705.jpg,9730,18.0,train
20130417_165706.jpg,9730,20.0,train
20130418_002708.jpg,9730,19.0,train
20130418_112704.jpg,9730,17.0,train
20130418_165708.jpg,9730,23.0,train
20130418_185704.jpg,9730,22.0,train
20130418_215659.jpg,9730,19.0,train
20130418_225712.jpg,9730,19.0,train
20130419_042704.jpg,9730,18.0,train
20130419_135708.jpg,9730,22.0,train
20130419_145704.jpg,9730,23.0,train
20130419_175714.jpg,9730,23.0,train
20130419_205703.jpg,9730,20.0,train
20130420_042706.jpg,9730,19.0,train
20130420_072706.jpg,9730,19.0,train
20130420_122713.jpg,9730,21.0,train
20130420_185708.jpg,9730,21.0,train
20130420_205712.jpg,9730,20.0,train
20130421_102707.jpg,9730,20.0,train
20130421_125704.jpg,9730,23.0,train
20130421_142714.jpg,9730,22.0,train
20130421_152704.jpg,9730,23.0,train
20130422_032659.jpg,9730,21.0,train
20130422_055705.jpg,9730,19.0,train
20130422_075706.jpg,9730,19.0,train
20130422_115700.jpg,9730,22.0,train
20130422_162707.jpg,9730,23.0,train
20130423_012704.jpg,9730,20.0,train
20130423_055708.jpg,9730,20.0,train
20130423_112711.jpg,9730,20.0,train
20130423_142702.jpg,9730,22.0,train
20130423_172713.jpg,9730,23.0,train
20130423_235703.jpg,9730,20.0,train
20130424_105701.jpg,9730,21.0,train
20130424_115701.jpg,9730,22.0,train
20130424_135707.jpg,9730,23.0,train
20130424_145705.jpg,9730,23.0,train
20130425_002707.jpg,9730,22.0,train
20130425_045704.jpg,9730,20.0,train
20130425_085706.jpg,9730,19.0,train
20130425_135711.jpg,9730,23.0,train
20130426_002709.jpg,9730,21.0,train
20130426_035709.jpg,9730,22.0,train
20130426_062716.jpg,9730,19.0,train
20130426_075709.jpg,9730,20.0,train
20130426_152708.jpg,9730,23.0,train
20130426_175703.jpg,9730,23.0,train
20130426_182712.jpg,9730,24.0,train
20130427_042657.jpg,9730,21.0,train
20130427_155709.jpg,9730,23.0,train
20130427_215706.jpg,9730,22.0,train
20130427_232711.jpg,9730,21.0,train
20130428_022705.jpg,9730,17.0,train
20130428_045808.jpg,9730,18.0,train
20130428_172708.jpg,9730,22.0,train
20130428_182710.jpg,9730,22.0,train
20130428_215711.jpg,9730,17.0,train
20130429_015704.jpg,9730,18.0,train
20130429_095710.jpg,9730,18.0,train
20130429_152705.jpg,9730,21.0,train
20130429_215703.jpg,9730,18.0,train
20130429_222711.jpg,9730,19.0,train
20130430_022701.jpg,9730,19.0,train
20130430_122712.jpg,9730,19.0,train
20130430_142704.jpg,9730,19.0,train
20130430_195706.jpg,9730,19.0,train
20130430_212709.jpg,9730,18.0,train
20130501_022659.jpg,9730,19.0,train
20130501_065659.jpg,9730,17.0,train
20130501_142659.jpg,9730,19.0,train
20130501_182706.jpg,9730,20.0,train
20130501_185712.jpg,9730,19.0,train
20130501_195703.jpg,9730,19.0,train
20130502_055702.jpg,9730,20.0,train
20130502_065709.jpg,9730,20.0,train
20130502_075707.jpg,9730,20.0,train
20130502_105708.jpg,9730,20.0,train
20130502_152704.jpg,9730,20.0,train
20130503_065703.jpg,9730,18.0,train
20130503_092702.jpg,9730,18.0,train
20130503_095658.jpg,9730,18.0,train
20130503_165702.jpg,9730,18.0,train
20130503_192714.jpg,9730,18.0,train
20130504_072707.jpg,9730,11.0,train
20130504_135701.jpg,9730,19.0,train
20130504_222702.jpg,9730,17.0,train
20130504_235706.jpg,9730,17.0,train
20130505_025701.jpg,9730,18.0,train
20130505_075702.jpg,9730,14.0,train
20130505_145658.jpg,9730,19.0,train
20130505_165707.jpg,9730,19.0,train
20130505_175701.jpg,9730,18.0,train
20130506_032703.jpg,9730,15.0,train
20130506_075702.jpg,9730,15.0,train
20130506_085705.jpg,9730,17.0,train
20130506_112700.jpg,9730,17.0,train
20130506_152705.jpg,9730,23.0,train
20130506_175700.jpg,9730,21.0,train
20130507_135703.jpg,9730,17.0,train
20130507_182704.jpg,9730,17.0,train
20130507_212705.jpg,9730,14.0,train
20130508_005704.jpg,9730,18.0,train
20130508_032657.jpg,9730,18.0,train
20130508_062705.jpg,9730,12.0,train
20130508_065700.jpg,9730,11.0,train
20130508_102708.jpg,9730,11.0,train
20130508_132706.jpg,9730,17.0,train
20130509_032702.jpg,9730,19.0,train
20130509_042704.jpg,9730,17.0,train
20130509_122704.jpg,9730,16.0,train
20130509_135707.jpg,9730,20.0,train
20130509_145711.jpg,9730,21.0,train
20130509_192732.jpg,9730,21.0,train
20130510_055708.jpg,9730,17.0,train
20130510_072702.jpg,9730,16.0,train
20130510_082703.jpg,9730,17.0,train
20130510_145706.jpg,9730,21.0,train
20130510_162710.jpg,9730,21.0,train
20130511_075702.jpg,9730,19.0,train
20130511_162701.jpg,9730,23.0,train
20130511_185701.jpg,9730,20.0,train
20130512_005713.jpg,9730,16.0,train
20130512_015707.jpg,9730,16.0,train
20130512_052705.jpg,9730,15.0,train
20130512_055712.jpg,9730,15.0,train
20130512_075707.jpg,9730,14.0,train
20130512_082702.jpg,9730,15.0,train
20130513_012704.jpg,9730,18.0,train
20130513_082702.jpg,9730,15.0,train
20130513_112706.jpg,9730,17.0,train
20130513_192714.jpg,9730,18.0,train
20130513_225659.jpg,9730,18.0,train
20130514_035707.jpg,9730,11.0,train
20130514_095704.jpg,9730,18.0,train
20130514_215703.jpg,9730,17.0,train
20130514_225702.jpg,9730,17.0,train
20130515_005707.jpg,9730,8.0,train
20130515_032656.jpg,9730,8.0,train
20130515_062705.jpg,9730,9.0,train
20130515_115701.jpg,9730,9.0,train
20130516_015706.jpg,9730,9.0,train
20130516_025703.jpg,9730,9.0,train
20130516_032710.jpg,9730,9.0,train
20130516_095705.jpg,9730,7.0,train
20130516_132708.jpg,9730,8.0,train
20130516_172701.jpg,9730,13.0,train
20130516_192705.jpg,9730,13.0,train
20130517_012702.jpg,9730,14.0,train
20130517_065706.jpg,9730,7.0,train
20130517_082702.jpg,9730,7.0,train
20130517_102705.jpg,9730,7.0,train
20130517_232707.jpg,9730,11.0,train
20130518_035700.jpg,9730,11.0,train
20130518_055701.jpg,9730,13.0,train
20130518_065712.jpg,9730,13.0,train
20130518_115707.jpg,9730,12.0,train
20130518_205703.jpg,9730,12.0,train
20130518_232706.jpg,9730,12.0,train
20130519_115712.jpg,9730,12.0,train
20130519_152710.jpg,9730,13.0,train
20130519_215704.jpg,9730,13.0,train
20130519_235704.jpg,9730,13.0,train
20130520_005711.jpg,9730,9.0,train
20130520_055707.jpg,9730,9.0,train
20130520_085706.jpg,9730,10.0,train
20130520_142710.jpg,9730,11.0,train
20130520_165659.jpg,9730,14.0,train
20130520_192707.jpg,9730,14.0,train
20130521_042709.jpg,9730,10.0,train
20130521_072712.jpg,9730,9.0,train
20130521_105701.jpg,9730,12.0,train
20130521_142705.jpg,9730,13.0,train
20130521_175721.jpg,9730,14.0,train
20130522_052703.jpg,9730,14.0,train
20130522_172703.jpg,9730,16.0,train
20130522_182705.jpg,9730,15.0,train
20130522_235659.jpg,9730,15.0,train
20130523_025702.jpg,9730,14.0,train
20130523_065706.jpg,9730,15.0,train
20130523_102718.jpg,9730,14.0,train
20130523_175707.jpg,9730,16.0,train
20130523_215710.jpg,9730,14.0,train
20130524_025705.jpg,9730,14.0,train
20130524_105659.jpg,9730,15.0,train
20130524_125709.jpg,9730,18.0,train
20130524_165710.jpg,9730,16.0,train
20130524_182703.jpg,9730,18.0,train
20130524_195707.jpg,9730,15.0,train
20130525_042708.jpg,9730,14.0,train
20130525_045705.jpg,9730,13.0,train
20130525_055711.jpg,9730,13.0,train
20130525_082705.jpg,9730,13.0,train
20130526_015708.jpg,9730,15.0,train
20130526_042716.jpg,9730,14.0,train
20130526_065704.jpg,9730,13.0,train
20130526_145700.jpg,9730,18.0,train
20130526_192704.jpg,9730,17.0,train
20130526_222706.jpg,9730,16.0,train
20130527_045704.jpg,9730,11.0,train
20130527_102703.jpg,9730,13.0,train
20130527_182706.jpg,9730,15.0,train
20130528_012703.jpg,9730,15.0,train
20130528_025706.jpg,9730,15.0,train
20130528_192701.jpg,9730,18.0,train
20130528_215709.jpg,9730,14.0,train
20130528_222701.jpg,9730,16.0,train
20130528_225701.jpg,9730,15.0,train
20130529_035659.jpg,9730,14.0,train
20130529_042703.jpg,9730,14.0,train
20130529_062712.jpg,9730,14.0,train
20130529_122707.jpg,9730,14.0,train
20130530_022708.jpg,9730,14.0,train
20130530_032710.jpg,9730,14.0,train
20130530_065706.jpg,9730,9.0,train
20130530_072705.jpg,9730,10.0,train
20130530_082658.jpg,9730,9.0,train
20130530_085658.jpg,9730,9.0,train
20130530_092712.jpg,9730,9.0,train
20130604_155704.jpg,9730,21.0,train
20130604_182706.jpg,9730,21.0,train
20130604_185704.jpg,9730,20.0,train
20130604_232706.jpg,9730,18.0,train
20130605_025702.jpg,9730,15.0,train
20130605_042702.jpg,9730,13.0,train
20130605_072711.jpg,9730,13.0,train
20130605_145708.jpg,9730,24.0,train
20130606_015711.jpg,9730,12.0,train
20130606_025706.jpg,9730,12.0,train
20130606_055704.jpg,9730,9.0,train
20130606_135659.jpg,9730,14.0,train
20130606_145700.jpg,9730,15.0,train
20130606_192658.jpg,9730,14.0,train
20130606_215701.jpg,9730,12.0,train
20130607_062704.jpg,9730,11.0,train
20130607_102702.jpg,9730,10.0,train
20130607_125709.jpg,9730,16.0,train
20130607_225702.jpg,9730,14.0,train
20130608_005701.jpg,9730,13.0,train
20130608_045703.jpg,9730,11.0,train
20130608_112701.jpg,9730,11.0,train
20130608_115705.jpg,9730,13.0,train
20130608_152708.jpg,9730,14.0,train
20130608_232658.jpg,9730,13.0,train
20130609_045705.jpg,9730,13.0,train
20130609_072657.jpg,9730,13.0,train
20130609_085712.jpg,9730,13.0,train
20130609_105706.jpg,9730,13.0,train
20130609_185706.jpg,9730,14.0,train
20130610_102705.jpg,9730,14.0,train
20130610_145707.jpg,9730,20.0,train
20130611_012700.jpg,9730,17.0,train
20130611_015701.jpg,9730,17.0,train
20130611_032705.jpg,9730,17.0,train
20130611_052703.jpg,9730,13.0,train
20130611_085701.jpg,9730,14.0,train
20130611_092700.jpg,9730,13.0,train
20130611_185700.jpg,9730,17.0,train
20130611_195703.jpg,9730,17.0,train
20130612_082709.jpg,9730,15.0,train
20130612_102700.jpg,9730,15.0,train
20130612_142700.jpg,9730,18.0,train
20130612_165708.jpg,9730,21.0,train
20130612_215704.jpg,9730,18.0,train
20130613_052705.jpg,9730,16.0,train
20130613_105711.jpg,9730,21.0,train
20130613_125704.jpg,9730,23.0,train
20130613_162709.jpg,9730,24.0,train
20130614_002707.jpg,9730,10.0,train
20130614_052704.jpg,9730,15.0,train
20130614_082708.jpg,9730,13.0,train
20130614_095715.jpg,9730,12.0,train
20130614_165705.jpg,9730,12.0,train
20130614_182708.jpg,9730,13.0,train
20130615_065701.jpg,9730,10.0,train
20130615_082716.jpg,9730,9.0,train
20130615_095721.jpg,9730,10.0,train
20130615_222700.jpg,9730,15.0,train
20130615_225707.jpg,9730,13.0,train
20130616_122706.jpg,9730,13.0,train
20130616_145706.jpg,9730,12.0,train
20130616_182711.jpg,9730,11.0,train
20130617_015710.jpg,9730,12.0,train
20130617_035702.jpg,9730,12.0,train
20130617_125709.jpg,9730,12.0,train
20130617_135716.jpg,9730,12.0,train
20130617_155707.jpg,9730,12.0,train
20130617_162706.jpg,9730,12.0,train
20130617_172657.jpg,9730,12.0,train
20130618_085709.jpg,9730,10.0,train
20130618_092707.jpg,9730,10.0,train
20130619_002823.jpg,9730,8.0,train
20130619_012824.jpg,9730,7.0,train
20130619_022806.jpg,9730,7.0,train
20130619_052810.jpg,9730,7.0,train
20130619_072747.jpg,9730,5.0,train
20130619_095713.jpg,9730,6.0,train
20130619_115701.jpg,9730,9.0,train
20130620_022707.jpg,9730,8.0,train
20130620_105704.jpg,9730,10.0,train
20130620_145703.jpg,9730,11.0,train
20130620_195714.jpg,9730,8.0,train
20130620_212715.jpg,9730,9.0,train
20130620_235659.jpg,9730,8.0,train
20130621_085706.jpg,9730,7.0,train
20130621_095707.jpg,9730,10.0,train
20130621_142704.jpg,9730,12.0,train
20130621_205701.jpg,9730,10.0,train
20130622_035703.jpg,9730,10.0,train
20130622_055715.jpg,9730,10.0,train
20130622_065704.jpg,9730,11.0,train
20130622_102715.jpg,9730,11.0,train
20130622_212705.jpg,9730,11.0,train
20130622_222703.jpg,9730,11.0,train
20130623_092706.jpg,9730,8.0,train
20130623_122711.jpg,9730,11.0,train
20130623_155708.jpg,9730,11.0,train
20130623_215708.jpg,9730,11.0,train
20130623_222708.jpg,9730,10.0,train
20130624_085701.jpg,9730,10.0,train
20130624_112710.jpg,9730,10.0,train
20130624_125712.jpg,9730,12.0,train
20130625_005705.jpg,9730,10.0,train
20130625_025703.jpg,9730,10.0,train
20130625_082703.jpg,9730,9.0,train
20130625_095709.jpg,9730,11.0,train
20130625_132702.jpg,9730,12.0,train
20130625_212714.jpg,9730,12.0,train
20130625_235708.jpg,9730,10.0,train
20130626_045703.jpg,9730,8.0,train
20130626_055704.jpg,9730,8.0,train
20130626_092725.jpg,9730,6.0,train
20130626_202703.jpg,9730,16.0,train
20130627_015703.jpg,9730,14.0,train
20130627_055707.jpg,9730,11.0,train
20130627_065710.jpg,9730,9.0,train
20130627_112708.jpg,9730,10.0,train
20130627_185658.jpg,9730,15.0,train
20130628_025708.jpg,9730,14.0,train
20130628_055706.jpg,9730,13.0,train
20130628_092701.jpg,9730,13.0,train
20130628_115702.jpg,9730,13.0,train
20130628_132704.jpg,9730,14.0,train
20130628_202710.jpg,9730,14.0,train
20130629_082701.jpg,9730,12.0,train
20130629_122702.jpg,9730,14.0,train
20130629_162705.jpg,9730,18.0,train
20130630_015704.jpg,9730,13.0,train
20130630_032701.jpg,9730,13.0,train
20130630_092703.jpg,9730,9.0,train
20130630_095707.jpg,9730,10.0,train
20130630_172702.jpg,9730,15.0,train
20130630_185709.jpg,9730,13.0,train
20130701_015705.jpg,9730,12.0,train
20130701_092703.jpg,9730,10.0,train
20130701_205709.jpg,9730,12.0,train
20130701_235703.jpg,9730,12.0,train
20130702_005708.jpg,9730,15.0,train
20130702_035707.jpg,9730,15.0,train
20130702_122702.jpg,9730,12.0,train
20130702_212706.jpg,9730,16.0,train
20130702_222717.jpg,9730,16.0,train
20130702_225703.jpg,9730,15.0,train
20130702_232700.jpg,9730,16.0,train
20130703_042708.jpg,9730,14.0,train
20130703_062705.jpg,9730,13.0,train
20130703_065701.jpg,9730,12.0,train
20130704_012706.jpg,9730,16.0,train
20130704_035706.jpg,9730,16.0,train
20130704_092702.jpg,9730,16.0,train
20130704_115658.jpg,9730,16.0,train
20130704_122707.jpg,9730,15.0,train
20130705_002714.jpg,9730,14.0,train
20130705_005707.jpg,9730,13.0,train
20130705_055700.jpg,9730,14.0,train
20130705_072703.jpg,9730,15.0,train
20130705_092705.jpg,9730,14.0,train
20130705_125706.jpg,9730,14.0,train
20130706_005700.jpg,9730,12.0,train
20130706_062704.jpg,9730,15.0,train
20130706_105711.jpg,9730,16.0,train
20130706_165711.jpg,9730,14.0,train
20130706_175702.jpg,9730,13.0,train
20130707_012709.jpg,9730,9.0,train
20130707_055701.jpg,9730,7.0,train
20130707_072703.jpg,9730,7.0,train
20130707_192706.jpg,9730,12.0,train
20130707_205708.jpg,9730,10.0,train
20130707_235709.jpg,9730,9.0,train
20130708_075710.jpg,9730,7.0,train
20130708_165701.jpg,9730,11.0,train
20130708_215710.jpg,9730,9.0,train
20130709_022702.jpg,9730,12.0,train
20130709_035703.jpg,9730,12.0,train
20130709_082709.jpg,9730,10.0,train
20130709_095703.jpg,9730,9.0,train
20130709_122700.jpg,9730,9.0,train
20130709_212711.jpg,9730,11.0,train
20130710_012713.jpg,9730,14.0,train
20130710_045702.jpg,9730,12.0,train
20130710_085708.jpg,9730,12.0,train
20130710_152709.jpg,9730,14.0,train
20130710_212710.jpg,9730,13.0,train
20130711_002703.jpg,9730,14.0,train
20130711_082709.jpg,9730,15.0,train
20130711_105700.jpg,9730,17.0,train
20130711_112705.jpg,9730,17.0,train
20130711_185701.jpg,9730,14.0,train
20130711_235700.jpg,9730,14.0,train
20130712_052708.jpg,9730,13.0,train
20130712_055712.jpg,9730,12.0,train
20130712_075701.jpg,9730,12.0,train
20130713_025705.jpg,9730,14.0,train
20130713_032701.jpg,9730,14.0,train
20130713_052705.jpg,9730,10.0,train
20130713_062710.jpg,9730,11.0,train
20130713_145700.jpg,9730,14.0,train
20130713_152712.jpg,9730,13.0,train
20130714_015715.jpg,9730,10.0,train
20130714_102708.jpg,9730,12.0,train
20130714_105657.jpg,9730,11.0,train
20130714_112708.jpg,9730,11.0,train
20130714_145705.jpg,9730,13.0,train
20130714_182658.jpg,9730,14.0,train
20130715_042710.jpg,9730,8.0,train
20130715_172708.jpg,9730,15.0,train
20130715_202709.jpg,9730,14.0,train
20130715_222702.jpg,9730,13.0,train
20130715_232701.jpg,9730,12.0,train
20130716_045705.jpg,9730,11.0,train
20130716_105657.jpg,9730,15.0,train
20130716_195713.jpg,9730,15.0,train
20130716_225659.jpg,9730,16.0,train
20130717_032711.jpg,9730,19.0,train
20130717_062702.jpg,9730,14.0,train
20130717_122711.jpg,9730,15.0,train
20130717_162703.jpg,9730,19.0,train
20130717_205714.jpg,9730,19.0,train
20130718_015712.jpg,9730,7.0,train
20130718_102712.jpg,9730,10.0,train
20130718_125704.jpg,9730,9.0,train
20130718_205708.jpg,9730,8.0,train
20130718_212700.jpg,9730,8.0,train
20130718_232700.jpg,9730,8.0,train
20130719_055707.jpg,9730,4.0,train
20130719_122700.jpg,9730,5.0,train
20130719_142702.jpg,9730,8.0,train
20130719_192709.jpg,9730,9.0,train
20130719_225705.jpg,9730,7.0,train
20130720_115704.jpg,9730,9.0,train
20130720_152703.jpg,9730,11.0,train
20130720_165716.jpg,9730,13.0,train
20130720_185706.jpg,9730,10.0,train
20130720_195709.jpg,9730,9.0,train
20130721_062709.jpg,9730,4.0,train
20130721_072707.jpg,9730,7.0,train
20130721_125710.jpg,9730,5.0,train
20130721_135712.jpg,9730,5.0,train
20130722_002708.jpg,9730,8.0,train
20130722_092710.jpg,9730,4.0,train
20130722_162706.jpg,9730,7.0,train
20130722_202658.jpg,9730,8.0,train
20130722_215708.jpg,9730,8.0,train
20130723_012703.jpg,9730,8.0,train
20130723_045706.jpg,9730,6.0,train
20130723_075711.jpg,9730,6.0,train
20130723_095712.jpg,9730,6.0,train
20130723_102722.jpg,9730,6.0,train
20130724_025709.jpg,9730,7.0,train
20130724_102705.jpg,9730,5.0,train
20130724_125701.jpg,9730,9.0,train
20130724_155709.jpg,9730,11.0,train
20130724_185706.jpg,9730,11.0,train
20130725_022707.jpg,9730,12.0,train
20130725_072707.jpg,9730,6.0,train
20130725_105704.jpg,9730,10.0,train
20130725_162711.jpg,9730,15.0,train
20130725_172705.jpg,9730,15.0,train
20130725_182702.jpg,9730,16.0,train
20130726_045707.jpg,9730,10.0,train
20130726_122708.jpg,9730,9.0,train
20130726_142705.jpg,9730,11.0,train
20130727_002706.jpg,9730,13.0,train
20130727_022701.jpg,9730,12.0,train
20130727_062708.jpg,9730,12.0,train
20130727_082713.jpg,9730,12.0,train
20130727_132706.jpg,9730,13.0,train
20130727_142705.jpg,9730,13.0,train
20130728_015706.jpg,9730,11.0,train
20130728_045701.jpg,9730,9.0,train
20130728_055703.jpg,9730,10.0,train
20130728_102705.jpg,9730,9.0,train
20130728_105711.jpg,9730,9.0,train
20130728_145701.jpg,9730,15.0,train
20130729_052710.jpg,9730,10.0,train
20130729_105710.jpg,9730,10.0,train
20130729_162704.jpg,9730,12.0,train
20130729_202705.jpg,9730,13.0,train
20130730_015658.jpg,9730,15.0,train
20130730_095702.jpg,9730,13.0,train
20130730_102707.jpg,9730,12.0,train
20130730_135709.jpg,9730,16.0,train
20130730_152701.jpg,9730,15.0,train
20130730_215706.jpg,9730,16.0,train
20130731_115707.jpg,9730,17.0,train
20130731_142704.jpg,9730,17.0,train
20130731_232709.jpg,9730,18.0,train
20130801_012709.jpg,9730,11.0,train
20130801_032706.jpg,9730,11.0,train
20130801_095708.jpg,9730,10.0,train
20130801_155705.jpg,9730,11.0,train
20130801_172704.jpg,9730,11.0,train
20130801_202701.jpg,9730,11.0,train
20130802_002706.jpg,9730,10.0,train
20130802_052716.jpg,9730,10.0,train
20130802_105701.jpg,9730,10.0,train
20130802_125700.jpg,9730,10.0,train
20130802_145659.jpg,9730,10.0,train
20130803_012707.jpg,9730,11.0,train
20130803_055702.jpg,9730,8.0,train
20130803_062708.jpg,9730,9.0,train
20130803_075712.jpg,9730,8.0,train
20130803_112702.jpg,9730,8.0,train
20130804_022704.jpg,9730,12.0,train
20130804_095700.jpg,9730,12.0,train
20130804_162705.jpg,9730,16.0,train
20130804_165712.jpg,9730,17.0,train
20130805_002703.jpg,9730,16.0,train
20130805_012705.jpg,9730,15.0,train
20130805_052706.jpg,9730,12.0,train
20130805_215706.jpg,9730,16.0,train
20130805_232707.jpg,9730,17.0,train
20130805_235707.jpg,9730,15.0,train
20130806_025709.jpg,9730,14.0,train
20130806_042702.jpg,9730,12.0,train
20130806_115705.jpg,9730,15.0,train
20130806_145702.jpg,9730,17.0,train
20130806_185706.jpg,9730,14.0,train
20130807_002712.jpg,9730,15.0,train
20130807_102706.jpg,9730,13.0,train
20130807_152704.jpg,9730,18.0,train
20130807_165704.jpg,9730,22.0,train
20130807_195701.jpg,9730,19.0,train
20130808_032712.jpg,9730,12.0,train
20130808_052705.jpg,9730,14.0,train
20130808_062700.jpg,9730,14.0,train
20130808_102710.jpg,9730,13.0,train
20130808_115704.jpg,9730,14.0,train
20130808_122710.jpg,9730,13.0,train
20130809_112703.jpg,9730,8.0,train
20130810_005707.jpg,9730,10.0,train
20130810_022704.jpg,9730,10.0,train
20130810_032708.jpg,9730,10.0,train
20130810_035708.jpg,9730,10.0,train
20130810_122707.jpg,9730,11.0,train
20130810_125712.jpg,9730,14.0,train
20130810_175704.jpg,9730,14.0,train
20130810_182702.jpg,9730,15.0,train
20130810_225710.jpg,9730,10.0,train
20130811_115700.jpg,9730,12.0,train
20130811_145658.jpg,9730,16.0,train
20130811_182711.jpg,9730,16.0,train
20130811_212703.jpg,9730,13.0,train
20130812_035700.jpg,9730,7.0,train
20130812_042711.jpg,9730,12.0,train
20130812_095659.jpg,9730,12.0,train
20130812_122706.jpg,9730,12.0,train
20130812_165708.jpg,9730,14.0,train
20130812_175706.jpg,9730,12.0,train
20130813_135706.jpg,9730,10.0,train
20130813_145709.jpg,9730,10.0,train
20130813_162704.jpg,9730,10.0,train
20130813_225707.jpg,9730,8.0,train
20130814_012711.jpg,9730,9.0,train
20130814_132702.jpg,9730,10.0,train
20130814_195711.jpg,9730,10.0,train
20130814_202700.jpg,9730,12.0,train
20130814_205704.jpg,9730,10.0,train
20130814_222719.jpg,9730,10.0,train
20130815_122728.jpg,9730,8.0,train
20130815_125810.jpg,9730,12.0,train
20130815_142705.jpg,9730,11.0,train
20130815_145710.jpg,9730,14.0,train
20130815_192703.jpg,9730,15.0,train
20130816_042709.jpg,9730,8.0,train
20130816_045702.jpg,9730,8.0,train
20130816_062703.jpg,9730,8.0,train
20130816_155658.jpg,9730,17.0,train
20130817_025706.jpg,9730,12.0,train
20130817_075704.jpg,9730,9.0,train
20130817_095711.jpg,9730,10.0,train
20130817_155700.jpg,9730,12.0,train
20130817_172715.jpg,9730,12.0,train
20130818_005714.jpg,9730,14.0,train
20130818_105712.jpg,9730,12.0,train
20130818_135709.jpg,9730,15.0,train
20130818_182701.jpg,9730,17.0,train
20130818_192706.jpg,9730,17.0,train
20130818_215703.jpg,9730,12.0,train
20130819_045704.jpg,9730,13.0,train
20130819_055712.jpg,9730,13.0,train
20130819_065714.jpg,9730,13.0,train
20130819_095704.jpg,9730,14.0,train
20130819_122711.jpg,9730,14.0,train
20130820_212659.jpg,9730,16.0,train
20130820_222703.jpg,9730,16.0,train
20130821_005658.jpg,9730,17.0,train
20130821_032709.jpg,9730,17.0,train
20130821_035701.jpg,9730,17.0,train
20130821_045705.jpg,9730,16.0,train
20130821_115702.jpg,9730,18.0,train
20130821_122701.jpg,9730,18.0,train
20130821_142701.jpg,9730,18.0,train
20130821_152707.jpg,9730,17.0,train
20130822_132701.jpg,9730,9.0,train
20130822_202714.jpg,9730,11.0,train
20130822_222701.jpg,9730,10.0,train
20130822_232701.jpg,9730,9.0,train
20130823_005704.jpg,9730,8.0,train
20130823_135657.jpg,9730,10.0,train
20130823_162703.jpg,9730,10.0,train
20130823_232703.jpg,9730,8.0,train
20130823_235709.jpg,9730,8.0,train
20130824_022701.jpg,9730,9.0,train
20130824_042706.jpg,9730,8.0,train
20130824_052709.jpg,9730,8.0,train
20130824_085702.jpg,9730,8.0,train
20130824_092700.jpg,9730,6.0,train
20130824_102658.jpg,9730,7.0,train
20130825_052659.jpg,9730,8.0,train
20130825_215709.jpg,9730,8.0,train
20130825_235713.jpg,9730,7.0,train
20130826_002702.jpg,9730,8.0,train
20130826_035708.jpg,9730,8.0,train
20130826_072704.jpg,9730,4.0,train
20130826_122709.jpg,9730,5.0,train
20130826_145702.jpg,9730,10.0,train
20130826_155704.jpg,9730,10.0,train
20130826_235657.jpg,9730,8.0,train
20130827_042712.jpg,9730,7.0,train
20130827_112709.jpg,9730,8.0,train
20130827_135707.jpg,9730,13.0,train
20130827_172711.jpg,9730,14.0,train
20130827_215710.jpg,9730,12.0,train
20130828_055708.jpg,9730,9.0,train
20130828_095701.jpg,9730,14.0,train
20130828_115713.jpg,9730,18.0,train
20130828_202702.jpg,9730,21.0,train
20130829_032705.jpg,9730,15.0,train
20130829_122703.jpg,9730,14.0,train
20130829_142706.jpg,9730,18.0,train
20130829_182709.jpg,9730,22.0,train
20130829_195709.jpg,9730,16.0,train
20130830_015709.jpg,9730,16.0,train
20130830_062704.jpg,9730,13.0,train
20130830_075700.jpg,9730,12.0,train
20130830_112705.jpg,9730,13.0,train
20130830_152711.jpg,9730,18.0,train
20130831_022658.jpg,9730,17.0,train
20130831_042705.jpg,9730,15.0,train
20130831_082706.jpg,9730,13.0,train
20130831_172708.jpg,9730,22.0,train
20130831_215704.jpg,9730,17.0,train
20130901_012701.jpg,9730,15.0,train
20130901_052659.jpg,9730,14.0,train
20130901_095703.jpg,9730,17.0,train
20130901_135704.jpg,9730,20.0,train
20130902_012706.jpg,9730,14.0,train
20130902_025713.jpg,9730,14.0,train
20130902_115705.jpg,9730,18.0,train
20130902_132708.jpg,9730,17.0,train
20130902_215701.jpg,9730,14.0,train
20130902_225709.jpg,9730,14.0,train
20130903_032709.jpg,9730,11.0,train
20130903_052709.jpg,9730,12.0,train
20130903_072705.jpg,9730,10.0,train
20130903_082707.jpg,9730,10.0,train
20130903_122706.jpg,9730,10.0,train
20130904_022708.jpg,9730,12.0,train
20130904_062705.jpg,9730,8.0,train
20130904_075703.jpg,9730,10.0,train
20130904_092711.jpg,9730,9.0,train
20130904_125659.jpg,9730,12.0,train
20130905_015714.jpg,9730,13.0,train
20130905_042704.jpg,9730,12.0,train
20130905_052658.jpg,9730,13.0,train
20130905_102709.jpg,9730,12.0,train
20130906_025706.jpg,9730,17.0,train
20130906_035658.jpg,9730,17.0,train
20130906_095700.jpg,9730,15.0,train
20130906_132709.jpg,9730,16.0,train
20130906_192702.jpg,9730,18.0,train
20130906_195707.jpg,9730,16.0,train
20130907_012700.jpg,9730,16.0,train
20130907_062702.jpg,9730,17.0,train
20130908_002700.jpg,9730,18.0,train
20130908_012704.jpg,9730,17.0,train
20130908_032704.jpg,9730,17.0,train
20130908_035711.jpg,9730,17.0,train
20130908_042702.jpg,9730,16.0,train
20130908_075703.jpg,9730,15.0,train
20130908_155708.jpg,9730,22.0,train
20130908_165706.jpg,9730,19.0,train
20130908_212715.jpg,9730,17.0,train
20130909_045704.jpg,9730,16.0,train
20130909_052708.jpg,9730,17.0,train
20130909_072703.jpg,9730,16.0,train
20130909_212707.jpg,9730,23.0,train
20130910_025703.jpg,9730,24.0,train
20130910_052703.jpg,9730,22.0,train
20130910_132707.jpg,9730,23.0,train
20130910_142706.jpg,9730,26.0,train
20130910_232701.jpg,9730,26.0,train
20130911_032706.jpg,9730,21.0,train
20130911_095705.jpg,9730,26.0,train
20130911_102658.jpg,9730,24.0,train
20130911_125706.jpg,9730,25.0,train
20130911_155706.jpg,9730,22.0,train
20130911_182701.jpg,9730,22.0,train
20130912_105709.jpg,9730,17.0,train
20130912_135705.jpg,9730,16.0,train
20130912_172709.jpg,9730,19.0,train
20130912_182713.jpg,9730,16.0,train
20130912_192715.jpg,9730,16.0,train
20130913_132712.jpg,9730,10.0,train
20130913_182704.jpg,9730,12.0,train
20130913_185708.jpg,9730,10.0,train
20130913_195659.jpg,9730,10.0,train
20130914_032707.jpg,9730,9.0,train
20130914_062659.jpg,9730,8.0,train
20130914_105701.jpg,9730,8.0,train
20130914_182706.jpg,9730,10.0,train
20130914_185708.jpg,9730,11.0,train
20130915_025708.jpg,9730,10.0,train
20130915_055706.jpg,9730,8.0,train
20130915_065713.jpg,9730,8.0,train
20130915_102704.jpg,9730,7.0,train
20130915_115705.jpg,9730,10.0,train
20130915_165700.jpg,9730,11.0,train
20130916_072702.jpg,9730,9.0,train
20130916_112708.jpg,9730,9.0,train
20130916_122703.jpg,9730,9.0,train
20130916_172708.jpg,9730,9.0,train
20130916_225710.jpg,9730,6.0,train
20130917_052706.jpg,9730,5.0,train
20130917_122707.jpg,9730,8.0,train
20130917_175704.jpg,9730,11.0,train
20130917_215707.jpg,9730,10.0,train
20130918_012702.jpg,9730,13.0,train
20130918_095706.jpg,9730,12.0,train
20130918_142707.jpg,9730,16.0,train
20130918_162700.jpg,9730,17.0,train
20130918_222702.jpg,9730,15.0,train
20130919_015714.jpg,9730,16.0,train
20130919_065703.jpg,9730,8.0,train
20130919_072657.jpg,9730,9.0,train
20130919_125709.jpg,9730,19.0,train
20130919_215713.jpg,9730,16.0,train
20130920_002707.jpg,9730,14.0,train
20130920_075707.jpg,9730,13.0,train
20130920_082700.jpg,9730,13.0,train
20130920_125657.jpg,9730,17.0,train
20130920_232709.jpg,9730,15.0,train
20130921_022708.jpg,9730,11.0,train
20130921_062712.jpg,9730,13.0,train
20130921_092704.jpg,9730,12.0,train
20130921_205703.jpg,9730,11.0,train
20130921_225711.jpg,9730,11.0,train
20130922_022709.jpg,9730,11.0,train
20130922_112703.jpg,9730,10.0,train
20130922_115702.jpg,9730,12.0,train
20130922_162701.jpg,9730,13.0,train
20130922_195706.jpg,9730,10.0,train
20130922_222707.jpg,9730,10.0,train
20130923_045705.jpg,9730,8.0,train
20130923_082715.jpg,9730,8.0,train
20130923_115706.jpg,9730,13.0,train
20130923_222706.jpg,9730,11.0,train
20130924_032659.jpg,9730,10.0,train
20130924_085709.jpg,9730,9.0,train
20130924_115703.jpg,9730,12.0,train
20130924_175711.jpg,9730,11.0,train
20130924_185659.jpg,9730,11.0,train
20130924_192703.jpg,9730,12.0,train
20130925_095707.jpg,9730,12.0,train
20130925_165703.jpg,9730,14.0,train
20130925_202713.jpg,9730,14.0,train
20130925_222709.jpg,9730,13.0,train
20130926_025702.jpg,9730,14.0,train
20130926_065703.jpg,9730,12.0,train
20130926_085704.jpg,9730,13.0,train
20130926_135702.jpg,9730,16.0,train
20130926_195701.jpg,9730,14.0,train
20130927_022719.jpg,9730,16.0,train
20130927_052708.jpg,9730,14.0,train
20130927_062707.jpg,9730,13.0,train
20130927_122703.jpg,9730,14.0,train
20130927_212701.jpg,9730,15.0,train
20130927_225659.jpg,9730,16.0,train
20130928_135709.jpg,9730,16.0,train
20130928_195707.jpg,9730,15.0,train
20130928_215703.jpg,9730,15.0,train
20130929_002705.jpg,9730,12.0,train
20130929_015710.jpg,9730,13.0,train
20130929_102705.jpg,9730,7.0,train
20130929_125705.jpg,9730,8.0,train
20130929_152706.jpg,9730,8.0,train
20130929_182710.jpg,9730,14.0,train
20130929_202702.jpg,9730,13.0,train
20130930_155658.jpg,9730,14.0,train
20130930_172707.jpg,9730,13.0,train
20130930_175702.jpg,9730,13.0,train
20130930_202707.jpg,9730,13.0,train
20131001_015700.jpg,9730,12.0,train
20131001_122703.jpg,9730,8.0,train
20131001_155656.jpg,9730,15.0,train
20131001_172700.jpg,9730,15.0,train
20131001_185701.jpg,9730,14.0,train
20131001_235658.jpg,9730,12.0,train
20131002_075700.jpg,9730,11.0,train
20131002_092703.jpg,9730,10.0,train
20131002_145704.jpg,9730,16.0,train
20131002_192704.jpg,9730,15.0,train
20131003_015703.jpg,9730,15.0,train
20131003_062702.jpg,9730,13.0,train
20131003_085704.jpg,9730,14.0,train
20131003_132704.jpg,9730,15.0,train
20131003_155705.jpg,9730,15.0,train
20131003_225703.jpg,9730,15.0,train
20131004_145711.jpg,9730,19.0,train
20131004_182711.jpg,9730,17.0,train
20131004_202703.jpg,9730,16.0,train
20131004_232711.jpg,9730,13.0,train
20131005_012702.jpg,9730,15.0,train
20131005_042700.jpg,9730,12.0,train
20131005_065703.jpg,9730,12.0,train
20131005_172700.jpg,9730,14.0,train
20131005_182709.jpg,9730,15.0,train
20131005_232715.jpg,9730,15.0,train
20131006_155700.jpg,9730,20.0,train
20131006_215706.jpg,9730,16.0,train
20131006_222704.jpg,9730,16.0,train
20131007_012707.jpg,9730,19.0,train
20131007_022703.jpg,9730,19.0,train
20131007_122657.jpg,9730,16.0,train
20131007_135710.jpg,9730,19.0,train
20131007_145712.jpg,9730,20.0,train
20131007_195659.jpg,9730,18.0,train
20131008_005708.jpg,9730,20.0,train
20131008_075702.jpg,9730,16.0,train
20131008_085700.jpg,9730,16.0,train
20131008_142707.jpg,9730,19.0,train
20131008_195706.jpg,9730,21.0,train
20131009_012703.jpg,9730,17.0,train
20131009_045713.jpg,9730,18.0,train
20131009_062701.jpg,9730,19.0,train
20131009_175711.jpg,9730,23.0,train
20131010_005706.jpg,9730,19.0,train
20131010_012701.jpg,9730,19.0,train
20131010_045700.jpg,9730,17.0,train
20131010_195706.jpg,9730,19.0,train
20131010_232701.jpg,9730,19.0,train
20131011_015710.jpg,9730,17.0,train
20131011_035706.jpg,9730,17.0,train
20131011_055704.jpg,9730,16.0,train
20131011_095705.jpg,9730,18.0,train
20131011_112702.jpg,9730,17.0,train
20131011_195659.jpg,9730,16.0,train
20131011_205708.jpg,9730,16.0,train
20131012_055703.jpg,9730,17.0,train
20131012_135715.jpg,9730,19.0,train
20131012_172704.jpg,9730,20.0,train
20131012_215707.jpg,9730,18.0,train
20131013_035714.jpg,9730,17.0,train
20131013_115705.jpg,9730,20.0,train
20131013_165705.jpg,9730,19.0,train
20131013_202711.jpg,9730,18.0,train
20131013_232704.jpg,9730,17.0,train
20131014_035701.jpg,9730,20.0,train
20131014_065709.jpg,9730,17.0,train
20131014_125713.jpg,9730,21.0,train
20131014_132703.jpg,9730,20.0,train
20131014_142702.jpg,9730,20.0,train
20131015_032707.jpg,9730,22.0,train
20131015_082704.jpg,9730,18.0,train
20131015_175706.jpg,9730,24.0,train
20131015_225709.jpg,9730,22.0,train
20131016_012706.jpg,9730,22.0,train
20131016_015718.jpg,9730,22.0,train
20131016_072702.jpg,9730,21.0,train
20131016_082702.jpg,9730,20.0,train
20131016_192706.jpg,9730,24.0,train
20131016_222707.jpg,9730,23.0,train
20131017_032705.jpg,9730,21.0,train
20131017_052703.jpg,9730,21.0,train
20131017_055700.jpg,9730,21.0,train
20131017_075706.jpg,9730,21.0,train
20131017_205701.jpg,9730,21.0,train
20131017_215703.jpg,9730,21.0,train
20131018_052703.jpg,9730,17.0,train
20131018_065702.jpg,9730,16.0,train
20131018_092659.jpg,9730,16.0,train
20131018_202659.jpg,9730,22.0,train
20131019_002705.jpg,9730,23.0,train
20131019_112706.jpg,9730,20.0,train
20131019_115659.jpg,9730,23.0,train
20131019_205702.jpg,9730,24.0,train
20131019_215706.jpg,9730,23.0,train
20131020_012705.jpg,9730,21.0,train
20131020_092659.jpg,9730,19.0,train
20131020_155713.jpg,9730,23.0,train
20131020_202710.jpg,9730,25.0,train
20131020_212704.jpg,9730,24.0,train
20131020_235711.jpg,9730,21.0,train
20131021_062713.jpg,9730,20.0,train
20131021_065708.jpg,9730,14.0,train
20131021_115711.jpg,9730,16.0,train
20131021_195701.jpg,9730,16.0,train
20131021_215710.jpg,9730,15.0,train
20131022_082706.jpg,9730,13.0,train
20131022_185705.jpg,9730,20.0,train
20131022_222708.jpg,9730,20.0,train
20131023_032703.jpg,9730,16.0,train
20131023_035703.jpg,9730,16.0,train
20131023_052710.jpg,9730,20.0,train
20131023_055708.jpg,9730,20.0,train
20131023_065709.jpg,9730,19.0,train
20131023_102708.jpg,9730,19.0,train
20131024_032705.jpg,9730,13.0,train
20131024_112706.jpg,9730,11.0,train
20131024_145705.jpg,9730,17.0,train
20131024_215705.jpg,9730,14.0,train
20131025_002657.jpg,9730,17.0,train
20131025_025701.jpg,9730,16.0,train
20131025_055703.jpg,9730,11.0,train
20131025_062706.jpg,9730,12.0,train
20131025_175706.jpg,9730,16.0,train
20131025_215659.jpg,9730,17.0,train
20131025_225706.jpg,9730,17.0,train
20131026_082700.jpg,9730,16.0,train
20131026_132704.jpg,9730,18.0,train
20131026_235703.jpg,9730,19.0,train
20131027_002659.jpg,9730,16.0,train
20131027_012707.jpg,9730,17.0,train
20131027_112708.jpg,9730,18.0,train
20131027_172701.jpg,9730,19.0,train
20131027_212714.jpg,9730,16.0,train
20131027_235707.jpg,9730,17.0,train
20131028_032709.jpg,9730,20.0,train
20131028_105700.jpg,9730,18.0,train
20131028_135702.jpg,9730,20.0,train
20131028_175707.jpg,9730,21.0,train
20131028_192710.jpg,9730,21.0,train
20131029_015701.jpg,9730,20.0,train
20131029_105704.jpg,9730,19.0,train
20131029_155704.jpg,9730,23.0,train
20131029_212705.jpg,9730,21.0,train
20131030_012703.jpg,9730,21.0,train
20131030_032707.jpg,9730,21.0,train
20131030_055708.jpg,9730,16.0,train
20131030_085707.jpg,9730,17.0,train
20131030_182704.jpg,9730,22.0,train
20131030_225701.jpg,9730,21.0,train
20131030_232700.jpg,9730,20.0,train
20131031_042700.jpg,9730,19.0,train
20131031_075705.jpg,9730,17.0,train
20131031_172708.jpg,9730,18.0,train
20131031_212710.jpg,9730,22.0,train
20131101_025704.jpg,9730,19.0,train
20131101_052712.jpg,9730,20.0,train
20131101_102706.jpg,9730,19.0,train
20131101_142707.jpg,9730,18.0,train
20131101_165725.jpg,9730,20.0,train
20131101_225659.jpg,9730,19.0,train
20131102_102701.jpg,9730,17.0,train
20131102_182702.jpg,9730,20.0,train
20131102_185700.jpg,9730,20.0,train
20131102_205716.jpg,9730,20.0,train
20131102_215708.jpg,9730,19.0,train
20131103_065710.jpg,9730,13.0,train
20131103_165709.jpg,9730,21.0,train
20131103_175710.jpg,9730,20.0,train
20131103_182703.jpg,9730,24.0,train
20131103_192704.jpg,9730,21.0,train
20131104_065703.jpg,9730,13.0,train
20131104_125700.jpg,9730,17.0,train
20131104_142702.jpg,9730,17.0,train
20131104_165701.jpg,9730,19.0,train
20131105_035716.jpg,9730,20.0,train
20131105_075704.jpg,9730,17.0,train
20131105_085700.jpg,9730,17.0,train
20131105_135701.jpg,9730,21.0,train
20131105_152704.jpg,9730,20.0,train
20131106_025658.jpg,9730,23.0,train
20131106_162715.jpg,9730,24.0,train
20131106_165709.jpg,9730,25.0,train
20131106_175715.jpg,9730,25.0,train
20131107_012658.jpg,9730,17.0,train
20131107_032657.jpg,9730,17.0,train
20131107_085705.jpg,9730,21.0,train
20131107_115700.jpg,9730,17.0,train
20131108_005704.jpg,9730,19.0,train
20131108_012659.jpg,9730,19.0,train
20131108_015657.jpg,9730,19.0,train
20131108_105703.jpg,9730,20.0,train
20131108_175709.jpg,9730,21.0,train
20131108_185659.jpg,9730,21.0,train
20131108_225701.jpg,9730,19.0,train
20131109_005706.jpg,9730,20.0,train
20131109_085713.jpg,9730,21.0,train
20131109_102702.jpg,9730,21.0,train
20131109_105712.jpg,9730,22.0,train
20131109_182706.jpg,9730,21.0,train
20131109_222705.jpg,9730,20.0,train
20131110_052704.jpg,9730,20.0,train
20131110_085659.jpg,9730,20.0,train
20131110_105703.jpg,9730,23.0,train
20131110_142703.jpg,9730,23.0,train
20131110_215713.jpg,9730,22.0,train
20131111_045703.jpg,9730,19.0,train
20131111_062701.jpg,9730,19.0,train
20131111_075703.jpg,9730,19.0,train
20131111_132707.jpg,9730,18.0,train
20131111_212705.jpg,9730,22.0,train
20131112_052701.jpg,9730,20.0,train
20131112_062658.jpg,9730,19.0,train
20131112_085700.jpg,9730,24.0,train
20131112_182707.jpg,9730,29.0,train
20131112_192703.jpg,9730,29.0,train
20131113_072713.jpg,9730,18.0,train
20131113_085700.jpg,9730,19.0,train
20131113_105704.jpg,9730,21.0,train
20131113_142710.jpg,9730,22.0,train
20131114_032711.jpg,9730,27.0,train
20131114_045702.jpg,9730,21.0,train
20131114_122702.jpg,9730,24.0,train
20131114_125700.jpg,9730,29.0,train
20131114_152702.jpg,9730,29.0,train
20131114_235705.jpg,9730,27.0,train
20131115_055705.jpg,9730,20.0,train
20131115_065659.jpg,9730,20.0,train
20131115_072706.jpg,9730,23.0,train
20131115_162706.jpg,9730,23.0,train
20131115_212701.jpg,9730,23.0,train
20131116_065701.jpg,9730,15.0,train
20131116_135704.jpg,9730,24.0,train
20131116_172705.jpg,9730,23.0,train
20131116_192707.jpg,9730,20.0,train
20131117_035706.jpg,9730,23.0,train
20131117_042707.jpg,9730,20.0,train
20131117_085700.jpg,9730,20.0,train
20131117_105659.jpg,9730,21.0,train
20131117_192708.jpg,9730,25.0,train
20131118_005710.jpg,9730,22.0,train
20131118_052704.jpg,9730,21.0,train
20131118_112700.jpg,9730,21.0,train
20131118_172707.jpg,9730,25.0,train
20131118_175702.jpg,9730,24.0,train
20131119_012709.jpg,9730,18.0,train
20131119_072706.jpg,9730,19.0,train
20131119_135705.jpg,9730,21.0,train
20131119_235707.jpg,9730,18.0,train
20131120_015657.jpg,9730,20.0,train
20131120_025701.jpg,9730,20.0,train
20131120_082657.jpg,9730,18.0,train
20131120_132702.jpg,9730,21.0,train
20131120_185701.jpg,9730,21.0,train
20131120_215710.jpg,9730,21.0,train
20131121_015700.jpg,9730,20.0,train
20131121_042702.jpg,9730,19.0,train
20131121_065715.jpg,9730,19.0,train
20131121_082701.jpg,9730,18.0,train
20131121_222711.jpg,9730,21.0,train
20131121_235710.jpg,9730,20.0,train
20131122_095706.jpg,9730,21.0,train
20131122_105707.jpg,9730,22.0,train
20131122_115703.jpg,9730,23.0,train
20131123_002659.jpg,9730,26.0,train
20131123_015702.jpg,9730,25.0,train
20131123_055701.jpg,9730,20.0,train
20131123_062706.jpg,9730,21.0,train
20131123_105703.jpg,9730,23.0,train
20131123_182659.jpg,9730,27.0,train
20131123_212658.jpg,9730,25.0,train
20131124_092711.jpg,9730,22.0,train
20131124_095710.jpg,9730,24.0,train
20131124_115702.jpg,9730,25.0,train
20131124_145706.jpg,9730,28.0,train
20131124_185658.jpg,9730,28.0,train
20131125_042700.jpg,9730,22.0,train
20131125_125706.jpg,9730,24.0,train
20131125_152658.jpg,9730,24.0,train
20131125_192713.jpg,9730,25.0,train
20131126_002704.jpg,9730,19.0,train
20131126_125659.jpg,9730,18.0,train
20131126_152707.jpg,9730,18.0,train
20131126_165708.jpg,9730,19.0,train
20131127_002700.jpg,9730,16.0,train
20131127_025703.jpg,9730,16.0,train
20131127_105701.jpg,9730,20.0,train
20131127_145707.jpg,9730,17.0,train
20131127_185705.jpg,9730,18.0,train
20131127_202707.jpg,9730,18.0,train
20131127_232706.jpg,9730,17.0,train
20131128_075700.jpg,9730,15.0,train
20131128_112703.jpg,9730,20.0,train
20131128_172700.jpg,9730,28.0,train
20131128_182701.jpg,9730,28.0,train
20131128_232713.jpg,9730,25.0,train
20131129_072709.jpg,9730,18.0,train
20131129_122707.jpg,9730,21.0,train
20131129_165703.jpg,9730,22.0,train
20131129_192713.jpg,9730,22.0,train
20131130_022708.jpg,9730,25.0,train
20131130_082707.jpg,9730,20.0,train
20131130_102708.jpg,9730,21.0,train
20131130_105706.jpg,9730,23.0,train
20131130_125700.jpg,9730,26.0,train
20131130_175703.jpg,9730,26.0,train
20131201_055705.jpg,9730,22.0,train
20131201_125706.jpg,9730,26.0,train
20131201_162658.jpg,9730,25.0,train
20131201_185705.jpg,9730,26.0,train
20131201_195703.jpg,9730,24.0,train
20131202_042716.jpg,9730,24.0,train
20131202_055706.jpg,9730,22.0,train
20131202_072701.jpg,9730,23.0,train
20131202_145700.jpg,9730,30.0,train
20131202_202711.jpg,9730,30.0,train
20131203_085706.jpg,9730,17.0,train
20131203_105702.jpg,9730,18.0,train
20131203_122658.jpg,9730,18.0,train
20131203_145703.jpg,9730,20.0,train
20131204_032701.jpg,9730,25.0,train
20131204_042709.jpg,9730,18.0,train
20131204_135706.jpg,9730,29.0,train
20131204_142715.jpg,9730,26.0,train
20131204_172710.jpg,9730,30.0,train
20131204_212708.jpg,9730,30.0,train
20131205_042713.jpg,9730,17.0,train
20131205_145706.jpg,9730,22.0,train
20131205_155701.jpg,9730,22.0,train
20131206_002706.jpg,9730,22.0,train
20131206_025720.jpg,9730,22.0,train
20131206_072708.jpg,9730,15.0,train
20131206_082707.jpg,9730,15.0,train
20131206_085657.jpg,9730,20.0,train
20131206_135715.jpg,9730,21.0,train
20131206_192705.jpg,9730,23.0,train
20131207_045701.jpg,9730,19.0,train
20131207_092708.jpg,9730,19.0,train
20131207_132706.jpg,9730,26.0,train
20131207_235706.jpg,9730,25.0,train
20131208_012708.jpg,9730,23.0,train
20131208_092709.jpg,9730,23.0,train
20131208_135658.jpg,9730,30.0,train
20131208_225702.jpg,9730,23.0,train
20131209_022700.jpg,9730,18.0,train
20131209_032702.jpg,9730,18.0,train
20131209_052700.jpg,9730,22.0,train
20131209_082700.jpg,9730,22.0,train
20131209_165704.jpg,9730,24.0,train
20131209_215705.jpg,9730,19.0,train
20131210_015706.jpg,9730,20.0,train
20131210_085659.jpg,9730,20.0,train
20131210_122659.jpg,9730,21.0,train
20131210_165704.jpg,9730,22.0,train
20131210_215700.jpg,9730,20.0,train
20131210_222720.jpg,9730,20.0,train
20131211_065707.jpg,9730,20.0,train
20131211_082712.jpg,9730,19.0,train
20131211_085706.jpg,9730,20.0,train
20131211_165700.jpg,9730,25.0,train
20131211_192706.jpg,9730,25.0,train
20131212_072702.jpg,9730,22.0,train
20131212_102702.jpg,9730,22.0,train
20131212_105704.jpg,9730,23.0,train
20131212_162706.jpg,9730,26.0,train
20131212_195710.jpg,9730,25.0,train
20131213_065707.jpg,9730,23.0,train
20131213_112717.jpg,9730,24.0,train
20131213_195709.jpg,9730,26.0,train
20131213_205657.jpg,9730,26.0,train
20131213_222712.jpg,9730,26.0,train
20131214_055658.jpg,9730,24.0,train
20131214_205700.jpg,9730,26.0,train
20131214_222703.jpg,9730,28.0,train
20131214_225705.jpg,9730,26.0,train
20131215_032705.jpg,9730,27.0,train
20131215_052707.jpg,9730,27.0,train
20131215_132712.jpg,9730,33.0,train
20131215_142704.jpg,9730,33.0,train
20131215_155659.jpg,9730,32.0,train
20131216_022705.jpg,9730,26.0,train
20131216_155701.jpg,9730,32.0,train
20131216_205707.jpg,9730,26.0,train
20131216_222712.jpg,9730,26.0,train
20131217_015705.jpg,9730,30.0,train
20131217_025709.jpg,9730,30.0,train
20131217_042710.jpg,9730,26.0,train
20131217_175659.jpg,9730,32.0,train
20131217_202713.jpg,9730,32.0,train
20131218_012703.jpg,9730,24.0,train
20131218_025659.jpg,9730,24.0,train
20131218_075703.jpg,9730,26.0,train
20131218_165707.jpg,9730,26.0,train
20131218_222701.jpg,9730,25.0,train
20131218_225710.jpg,9730,24.0,train
20131219_032713.jpg,9730,27.0,train
20131219_115706.jpg,9730,26.0,train
20131219_155706.jpg,9730,28.0,train
20131219_162707.jpg,9730,28.0,train
20131219_222710.jpg,9730,26.0,train
20131220_025707.jpg,9730,27.0,train
20131220_052658.jpg,9730,25.0,train
20131220_212702.jpg,9730,27.0,train
20131220_235702.jpg,9730,27.0,train
20131221_015704.jpg,9730,26.0,train
20131221_035701.jpg,9730,26.0,train
20131221_102705.jpg,9730,24.0,train
20131221_125705.jpg,9730,28.0,train
20131221_225712.jpg,9730,26.0,train
20131222_002703.jpg,9730,27.0,train
20131222_005706.jpg,9730,27.0,train
20131222_045712.jpg,9730,25.0,train
20131222_102717.jpg,9730,25.0,train
20131222_105714.jpg,9730,27.0,train
20131222_115659.jpg,9730,28.0,train
20131223_022707.jpg,9730,27.0,train
20131223_075705.jpg,9730,26.0,train
20131223_085708.jpg,9730,27.0,train
20131223_092709.jpg,9730,26.0,train
20131223_155705.jpg,9730,33.0,train
20131224_002702.jpg,9730,30.0,train
20131224_082703.jpg,9730,26.0,train
20131224_085705.jpg,9730,27.0,train
20131224_132705.jpg,9730,29.0,train
20131224_222711.jpg,9730,32.0,train
20131225_032707.jpg,9730,30.0,train
20131225_045709.jpg,9730,27.0,train
20131225_052702.jpg,9730,30.0,train
20131225_202706.jpg,9730,33.0,train
20131225_222701.jpg,9730,33.0,train
20131226_005700.jpg,9730,27.0,train
20131226_045706.jpg,9730,29.0,train
20131226_132709.jpg,9730,32.0,train
20131226_155705.jpg,9730,36.0,train
20131226_165712.jpg,9730,33.0,train
20131226_212711.jpg,9730,32.0,train
20131227_052703.jpg,9730,26.0,train
20131227_105708.jpg,9730,30.0,train
20131227_112708.jpg,9730,29.0,train
20131227_122704.jpg,9730,29.0,train
20131227_212706.jpg,9730,34.0,train
20131228_062713.jpg,9730,26.0,train
20131228_132700.jpg,9730,30.0,train
20131228_135706.jpg,9730,32.0,train
20131228_195703.jpg,9730,31.0,train
20131229_002713.jpg,9730,34.0,train
20131229_075707.jpg,9730,29.0,train
20131229_155706.jpg,9730,37.0,train
20131229_175704.jpg,9730,37.0,train
20131229_195701.jpg,9730,36.0,train
20131230_025703.jpg,9730,32.0,train
20131230_072704.jpg,9730,29.0,train
20131230_102708.jpg,9730,30.0,train
20131230_135702.jpg,9730,34.0,train
20131231_032704.jpg,9730,27.0,train
20131231_035703.jpg,9730,27.0,train
20131231_052708.jpg,9730,24.0,train
20131231_095706.jpg,9730,26.0,train
20131231_105659.jpg,9730,25.0,train
20131231_162701.jpg,9730,27.0,train
20131231_235702.jpg,9730,27.0,train
20130101_101013.jpg,17218,3.3,val
20130101_114024.jpg,17218,2.9,val
20130101_171015.jpg,17218,1.0,val
20130101_194017.jpg,17218,-3.2,val
20130102_024015.jpg,17218,-9.0,val
20130102_114014.jpg,17218,-8.7,val
20130102_184018.jpg,17218,-6.7,val
20130102_191017.jpg,17218,-7.4,val
20130102_201014.jpg,17218,-6.7,val
20130102_211017.jpg,17218,-7.3,val
20130103_164017.jpg,17218,-6.8,val
20130103_204013.jpg,17218,-5.9,val
20130104_001013.jpg,17218,3.5,val
20130104_004016.jpg,17218,3.6,val
20130104_011013.jpg,17218,3.8,val
20130104_041010.jpg,17218,-5.8,val
20130104_081019.jpg,17218,-5.3,val
20130104_154019.jpg,17218,2.0,val
20130104_234012.jpg,17218,3.8,val
20130105_021016.jpg,17218,-4.5,val
20130105_091016.jpg,17218,3.9,val
20130105_114017.jpg,17218,2.6,val
20130105_164014.jpg,17218,-1.4,val
20130105_191015.jpg,17218,-1.2,val
20130105_234011.jpg,17218,-4.1,val
20130106_064016.jpg,17218,-5.6,val
20130106_104011.jpg,17218,-2.8,val
20130106_151011.jpg,17218,-0.7,val
20130106_214018.jpg,17218,1.0,val
20130106_224013.jpg,17218,1.0,val
20130107_094022.jpg,17218,-3.0,val
20130107_131019.jpg,17218,-4.6,val
20130107_134017.jpg,17218,-6.5,val
20130107_191013.jpg,17218,-6.3,val
20130107_231011.jpg,17218,-6.0,val
20130108_171018.jpg,17218,7.0,val
20130108_174015.jpg,17218,6.2,val
20130108_231014.jpg,17218,5.0,val
20130109_004021.jpg,17218,6.4,val
20130109_014009.jpg,17218,6.4,val
20130109_051013.jpg,17218,3.4,val
20130109_091010.jpg,17218,3.3,val
20130109_174012.jpg,17218,4.3,val
20130109_184015.jpg,17218,4.1,val
20130109_201022.jpg,17218,4.1,val
20130110_091015.jpg,17218,5.3,val
20130110_101020.jpg,17218,5.1,val
20130110_161018.jpg,17218,5.7,val
20130110_191012.jpg,17218,5.5,val
20130110_204015.jpg,17218,4.3,val
20130111_061014.jpg,17218,-0.4,val
20130111_091013.jpg,17218,0.0,val
20130111_181021.jpg,17218,0.6,val
20130111_221015.jpg,17218,0.5,val
20130112_014022.jpg,17218,3.9,val
20130112_104020.jpg,17218,0.5,val
20130112_111027.jpg,17218,0.0,val
20130112_161012.jpg,17218,4.0,val
20130112_214012.jpg,17218,4.0,val
20130113_004015.jpg,17218,7.1,val
20130113_044012.jpg,17218,5.0,val
20130113_194012.jpg,17218,7.2,val
20130113_211015.jpg,17218,7.2,val
20130113_221021.jpg,17218,7.2,val
20130114_024012.jpg,17218,5.8,val
20130114_071015.jpg,17218,8.1,val
20130114_121021.jpg,17218,8.2,val
20130114_124020.jpg,17218,9.0,val
20130114_201027.jpg,17218,7.4,val
20130115_034016.jpg,17218,1.3,val
20130115_051018.jpg,17218,4.4,val
20130115_074017.jpg,17218,2.6,val
20130115_171018.jpg,17218,1.0,val
20130115_194019.jpg,17218,1.7,val
20130116_024015.jpg,17218,-0.1,val
20130116_084018.jpg,17218,-0.3,val
20130116_101020.jpg,17218,-0.3,val
20130116_121016.jpg,17218,-0.3,val
20130116_131019.jpg,17218,-0.1,val
20130116_191012.jpg,17218,-0.6,val
20130117_094014.jpg,17218,4.0,val
20130117_101014.jpg,17218,3.0,val
20130117_104017.jpg,17218,3.6,val
20130117_151016.jpg,17218,4.7,val
20130118_001019.jpg,17218,-7.6,val
20130118_074016.jpg,17218,-8.8,val
20130118_101012.jpg,17218,-9.3,val
20130118_111020.jpg,17218,-9.0,val
20130118_224016.jpg,17218,-7.6,val
20130119_031015.jpg,17218,5.3,val
20130119_044016.jpg,17218,-4.1,val
20130119_061018.jpg,17218,-4.1,val
20130119_091015.jpg,17218,-3.4,val
20130119_101019.jpg,17218,-3.5,val
20130119_141020.jpg,17218,1.2,val
20130120_051018.jpg,17218,4.0,val
20130120_074021.jpg,17218,5.8,val
20130120_121020.jpg,17218,7.7,val
20130121_011020.jpg,17218,-4.4,val
20130121_024022.jpg,17218,-4.3,val
20130121_051012.jpg,17218,-1.0,val
20130121_144016.jpg,17218,-6.3,val
20130121_161021.jpg,17218,-6.3,val
20130122_011016.jpg,17218,-8.6,val
20130122_021024.jpg,17218,-8.9,val
20130122_084013.jpg,17218,-6.9,val
20130122_184022.jpg,17218,-7.3,val
20130122_194012.jpg,17218,-7.5,val
20130122_211014.jpg,17218,-7.5,val
20130122_221017.jpg,17218,-7.8,val
20130123_054015.jpg,17218,-10.8,val
20130123_094014.jpg,17218,-13.0,val
20130123_104026.jpg,17218,-12.9,val
20130123_164016.jpg,17218,-11.9,val
20130124_004019.jpg,17218,-12.7,val
20130124_054016.jpg,17218,-13.2,val
20130124_064014.jpg,17218,-12.9,val
20130124_091019.jpg,17218,-12.3,val
20130124_111018.jpg,17218,-12.0,val
20130125_034017.jpg,17218,-6.9,val
20130125_071014.jpg,17218,-12.5,val
20130125_081016.jpg,17218,-11.8,val
20130125_164016.jpg,17218,-7.9,val
20130125_174016.jpg,17218,-7.0,val
20130126_004015.jpg,17218,-7.9,val
20130126_071013.jpg,17218,-7.3,val
20130126_094019.jpg,17218,-8.0,val
20130126_101018.jpg,17218,-7.7,val
20130126_154020.jpg,17218,-7.0,val
20130127_024012.jpg,17218,-5.2,val
20130127_044015.jpg,17218,-8.8,val
20130127_164135.jpg,17218,-5.7,val
20130127_191054.jpg,17218,-5.4,val
20130127_214042.jpg,17218,-5.0,val
20130128_031014.jpg,17218,-2.6,val
20130128_041011.jpg,17218,-5.6,val
20130128_081022.jpg,17218,-7.3,val
20130128_134026.jpg,17218,-4.8,val
20130128_181011.jpg,17218,-3.6,val
20130129_014015.jpg,17218,-0.2,val
20130129_044010.jpg,17218,-2.9,val
20130129_091013.jpg,17218,-3.4,val
20130129_131011.jpg,17218,1.0,val
20130130_011017.jpg,17218,10.5,val
20130130_034023.jpg,17218,10.3,val
20130130_044018.jpg,17218,0.5,val
20130130_064019.jpg,17218,1.2,val
20130130_141012.jpg,17218,3.1,val
20130130_184023.jpg,17218,6.6,val
20130130_224019.jpg,17218,10.8,val
20130131_041015.jpg,17218,10.6,val
20130131_111016.jpg,17218,8.0,val
20130131_154016.jpg,17218,11.0,val
20130201_024019.jpg,17218,-5.2,val
20130201_034021.jpg,17218,-5.2,val
20130201_101018.jpg,17218,0.8,val
20130201_144018.jpg,17218,0.0,val
20130201_174020.jpg,17218,-1.7,val
20130202_021009.jpg,17218,-5.1,val
20130202_034022.jpg,17218,-5.1,val
20130202_051022.jpg,17218,-7.0,val
20130202_084015.jpg,17218,-9.0,val
20130202_124011.jpg,17218,-8.3,val
20130202_134020.jpg,17218,-7.8,val
20130202_181013.jpg,17218,-5.2,val
20130203_041022.jpg,17218,-4.8,val
20130203_044019.jpg,17218,-3.4,val
20130203_084013.jpg,17218,-1.6,val
20130203_104020.jpg,17218,-1.2,val
20130204_011013.jpg,17218,-3.4,val
20130204_174017.jpg,17218,-3.1,val
20130204_211023.jpg,17218,-2.4,val
20130204_221025.jpg,17218,-2.4,val
20130204_231011.jpg,17218,-3.0,val
20130205_024016.jpg,17218,-5.6,val
20130205_081011.jpg,17218,-7.1,val
20130205_141017.jpg,17218,-7.9,val
20130205_151015.jpg,17218,-7.2,val
20130205_224029.jpg,17218,-5.8,val
20130206_031020.jpg,17218,-1.7,val
20130206_074021.jpg,17218,-7.2,val
20130206_151015.jpg,17218,-3.3,val
20130206_221017.jpg,17218,0.8,val
20130206_224021.jpg,17218,0.9,val
20130207_031017.jpg,17218,-10.8,val
20130207_081012.jpg,17218,-7.8,val
20130207_201017.jpg,17218,-11.0,val
20130207_231020.jpg,17218,-10.0,val
20130207_234021.jpg,17218,-10.5,val
20130208_021025.jpg,17218,-7.5,val
20130208_081009.jpg,17218,-11.1,val
20130208_104013.jpg,17218,-11.2,val
20130208_151023.jpg,17218,-9.9,val
20130208_171019.jpg,17218,-8.0,val
20130208_174022.jpg,17218,-6.7,val
20130209_051017.jpg,17218,-7.0,val
20130209_054009.jpg,17218,-7.4,val
20130209_094011.jpg,17218,-6.0,val
20130209_114020.jpg,17218,-4.6,val
20130209_201022.jpg,17218,-2.4,val
20130210_054010.jpg,17218,-5.3,val
20130210_104016.jpg,17218,-5.1,val
20130210_124013.jpg,17218,-3.9,val
20130210_181016.jpg,17218,-1.5,val
20130211_024022.jpg,17218,4.6,val
20130211_064023.jpg,17218,-1.3,val
20130211_084015.jpg,17218,-1.3,val
20130211_124017.jpg,17218,2.1,val
20130211_171021.jpg,17218,2.0,val
20130212_011011.jpg,17218,4.6,val
20130212_051033.jpg,17218,5.0,val
20130212_071011.jpg,17218,5.9,val
20130212_184010.jpg,17218,4.3,val
20130212_191012.jpg,17218,4.1,val
20130213_001010.jpg,17218,2.8,val
20130213_051011.jpg,17218,4.0,val
20130213_101020.jpg,17218,3.3,val
20130213_131017.jpg,17218,3.3,val
20130213_144018.jpg,17218,3.6,val
20130214_024017.jpg,17218,1.9,val
20130214_111015.jpg,17218,0.0,val
20130214_134016.jpg,17218,2.1,val
20130214_151018.jpg,17218,2.1,val
20130214_201019.jpg,17218,2.0,val
20130215_011012.jpg,17218,2.5,val
20130215_084021.jpg,17218,1.6,val
20130215_131016.jpg,17218,3.7,val
20130215_144020.jpg,17218,4.8,val
20130215_171018.jpg,17218,4.0,val
20130215_221015.jpg,17218,3.1,val
20130216_161020.jpg,17218,7.8,val
20130216_191012.jpg,17218,7.1,val
20130216_194016.jpg,17218,5.9,val
20130216_221019.jpg,17218,5.3,val
20130216_231010.jpg,17218,5.0,val
20130217_054019.jpg,17218,3.4,val
20130217_161020.jpg,17218,1.3,val
20130217_201020.jpg,17218,0.0,val
20130217_214016.jpg,17218,-3.0,val
20130218_021016.jpg,17218,-3.7,val
20130218_061016.jpg,17218,-4.6,val
20130218_114020.jpg,17218,-6.2,val
20130218_124022.jpg,17218,-6.0,val
20130218_191024.jpg,17218,-3.2,val
20130219_024012.jpg,17218,2.6,val
20130219_074017.jpg,17218,-1.6,val
20130219_094015.jpg,17218,-1.0,val
20130219_144021.jpg,17218,0.5,val
20130219_201018.jpg,17218,1.7,val
20130220_001017.jpg,17218,3.0,val
20130220_074014.jpg,17218,4.2,val
20130220_084015.jpg,17218,4.4,val
20130220_114014.jpg,17218,6.0,val
20130221_004020.jpg,17218,1.5,val
20130221_034016.jpg,17218,1.5,val
20130221_081015.jpg,17218,-0.7,val
20130221_084013.jpg,17218,-0.4,val
20130221_094012.jpg,17218,-0.0,val
20130221_104020.jpg,17218,-0.6,val
20130221_221023.jpg,17218,1.5,val
20130222_064010.jpg,17218,0.6,val
20130222_154021.jpg,17218,-0.0,val
20130222_221017.jpg,17218,-1.4,val
20130223_001026.jpg,17218,-1.7,val
20130223_021010.jpg,17218,-1.8,val
20130223_144019.jpg,17218,-0.8,val
20130223_191014.jpg,17218,-0.2,val
20130223_211013.jpg,17218,-1.4,val
20130224_004020.jpg,17218,-0.5,val
20130224_034015.jpg,17218,-0.5,val
20130224_041013.jpg,17218,-1.9,val
20130224_081018.jpg,17218,-2.6,val
20130224_091017.jpg,17218,-2.2,val
20130224_121036.jpg,17218,-1.5,val
20130224_151019.jpg,17218,-0.4,val
20130225_041015.jpg,17218,-0.9,val
20130225_044017.jpg,17218,-1.8,val
20130225_071018.jpg,17218,-2.1,val
20130225_084019.jpg,17218,-1.8,val
20130226_024029.jpg,17218,-0.3,val
20130226_094017.jpg,17218,-0.0,val
20130226_101011.jpg,17218,-1.6,val
20130226_191016.jpg,17218,3.7,val
20130226_221118.jpg,17218,1.6,val
20130227_031018.jpg,17218,-0.4,val
20130227_114017.jpg,17218,1.8,val
20130227_174013.jpg,17218,6.1,val
20130227_204017.jpg,17218,2.7,val
20130228_001013.jpg,17218,2.7,val
20130228_004019.jpg,17218,2.9,val
20130228_041010.jpg,17218,-0.2,val
20130228_174015.jpg,17218,2.9,val
20130228_191015.jpg,17218,2.9,val
20130228_234024.jpg,17218,2.8,val
20130301_001019.jpg,17218,0.9,val
20130301_081019.jpg,17218,0.7,val
20130301_104016.jpg,17218,-0.1,val
20130301_114019.jpg,17218,-0.1,val
20130302_021023.jpg,17218,2.8,val
20130302_024014.jpg,17218,2.8,val
20130302_091019.jpg,17218,1.3,val
20130302_124021.jpg,17218,2.0,val
20130302_144025.jpg,17218,2.5,val
20130302_194024.jpg,17218,3.0,val
20130302_201011.jpg,17218,2.9,val
20130303_151022.jpg,17218,2.9,val
20130303_154020.jpg,17218,4.0,val
20130303_174017.jpg,17218,4.4,val
20130303_221014.jpg,17218,3.2,val
20130304_034014.jpg,17218,1.9,val
20130304_114015.jpg,17218,2.8,val
20130304_161023.jpg,17218,3.0,val
20130304_174018.jpg,17218,2.2,val
20130304_214013.jpg,17218,2.0,val
20130305_024011.jpg,17218,1.9,val
20130305_074012.jpg,17218,1.6,val
20130305_151017.jpg,17218,2.6,val
20130305_161025.jpg,17218,3.2,val
20130305_191015.jpg,17218,3.4,val
20130305_194024.jpg,17218,3.1,val
20130306_054017.jpg,17218,1.8,val
20130306_064025.jpg,17218,1.7,val
20130306_171019.jpg,17218,3.0,val
20130307_001020.jpg,17218,2.2,val
20130307_034011.jpg,17218,1.4,val
20130307_041016.jpg,17218,1.3,val
20130307_044012.jpg,17218,1.5,val
20130307_054015.jpg,17218,1.4,val
20130307_114017.jpg,17218,1.6,val
20130308_014018.jpg,17218,-0.4,val
20130308_051024.jpg,17218,1.0,val
20130308_061022.jpg,17218,0.5,val
20130308_111025.jpg,17218,0.0,val
20130308_181020.jpg,17218,3.0,val
20130308_221013.jpg,17218,2.7,val
20130309_064014.jpg,17218,-0.8,val
20130309_164019.jpg,17218,1.6,val
20130309_184024.jpg,17218,1.9,val
20130309_234016.jpg,17218,0.9,val
20130310_001015.jpg,17218,1.0,val
20130310_044020.jpg,17218,0.0,val
20130310_101017.jpg,17218,0.0,val
20130310_154021.jpg,17218,2.6,val
20130310_231012.jpg,17218,1.6,val
20130311_024012.jpg,17218,2.4,val
20130311_051017.jpg,17218,-0.1,val
20130311_091023.jpg,17218,-0.1,val
20130311_101023.jpg,17218,-0.4,val
20130312_021015.jpg,17218,7.8,val
20130312_024020.jpg,17218,7.8,val
20130312_054024.jpg,17218,3.2,val
20130312_121015.jpg,17218,5.0,val
20130312_161021.jpg,17218,6.8,val
20130312_211009.jpg,17218,8.6,val
20130313_004021.jpg,17218,4.3,val
20130313_094031.jpg,17218,9.1,val
20130313_231011.jpg,17218,5.2,val
20130314_014013.jpg,17218,1.9,val
20130314_021018.jpg,17218,1.9,val
20130314_024017.jpg,17218,1.9,val
20130314_114015.jpg,17218,3.2,val
20130314_124019.jpg,17218,3.9,val
20130314_221015.jpg,17218,3.1,val
20130314_224022.jpg,17218,2.0,val
20130315_024017.jpg,17218,-0.1,val
20130315_051013.jpg,17218,2.6,val
20130315_084015.jpg,17218,-0.7,val
20130315_094024.jpg,17218,-1.0,val
20130315_224017.jpg,17218,-1.0,val
20130316_014017.jpg,17218,-0.1,val
20130316_094013.jpg,17218,-2.0,val
20130316_101015.jpg,17218,-1.7,val
20130316_131028.jpg,17218,-1.9,val
20130316_134018.jpg,17218,-1.3,val
20130316_184019.jpg,17218,-0.4,val
20130317_101012.jpg,17218,-2.5,val
20130317_111021.jpg,17218,-2.2,val
20130317_131026.jpg,17218,-1.2,val
20130317_191028.jpg,17218,-1.4,val
20130318_024016.jpg,17218,-0.9,val
20130318_054015.jpg,17218,-7.1,val
20130318_061021.jpg,17218,-7.0,val
20130318_181016.jpg,17218,-4.0,val
20130319_001017.jpg,17218,-4.0,val
20130319_021024.jpg,17218,-3.4,val
20130319_061011.jpg,17218,-0.0,val
20130319_101013.jpg,17218,-3.4,val
20130319_131015.jpg,17218,-3.9,val
20130319_191015.jpg,17218,-3.1,val
20130320_034019.jpg,17218,1.6,val
20130320_091011.jpg,17218,-0.1,val
20130320_121019.jpg,17218,-2.0,val
20130320_181013.jpg,17218,-2.0,val
20130320_201017.jpg,17218,-0.2,val
20130320_221021.jpg,17218,1.5,val
20130321_074017.jpg,17218,1.7,val
20130321_124028.jpg,17218,4.0,val
20130321_201032.jpg,17218,3.0,val
20130322_021019.jpg,17218,1.5,val
20130322_024011.jpg,17218,1.5,val
20130322_044020.jpg,17218,1.0,val
20130322_051015.jpg,17218,1.3,val
20130322_061015.jpg,17218,1.0,val
20130322_174015.jpg,17218,3.6,val
20130323_001020.jpg,17218,2.0,val
20130323_081017.jpg,17218,-0.2,val
20130323_131020.jpg,17218,1.0,val
20130323_144013.jpg,17218,1.7,val
20130323_151013.jpg,17218,1.1,val
20130324_004019.jpg,17218,3.0,val
20130324_081020.jpg,17218,2.3,val
20130324_111019.jpg,17218,1.1,val
20130324_161018.jpg,17218,3.5,val
20130324_181022.jpg,17218,4.0,val
20130325_014023.jpg,17218,1.9,val
20130325_044013.jpg,17218,2.0,val
20130325_181017.jpg,17218,5.0,val
20130325_201014.jpg,17218,4.0,val
20130325_221021.jpg,17218,3.3,val
20130325_224019.jpg,17218,3.0,val
20130326_054021.jpg,17218,0.6,val
20130326_061014.jpg,17218,1.0,val
20130326_134016.jpg,17218,1.8,val
20130326_204009.jpg,17218,5.0,val
20130327_024018.jpg,17218,2.7,val
20130327_084020.jpg,17218,1.6,val
20130327_171015.jpg,17218,2.3,val
20130327_191017.jpg,17218,2.6,val
20130327_214013.jpg,17218,3.0,val
20130328_034023.jpg,17218,3.1,val
20130328_084013.jpg,17218,3.0,val
20130328_121015.jpg,17218,4.0,val
20130328_184022.jpg,17218,5.4,val
20130328_191025.jpg,17218,5.5,val
20130328_194011.jpg,17218,5.2,val
20130329_051022.jpg,17218,2.5,val
20130329_094018.jpg,17218,4.1,val
20130329_184016.jpg,17218,4.9,val
20130329_191016.jpg,17218,5.5,val
20130329_234013.jpg,17218,4.7,val
20130330_041010.jpg,17218,4.8,val
20130330_044022.jpg,17218,5.0,val
20130330_141025.jpg,17218,4.8,val
20130330_214012.jpg,17218,3.5,val
20130330_231019.jpg,17218,3.5,val
20130331_104014.jpg,17218,4.0,val
20130331_124020.jpg,17218,7.9,val
20130331_154021.jpg,17218,8.1,val
20130331_214021.jpg,17218,3.5,val
20130331_234017.jpg,17218,3.7,val
20130401_044015.jpg,17218,4.0,val
20130401_144017.jpg,17218,5.8,val
20130401_204017.jpg,17218,4.3,val
20130401_221021.jpg,17218,4.3,val
20130402_031012.jpg,17218,1.1,val
20130402_041017.jpg,17218,5.0,val
20130402_141020.jpg,17218,0.9,val
20130402_184021.jpg,17218,1.7,val
20130403_004031.jpg,17218,1.2,val
20130403_031009.jpg,17218,1.2,val
20130403_091021.jpg,17218,-0.5,val
20130403_144018.jpg,17218,-0.4,val
20130403_151020.jpg,17218,-0.3,val
20130403_181016.jpg,17218,2.0,val
20130403_221026.jpg,17218,2.9,val
20130404_091014.jpg,17218,0.5,val
20130404_111019.jpg,17218,0.8,val
20130404_161024.jpg,17218,3.7,val
20130404_174015.jpg,17218,5.1,val
20130405_031021.jpg,17218,4.7,val
20130405_041009.jpg,17218,3.6,val
20130405_071021.jpg,17218,3.8,val
20130405_094013.jpg,17218,4.5,val
20130405_184019.jpg,17218,4.7,val
20130406_021021.jpg,17218,1.4,val
20130406_061009.jpg,17218,4.0,val
20130406_144014.jpg,17218,1.1,val
20130406_174013.jpg,17218,2.4,val
20130406_204021.jpg,17218,2.6,val
20130407_004020.jpg,17218,3.8,val
20130407_084014.jpg,17218,-0.1,val
20130407_101013.jpg,17218,-0.1,val
20130407_144012.jpg,17218,4.3,val
20130407_161015.jpg,17218,2.6,val
20130408_024019.jpg,17218,6.2,val
20130408_044022.jpg,17218,5.0,val
20130408_051015.jpg,17218,4.1,val
20130408_074020.jpg,17218,5.4,val
20130408_164013.jpg,17218,8.0,val
20130408_181028.jpg,17218,8.0,val
20130409_071023.jpg,17218,3.6,val
20130409_101022.jpg,17218,3.7,val
20130409_124018.jpg,17218,4.7,val
20130409_161019.jpg,17218,5.0,val
20130410_034017.jpg,17218,4.7,val
20130410_101013.jpg,17218,3.4,val
20130410_104019.jpg,17218,4.0,val
20130410_144016.jpg,17218,5.3,val
20130410_234012.jpg,17218,4.9,val
20130411_001011.jpg,17218,5.0,val
20130411_054019.jpg,17218,5.3,val
20130411_124014.jpg,17218,4.4,val
20130411_134017.jpg,17218,4.6,val
20130411_184015.jpg,17218,4.7,val
20130412_014017.jpg,17218,0.7,val
20130412_041016.jpg,17218,2.8,val
20130412_074023.jpg,17218,1.9,val
20130412_091013.jpg,17218,1.9,val
20130412_101017.jpg,17218,1.9,val
20130412_124022.jpg,17218,4.1,val
20130413_064023.jpg,17218,1.3,val
20130413_074016.jpg,17218,1.3,val
20130413_184011.jpg,17218,3.4,val
20130413_204022.jpg,17218,3.2,val
20130414_024015.jpg,17218,3.7,val
20130414_101018.jpg,17218,3.3,val
20130414_221020.jpg,17218,3.9,val
20130414_234017.jpg,17218,3.9,val
20130415_011023.jpg,17218,2.8,val
20130415_021011.jpg,17218,3.4,val
20130415_094012.jpg,17218,2.9,val
20130415_144017.jpg,17218,3.8,val
20130415_194036.jpg,17218,4.6,val
20130415_231022.jpg,17218,3.3,val
20130416_034016.jpg,17218,5.2,val
20130416_044013.jpg,17218,3.0,val
20130416_104012.jpg,17218,4.0,val
20130416_131010.jpg,17218,5.2,val
20130416_194010.jpg,17218,5.1,val
20130417_021015.jpg,17218,6.5,val
20130417_091011.jpg,17218,6.0,val
20130417_094014.jpg,17218,6.1,val
20130417_141015.jpg,17218,7.9,val
20130417_164012.jpg,17218,9.0,val
20130418_001015.jpg,17218,5.0,val
20130418_111014.jpg,17218,5.1,val
20130418_161021.jpg,17218,7.2,val
20130418_174027.jpg,17218,7.9,val
20130418_214011.jpg,17218,5.2,val
20130418_224019.jpg,17218,5.0,val
20130419_041013.jpg,17218,5.0,val
20130419_141015.jpg,17218,7.8,val
20130419_144017.jpg,17218,7.6,val
20130419_181015.jpg,17218,8.0,val
20130419_204020.jpg,17218,7.1,val
20130420_041024.jpg,17218,8.3,val
20130420_071019.jpg,17218,9.0,val
20130420_124017.jpg,17218,9.9,val
20130420_191015.jpg,17218,6.2,val
20130420_211014.jpg,17218,7.4,val
20130421_101009.jpg,17218,4.2,val
20130421_124019.jpg,17218,5.6,val
20130421_141017.jpg,17218,5.6,val
20130421_151019.jpg,17218,5.4,val
20130422_031014.jpg,17218,3.7,val
20130422_051015.jpg,17218,4.0,val
20130422_074015.jpg,17218,2.9,val
20130422_111022.jpg,17218,4.0,val
20130422_154009.jpg,17218,6.1,val
20130423_011015.jpg,17218,5.5,val
20130423_054017.jpg,17218,2.0,val
20130423_111014.jpg,17218,2.3,val
20130423_141029.jpg,17218,6.5,val
20130423_174018.jpg,17218,8.8,val
20130423_234025.jpg,17218,5.5,val
20130424_104016.jpg,17218,9.0,val
20130424_114014.jpg,17218,9.4,val
20130424_134019.jpg,17218,12.7,val
20130424_144019.jpg,17218,12.2,val
20130425_001015.jpg,17218,5.0,val
20130425_044012.jpg,17218,6.0,val
20130425_084013.jpg,17218,6.6,val
20130425_134027.jpg,17218,7.4,val
20130426_001013.jpg,17218,6.0,val
20130426_034012.jpg,17218,5.6,val
20130426_054014.jpg,17218,5.4,val
20130426_064017.jpg,17218,5.3,val
20130426_124022.jpg,17218,6.6,val
20130426_141014.jpg,17218,6.6,val
20130426_144017.jpg,17218,6.3,val
20130427_041015.jpg,17218,4.5,val
20130427_151020.jpg,17218,5.2,val
20130427_154014.jpg,17218,6.4,val
20130427_211014.jpg,17218,8.1,val
20130427_224022.jpg,17218,5.0,val
20130428_041037.jpg,17218,4.5,val
20130428_164012.jpg,17218,8.0,val
20130428_174015.jpg,17218,8.3,val
20130428_214019.jpg,17218,6.2,val
20130429_014010.jpg,17218,7.2,val
20130429_094018.jpg,17218,8.0,val
20130429_151024.jpg,17218,9.3,val
20130429_214022.jpg,17218,7.2,val
20130429_221009.jpg,17218,8.9,val
20130430_021022.jpg,17218,4.3,val
20130430_121022.jpg,17218,9.0,val
20130430_141020.jpg,17218,12.3,val
20130430_194022.jpg,17218,9.2,val
20130430_211020.jpg,17218,9.2,val
20130501_021015.jpg,17218,6.7,val
20130501_064016.jpg,17218,3.9,val
20130501_141024.jpg,17218,7.5,val
20130501_181025.jpg,17218,9.0,val
20130501_184018.jpg,17218,8.8,val
20130501_194015.jpg,17218,10.4,val
20130502_054011.jpg,17218,6.1,val
20130502_064018.jpg,17218,5.5,val
20130502_074013.jpg,17218,5.5,val
20130502_104020.jpg,17218,7.0,val
20130502_151021.jpg,17218,6.9,val
20130503_064015.jpg,17218,5.7,val
20130503_091012.jpg,17218,5.6,val
20130503_094020.jpg,17218,6.4,val
20130503_164022.jpg,17218,8.0,val
20130503_191019.jpg,17218,8.5,val
20130504_071018.jpg,17218,4.2,val
20130504_131016.jpg,17218,6.7,val
20130504_221012.jpg,17218,8.7,val
20130504_234016.jpg,17218,5.7,val
20130505_024010.jpg,17218,5.8,val
20130505_074014.jpg,17218,5.2,val
20130505_144019.jpg,17218,9.2,val
20130505_164019.jpg,17218,9.0,val
20130505_174015.jpg,17218,9.0,val
20130506_031021.jpg,17218,7.8,val
20130506_074012.jpg,17218,3.7,val
20130506_084011.jpg,17218,4.1,val
20130506_111020.jpg,17218,4.4,val
20130506_151017.jpg,17218,10.3,val
20130506_174021.jpg,17218,12.0,val
20130507_131015.jpg,17218,7.6,val
20130507_181014.jpg,17218,9.0,val
20130507_211019.jpg,17218,8.6,val
20130508_004013.jpg,17218,10.9,val
20130508_031014.jpg,17218,10.9,val
20130508_061017.jpg,17218,7.0,val
20130508_064015.jpg,17218,7.0,val
20130508_101025.jpg,17218,8.0,val
20130508_131021.jpg,17218,10.2,val
20130509_031021.jpg,17218,9.3,val
20130509_041019.jpg,17218,11.2,val
20130509_114018.jpg,17218,12.8,val
20130509_131019.jpg,17218,12.8,val
20130509_141013.jpg,17218,12.4,val
20130509_194018.jpg,17218,12.0,val
20130510_061020.jpg,17218,10.0,val
20130510_071017.jpg,17218,10.2,val
20130510_081017.jpg,17218,11.0,val
20130510_164021.jpg,17218,16.0,val
20130510_171014.jpg,17218,11.4,val
20130511_074020.jpg,17218,7.4,val
20130511_161024.jpg,17218,12.6,val
20130511_184019.jpg,17218,9.6,val
20130512_004020.jpg,17218,8.1,val
20130512_014027.jpg,17218,8.1,val
20130512_051020.jpg,17218,11.3,val
20130512_054017.jpg,17218,9.8,val
20130512_074017.jpg,17218,10.6,val
20130512_081015.jpg,17218,10.6,val
20130513_011009.jpg,17218,7.0,val
20130513_081014.jpg,17218,6.8,val
20130513_111018.jpg,17218,8.2,val
20130513_191010.jpg,17218,11.3,val
20130513_224017.jpg,17218,7.0,val
20130514_034018.jpg,17218,6.2,val
20130514_081013.jpg,17218,6.7,val
20130514_231013.jpg,17218,7.3,val
20130515_001025.jpg,17218,8.0,val
20130515_011018.jpg,17218,7.6,val
20130515_031014.jpg,17218,7.7,val
20130515_061013.jpg,17218,6.0,val
20130515_114018.jpg,17218,8.4,val
20130516_014021.jpg,17218,9.7,val
20130516_024029.jpg,17218,9.7,val
20130516_031015.jpg,17218,9.7,val
20130516_094013.jpg,17218,8.2,val
20130516_131012.jpg,17218,9.0,val
20130516_171016.jpg,17218,9.7,val
20130516_191017.jpg,17218,8.8,val
20130517_011008.jpg,17218,7.3,val
20130517_064022.jpg,17218,7.8,val
20130517_081019.jpg,17218,7.8,val
20130517_101019.jpg,17218,7.6,val
20130517_231025.jpg,17218,7.7,val
20130518_034013.jpg,17218,6.3,val
20130518_054014.jpg,17218,6.4,val
20130518_064016.jpg,17218,6.0,val
20130518_114011.jpg,17218,6.9,val
20130518_204014.jpg,17218,9.2,val
20130518_231009.jpg,17218,8.7,val
20130519_114017.jpg,17218,9.0,val
20130519_151014.jpg,17218,9.7,val
20130519_214012.jpg,17218,7.4,val
20130519_234014.jpg,17218,6.9,val
20130520_004016.jpg,17218,8.6,val
20130520_054011.jpg,17218,7.5,val
20130520_084012.jpg,17218,8.2,val
20130520_141020.jpg,17218,9.2,val
20130520_164021.jpg,17218,9.0,val
20130520_191015.jpg,17218,9.2,val
20130521_041016.jpg,17218,8.2,val
20130521_071018.jpg,17218,7.9,val
20130521_104014.jpg,17218,9.0,val
20130521_141018.jpg,17218,9.6,val
20130521_174021.jpg,17218,8.4,val
20130522_051017.jpg,17218,8.9,val
20130522_171018.jpg,17218,9.7,val
20130522_181013.jpg,17218,10.0,val
20130522_234017.jpg,17218,9.1,val
20130523_024014.jpg,17218,12.2,val
20130523_064020.jpg,17218,8.2,val
20130523_101019.jpg,17218,8.5,val
20130523_174018.jpg,17218,10.5,val
20130523_214013.jpg,17218,9.9,val
20130524_024014.jpg,17218,10.4,val
20130524_104014.jpg,17218,11.0,val
20130524_124011.jpg,17218,11.9,val
20130524_164020.jpg,17218,12.0,val
20130524_181023.jpg,17218,12.0,val
20130524_194013.jpg,17218,11.4,val
20130525_041012.jpg,17218,10.1,val
20130525_044013.jpg,17218,9.0,val
20130525_054018.jpg,17218,10.0,val
20130525_081013.jpg,17218,11.1,val
20130526_014014.jpg,17218,6.6,val
20130526_041024.jpg,17218,10.4,val
20130526_064018.jpg,17218,9.3,val
20130526_144019.jpg,17218,8.0,val
20130526_191019.jpg,17218,9.7,val
20130526_221013.jpg,17218,7.9,val
20130527_044017.jpg,17218,8.0,val
20130527_101014.jpg,17218,7.6,val
20130527_181016.jpg,17218,10.0,val
20130528_011017.jpg,17218,8.6,val
20130528_024010.jpg,17218,8.6,val
20130528_191019.jpg,17218,15.3,val
20130528_214016.jpg,17218,9.6,val
20130528_221021.jpg,17218,10.0,val
20130528_224017.jpg,17218,9.0,val
20130529_034014.jpg,17218,12.0,val
20130529_041017.jpg,17218,8.9,val
20130529_061022.jpg,17218,9.0,val
20130529_121021.jpg,17218,10.0,val
20130530_021026.jpg,17218,9.6,val
20130530_031014.jpg,17218,9.6,val
20130530_064009.jpg,17218,9.0,val
20130530_071016.jpg,17218,9.3,val
20130530_101024.jpg,17218,8.5,val
20130530_144031.jpg,17218,11.9,val
20130530_231033.jpg,17218,10.6,val
20130604_154014.jpg,17218,13.6,val
20130604_181017.jpg,17218,14.0,val
20130604_184016.jpg,17218,13.0,val
20130604_231019.jpg,17218,10.7,val
20130605_024019.jpg,17218,10.2,val
20130605_041013.jpg,17218,9.8,val
20130605_071032.jpg,17218,9.2,val
20130605_144028.jpg,17218,12.0,val
20130606_014017.jpg,17218,10.1,val
20130606_024018.jpg,17218,10.1,val
20130606_054014.jpg,17218,9.7,val
20130606_134011.jpg,17218,13.0,val
20130606_144013.jpg,17218,12.8,val
20130606_191016.jpg,17218,16.6,val
20130606_214015.jpg,17218,10.6,val
20130607_061013.jpg,17218,10.0,val
20130607_101023.jpg,17218,10.2,val
20130607_124010.jpg,17218,10.9,val
20130607_224021.jpg,17218,13.0,val
20130608_004009.jpg,17218,9.5,val
20130608_044013.jpg,17218,11.0,val
20130608_111017.jpg,17218,11.3,val
20130608_114014.jpg,17218,13.0,val
20130608_151019.jpg,17218,13.0,val
20130608_231017.jpg,17218,9.1,val
20130609_044011.jpg,17218,9.0,val
20130609_071010.jpg,17218,8.7,val
20130609_084017.jpg,17218,8.9,val
20130609_104015.jpg,17218,10.0,val
20130609_184016.jpg,17218,13.3,val
20130610_101014.jpg,17218,8.6,val
20130610_144020.jpg,17218,10.3,val
20130611_011012.jpg,17218,12.5,val
20130611_014009.jpg,17218,12.5,val
20130611_031015.jpg,17218,12.5,val
20130611_044025.jpg,17218,10.0,val
20130611_081019.jpg,17218,9.6,val
20130611_084022.jpg,17218,9.7,val
20130611_164022.jpg,17218,12.0,val
20130611_174008.jpg,17218,13.0,val
20130612_081024.jpg,17218,11.4,val
20130612_101011.jpg,17218,11.2,val
20130612_141017.jpg,17218,10.6,val
20130612_164011.jpg,17218,10.6,val
20130612_214014.jpg,17218,9.4,val
20130613_051019.jpg,17218,9.4,val
20130613_104012.jpg,17218,10.0,val
20130613_124011.jpg,17218,10.6,val
20130613_161015.jpg,17218,11.0,val
20130614_001016.jpg,17218,9.0,val
20130614_051008.jpg,17218,10.3,val
20130614_081016.jpg,17218,10.6,val
20130614_094016.jpg,17218,10.2,val
20130614_164013.jpg,17218,10.0,val
20130614_181024.jpg,17218,10.0,val
20130615_064011.jpg,17218,8.1,val
20130615_081021.jpg,17218,8.1,val
20130615_101012.jpg,17218,10.4,val
20130615_221019.jpg,17218,14.4,val
20130615_224018.jpg,17218,12.0,val
20130616_121017.jpg,17218,15.0,val
20130616_144023.jpg,17218,14.8,val
20130616_181014.jpg,17218,14.0,val
20130617_014022.jpg,17218,12.2,val
20130617_034016.jpg,17218,12.2,val
20130617_124021.jpg,17218,12.5,val
20130617_134019.jpg,17218,12.6,val
20130617_154013.jpg,17218,12.5,val
20130617_161019.jpg,17218,13.4,val
20130617_171039.jpg,17218,12.5,val
20130618_084019.jpg,17218,13.0,val
20130618_091019.jpg,17218,10.6,val
20130619_011145.jpg,17218,11.9,val
20130619_021132.jpg,17218,12.5,val
20130619_031127.jpg,17218,12.5,val
20130619_051051.jpg,17218,11.5,val
20130619_074146.jpg,17218,12.2,val
20130619_101021.jpg,17218,10.9,val
20130619_121013.jpg,17218,13.0,val
20130620_021010.jpg,17218,12.4,val
20130620_104013.jpg,17218,15.0,val
20130620_144016.jpg,17218,20.0,val
20130620_194021.jpg,17218,20.7,val
20130620_211013.jpg,17218,20.7,val
20130620_234019.jpg,17218,13.4,val
20130621_084011.jpg,17218,12.3,val
20130621_094011.jpg,17218,12.7,val
20130621_141017.jpg,17218,13.0,val
20130621_204013.jpg,17218,13.2,val
20130622_034017.jpg,17218,12.4,val
20130622_054017.jpg,17218,11.3,val
20130622_064022.jpg,17218,10.5,val
20130622_101014.jpg,17218,11.1,val
20130622_211024.jpg,17218,13.3,val
20130622_221015.jpg,17218,12.8,val
20130623_091020.jpg,17218,12.0,val
20130623_121011.jpg,17218,14.0,val
20130623_154015.jpg,17218,13.5,val
20130623_214015.jpg,17218,12.8,val
20130623_221019.jpg,17218,12.9,val
20130624_084028.jpg,17218,15.3,val
20130624_111014.jpg,17218,14.8,val
20130624_131014.jpg,17218,13.8,val
20130625_001023.jpg,17218,13.0,val
20130625_024013.jpg,17218,13.3,val
20130625_081013.jpg,17218,13.6,val
20130625_094022.jpg,17218,17.5,val
20130625_131017.jpg,17218,17.3,val
20130625_211015.jpg,17218,14.6,val
20130625_234018.jpg,17218,13.6,val
20130626_044018.jpg,17218,13.0,val
20130626_054021.jpg,17218,12.6,val
20130626_091016.jpg,17218,13.0,val
20130626_201011.jpg,17218,12.1,val
20130627_014020.jpg,17218,10.5,val
20130627_054017.jpg,17218,9.8,val
20130627_064010.jpg,17218,9.6,val
20130627_111011.jpg,17218,10.2,val
20130627_184015.jpg,17218,10.8,val
20130628_024013.jpg,17218,13.5,val
20130628_054018.jpg,17218,14.0,val
20130628_091010.jpg,17218,14.1,val
20130628_114028.jpg,17218,14.8,val
20130628_131019.jpg,17218,14.8,val
20130628_201015.jpg,17218,16.9,val
20130629_081017.jpg,17218,13.3,val
20130629_121014.jpg,17218,13.0,val
20130629_161017.jpg,17218,14.5,val
20130630_014015.jpg,17218,12.1,val
20130630_031022.jpg,17218,12.1,val
20130630_091016.jpg,17218,13.1,val
20130630_094019.jpg,17218,13.3,val
20130630_171019.jpg,17218,13.2,val
20130630_184020.jpg,17218,13.2,val
20130701_014013.jpg,17218,13.5,val
20130701_091014.jpg,17218,13.6,val
20130701_204019.jpg,17218,13.8,val
20130701_234020.jpg,17218,17.1,val
20130702_004021.jpg,17218,13.2,val
20130702_034014.jpg,17218,13.2,val
20130702_114015.jpg,17218,11.8,val
20130702_204019.jpg,17218,14.4,val
20130702_214020.jpg,17218,13.5,val
20130702_221016.jpg,17218,14.4,val
20130702_224014.jpg,17218,13.0,val
20130703_041023.jpg,17218,12.6,val
20130703_061022.jpg,17218,13.0,val
20130703_064029.jpg,17218,12.0,val
20130704_011019.jpg,17218,17.8,val
20130704_034011.jpg,17218,18.0,val
20130704_091012.jpg,17218,14.9,val
20130704_114013.jpg,17218,17.2,val
20130704_121016.jpg,17218,17.0,val
20130705_001011.jpg,17218,17.0,val
20130705_004011.jpg,17218,17.4,val
20130705_054019.jpg,17218,13.6,val
20130705_071016.jpg,17218,13.6,val
20130705_091019.jpg,17218,16.4,val
20130705_124011.jpg,17218,18.0,val
20130706_004014.jpg,17218,16.5,val
20130706_061013.jpg,17218,15.0,val
20130706_104013.jpg,17218,14.0,val
20130706_164015.jpg,17218,26.0,val
20130706_174015.jpg,17218,22.5,val
20130707_011015.jpg,17218,17.2,val
20130707_054021.jpg,17218,15.6,val
20130707_074020.jpg,17218,16.4,val
20130707_194027.jpg,17218,19.9,val
20130707_211018.jpg,17218,19.9,val
20130708_001022.jpg,17218,13.0,val
20130708_074028.jpg,17218,16.0,val
20130708_164017.jpg,17218,14.0,val
20130708_214017.jpg,17218,13.2,val
20130709_021016.jpg,17218,16.8,val
20130709_034015.jpg,17218,16.8,val
20130709_081012.jpg,17218,15.2,val
20130709_094016.jpg,17218,16.8,val
20130709_121019.jpg,17218,15.0,val
20130709_211011.jpg,17218,17.9,val
20130710_011025.jpg,17218,16.9,val
20130710_044019.jpg,17218,13.0,val
20130710_084035.jpg,17218,14.2,val
20130710_151012.jpg,17218,16.4,val
20130710_211018.jpg,17218,14.9,val
20130711_001013.jpg,17218,13.0,val
20130711_074012.jpg,17218,14.8,val
20130711_094011.jpg,17218,15.1,val
20130711_101022.jpg,17218,14.8,val
20130711_201010.jpg,17218,14.8,val
20130711_234018.jpg,17218,13.2,val
20130712_051019.jpg,17218,12.5,val
20130712_054016.jpg,17218,13.8,val
20130712_074010.jpg,17218,11.7,val
20130713_024022.jpg,17218,16.5,val
20130713_031015.jpg,17218,16.5,val
20130713_051017.jpg,17218,13.2,val
20130713_061023.jpg,17218,13.0,val
20130713_144015.jpg,17218,16.3,val
20130713_151013.jpg,17218,16.1,val
20130714_014010.jpg,17218,12.9,val
20130714_101014.jpg,17218,14.2,val
20130714_104018.jpg,17218,16.0,val
20130714_111015.jpg,17218,14.1,val
20130714_144015.jpg,17218,17.4,val
20130714_181015.jpg,17218,19.0,val
20130715_041018.jpg,17218,12.9,val
20130715_174012.jpg,17218,25.1,val
20130715_201015.jpg,17218,24.4,val
20130715_221015.jpg,17218,23.3,val
20130715_234014.jpg,17218,19.2,val
20130716_044017.jpg,17218,16.0,val
20130716_104023.jpg,17218,17.0,val
20130716_194014.jpg,17218,15.8,val
20130716_224013.jpg,17218,14.0,val
20130717_031027.jpg,17218,14.3,val
20130717_061017.jpg,17218,15.0,val
20130717_121015.jpg,17218,19.0,val
20130717_161013.jpg,17218,19.8,val
20130717_204020.jpg,17218,16.3,val
20130718_014013.jpg,17218,18.8,val
20130718_101013.jpg,17218,15.1,val
20130718_124022.jpg,17218,15.0,val
20130718_204022.jpg,17218,19.7,val
20130718_211018.jpg,17218,19.9,val
20130718_231025.jpg,17218,19.7,val
20130719_054015.jpg,17218,16.4,val
20130719_121014.jpg,17218,16.0,val
20130719_141013.jpg,17218,17.8,val
20130719_191015.jpg,17218,15.4,val
20130719_224013.jpg,17218,18.0,val
20130720_114017.jpg,17218,19.8,val
20130720_151016.jpg,17218,22.1,val
20130720_164009.jpg,17218,17.2,val
20130720_184013.jpg,17218,16.1,val
20130720_194015.jpg,17218,17.6,val
20130721_054015.jpg,17218,14.6,val
20130721_071007.jpg,17218,14.6,val
20130721_121030.jpg,17218,15.0,val
20130721_131009.jpg,17218,15.7,val
20130722_004025.jpg,17218,16.2,val
20130722_091009.jpg,17218,14.0,val
20130722_161018.jpg,17218,17.5,val
20130722_201025.jpg,17218,18.4,val
20130722_214020.jpg,17218,20.0,val
20130723_011017.jpg,17218,13.7,val
20130723_044019.jpg,17218,15.0,val
20130723_074018.jpg,17218,16.4,val
20130723_094021.jpg,17218,16.2,val
20130723_101017.jpg,17218,15.8,val
20130724_021023.jpg,17218,13.8,val
20130724_101015.jpg,17218,16.7,val
20130724_124021.jpg,17218,14.4,val
20130724_151013.jpg,17218,14.8,val
20130724_181010.jpg,17218,18.0,val
20130725_021015.jpg,17218,17.9,val
20130725_071015.jpg,17218,11.9,val
20130725_104017.jpg,17218,13.0,val
20130725_161011.jpg,17218,13.8,val
20130725_171015.jpg,17218,12.9,val
20130725_181019.jpg,17218,13.8,val
20130726_044019.jpg,17218,17.0,val
20130726_121010.jpg,17218,16.0,val
20130726_141013.jpg,17218,16.4,val
20130727_001027.jpg,17218,17.0,val
20130727_021018.jpg,17218,14.1,val
20130727_061016.jpg,17218,15.0,val
20130727_074013.jpg,17218,14.9,val
20130727_121010.jpg,17218,14.0,val
20130727_134017.jpg,17218,17.6,val
20130728_004015.jpg,17218,19.2,val
20130728_054017.jpg,17218,13.5,val
20130728_064017.jpg,17218,14.1,val
20130728_114014.jpg,17218,16.3,val
20130728_161017.jpg,17218,16.4,val
20130729_034012.jpg,17218,12.8,val
20130729_051015.jpg,17218,15.5,val
20130729_104018.jpg,17218,13.0,val
20130729_164010.jpg,17218,20.0,val
20130729_204010.jpg,17218,15.4,val
20130730_014017.jpg,17218,12.5,val
20130730_094013.jpg,17218,15.1,val
20130730_101019.jpg,17218,15.5,val
20130730_134015.jpg,17218,13.6,val
20130730_151014.jpg,17218,13.6,val
20130730_214010.jpg,17218,13.6,val
20130731_114011.jpg,17218,16.8,val
20130731_141009.jpg,17218,17.6,val
20130731_231019.jpg,17218,18.5,val
20130801_011019.jpg,17218,14.4,val
20130801_031011.jpg,17218,15.4,val
20130801_094009.jpg,17218,13.2,val
20130801_154010.jpg,17218,16.7,val
20130801_171022.jpg,17218,16.7,val
20130801_201012.jpg,17218,16.3,val
20130802_001013.jpg,17218,13.0,val
20130802_051019.jpg,17218,14.0,val
20130802_104020.jpg,17218,16.0,val
20130802_124014.jpg,17218,16.7,val
20130802_144014.jpg,17218,18.3,val
20130803_011020.jpg,17218,15.3,val
20130803_054019.jpg,17218,13.0,val
20130803_061012.jpg,17218,16.0,val
20130803_074017.jpg,17218,13.5,val
20130803_111013.jpg,17218,14.4,val
20130804_021012.jpg,17218,14.3,val
20130804_094016.jpg,17218,12.4,val
20130804_161021.jpg,17218,17.4,val
20130804_164018.jpg,17218,22.0,val
20130805_001014.jpg,17218,13.0,val
20130805_011022.jpg,17218,13.6,val
20130805_051018.jpg,17218,12.7,val
20130805_214018.jpg,17218,14.0,val
20130805_231025.jpg,17218,14.0,val
20130805_234011.jpg,17218,13.6,val
20130806_024021.jpg,17218,15.9,val
20130806_041012.jpg,17218,13.4,val
20130806_114013.jpg,17218,15.0,val
20130806_144018.jpg,17218,17.6,val
20130806_184015.jpg,17218,20.5,val
20130807_001013.jpg,17218,14.0,val
20130807_101015.jpg,17218,16.0,val
20130807_151013.jpg,17218,19.4,val
20130807_164009.jpg,17218,19.0,val
20130807_194016.jpg,17218,19.5,val
20130808_031020.jpg,17218,15.2,val
20130808_051021.jpg,17218,14.0,val
20130808_054020.jpg,17218,14.0,val
20130808_091031.jpg,17218,14.0,val
20130808_101015.jpg,17218,14.0,val
20130808_104019.jpg,17218,16.0,val
20130809_111017.jpg,17218,14.3,val
20130810_004014.jpg,17218,15.9,val
20130810_021011.jpg,17218,15.9,val
20130810_031104.jpg,17218,15.9,val
20130810_034056.jpg,17218,15.9,val
20130810_121022.jpg,17218,15.0,val
20130810_124010.jpg,17218,15.3,val
20130810_174016.jpg,17218,19.7,val
20130810_181021.jpg,17218,16.0,val
20130810_224026.jpg,17218,13.0,val
20130811_114015.jpg,17218,14.7,val
20130811_144025.jpg,17218,16.3,val
20130811_181010.jpg,17218,18.0,val
20130811_211018.jpg,17218,17.3,val
20130812_034012.jpg,17218,14.0,val
20130812_041012.jpg,17218,14.1,val
20130812_101014.jpg,17218,14.6,val
20130812_121017.jpg,17218,17.0,val
20130812_164015.jpg,17218,16.6,val
20130812_174022.jpg,17218,16.9,val
20130813_141012.jpg,17218,15.9,val
20130813_144016.jpg,17218,18.7,val
20130813_161015.jpg,17218,18.7,val
20130813_231018.jpg,17218,14.4,val
20130814_011012.jpg,17218,15.2,val
20130814_131012.jpg,17218,14.7,val
20130814_194009.jpg,17218,16.1,val
20130814_201015.jpg,17218,14.4,val
20130814_204017.jpg,17218,17.8,val
20130814_221026.jpg,17218,17.8,val
20130815_121013.jpg,17218,14.0,val
20130815_124020.jpg,17218,15.4,val
20130815_141028.jpg,17218,15.4,val
20130815_144009.jpg,17218,15.9,val
20130815_191022.jpg,17218,18.1,val
20130816_041014.jpg,17218,15.5,val
20130816_044012.jpg,17218,14.0,val
20130816_061017.jpg,17218,14.0,val
20130816_154016.jpg,17218,16.9,val
20130817_024022.jpg,17218,11.9,val
20130817_074019.jpg,17218,13.8,val
20130817_094018.jpg,17218,15.0,val
20130817_154020.jpg,17218,16.1,val
20130817_171023.jpg,17218,16.1,val
20130818_004018.jpg,17218,17.6,val
20130818_104012.jpg,17218,15.0,val
20130818_134018.jpg,17218,18.8,val
20130818_181017.jpg,17218,21.0,val
20130818_191027.jpg,17218,20.8,val
20130818_214016.jpg,17218,17.7,val
20130819_044019.jpg,17218,17.0,val
20130819_054016.jpg,17218,16.9,val
20130819_064013.jpg,17218,16.3,val
20130819_094017.jpg,17218,16.2,val
20130819_124015.jpg,17218,17.4,val
20130820_211020.jpg,17218,22.7,val
20130820_221021.jpg,17218,17.9,val
20130821_004014.jpg,17218,13.9,val
20130821_031012.jpg,17218,13.9,val
20130821_034023.jpg,17218,13.9,val
20130821_044018.jpg,17218,14.3,val
20130821_114019.jpg,17218,15.3,val
20130821_121014.jpg,17218,15.0,val
20130821_134025.jpg,17218,15.3,val
20130821_144010.jpg,17218,16.3,val
20130822_131026.jpg,17218,14.5,val
20130822_201015.jpg,17218,20.8,val
20130822_221019.jpg,17218,13.9,val
20130822_231016.jpg,17218,13.8,val
20130823_004013.jpg,17218,13.9,val
20130823_134021.jpg,17218,15.6,val
20130823_161012.jpg,17218,15.2,val
20130823_231018.jpg,17218,16.4,val
20130823_234019.jpg,17218,14.1,val
20130824_021015.jpg,17218,13.9,val
20130824_041015.jpg,17218,13.2,val
20130824_051011.jpg,17218,13.2,val
20130824_084017.jpg,17218,12.1,val
20130824_091019.jpg,17218,11.9,val
20130824_101022.jpg,17218,12.1,val
20130825_051007.jpg,17218,14.0,val
20130825_214023.jpg,17218,16.7,val
20130825_234023.jpg,17218,15.7,val
20130826_001017.jpg,17218,14.0,val
20130826_034012.jpg,17218,13.5,val
20130826_071017.jpg,17218,12.5,val
20130826_121010.jpg,17218,14.0,val
20130826_144016.jpg,17218,17.0,val
20130826_154020.jpg,17218,16.6,val
20130826_234017.jpg,17218,13.5,val
20130827_041021.jpg,17218,16.0,val
20130827_111021.jpg,17218,14.9,val
20130827_134017.jpg,17218,16.5,val
20130827_171013.jpg,17218,19.8,val
20130827_214014.jpg,17218,13.4,val
20130828_054011.jpg,17218,14.3,val
20130828_094021.jpg,17218,14.5,val
20130828_114019.jpg,17218,17.2,val
20130828_201013.jpg,17218,13.9,val
20130829_031011.jpg,17218,13.6,val
20130829_121028.jpg,17218,14.0,val
20130829_141013.jpg,17218,14.1,val
20130829_181020.jpg,17218,15.0,val
20130829_194020.jpg,17218,14.7,val
20130830_014014.jpg,17218,14.3,val
20130830_061018.jpg,17218,13.0,val
20130830_074014.jpg,17218,13.1,val
20130830_114019.jpg,17218,13.0,val
20130830_154016.jpg,17218,15.5,val
20130831_021018.jpg,17218,14.3,val
20130831_041010.jpg,17218,14.6,val
20130831_074021.jpg,17218,15.0,val
20130831_161011.jpg,17218,19.4,val
20130831_204015.jpg,17218,14.6,val
20130901_014015.jpg,17218,13.9,val
20130901_051019.jpg,17218,14.5,val
20130901_094022.jpg,17218,15.5,val
20130901_134019.jpg,17218,15.3,val
20130902_011023.jpg,17218,19.2,val
20130902_024013.jpg,17218,18.1,val
20130902_114019.jpg,17218,17.3,val
20130902_131020.jpg,17218,17.3,val
20130902_214009.jpg,17218,19.1,val
20130902_224019.jpg,17218,19.0,val
20130903_031013.jpg,17218,14.6,val
20130903_051019.jpg,17218,16.4,val
20130903_071013.jpg,17218,15.8,val
20130903_081009.jpg,17218,16.5,val
20130903_121012.jpg,17218,14.0,val
20130904_021015.jpg,17218,15.2,val
20130904_061012.jpg,17218,15.0,val
20130904_074021.jpg,17218,14.5,val
20130904_091016.jpg,17218,14.5,val
20130904_124016.jpg,17218,16.2,val
20130905_014014.jpg,17218,12.1,val
20130905_041018.jpg,17218,14.7,val
20130905_051019.jpg,17218,15.0,val
20130905_101026.jpg,17218,14.0,val
20130906_024019.jpg,17218,12.6,val
20130906_034011.jpg,17218,12.6,val
20130906_094015.jpg,17218,11.7,val
20130906_131019.jpg,17218,12.7,val
20130906_191016.jpg,17218,15.4,val
20130906_194015.jpg,17218,14.6,val
20130907_011017.jpg,17218,13.3,val
20130907_061012.jpg,17218,13.0,val
20130908_001017.jpg,17218,12.0,val
20130908_011015.jpg,17218,12.5,val
20130908_031022.jpg,17218,12.0,val
20130908_034009.jpg,17218,12.0,val
20130908_041016.jpg,17218,13.2,val
20130908_074012.jpg,17218,14.7,val
20130908_154016.jpg,17218,13.3,val
20130908_164020.jpg,17218,12.0,val
20130908_211011.jpg,17218,12.6,val
20130909_044021.jpg,17218,11.0,val
20130909_051008.jpg,17218,11.3,val
20130909_064013.jpg,17218,10.7,val
20130909_211023.jpg,17218,13.6,val
20130910_031016.jpg,17218,13.5,val
20130910_051015.jpg,17218,12.2,val
20130910_131012.jpg,17218,14.7,val
20130910_141024.jpg,17218,15.2,val
20130910_231023.jpg,17218,13.6,val
20130911_031014.jpg,17218,14.6,val
20130911_094015.jpg,17218,13.1,val
20130911_101017.jpg,17218,13.1,val
20130911_124019.jpg,17218,14.1,val
20130911_154010.jpg,17218,15.3,val
20130911_181014.jpg,17218,16.0,val
20130912_104013.jpg,17218,17.0,val
20130912_134022.jpg,17218,16.6,val
20130912_171015.jpg,17218,14.9,val
20130912_181019.jpg,17218,15.0,val
20130912_191012.jpg,17218,15.1,val
20130913_131016.jpg,17218,14.8,val
20130913_181019.jpg,17218,17.0,val
20130913_184013.jpg,17218,17.3,val
20130913_194023.jpg,17218,18.3,val
20130914_031011.jpg,17218,13.7,val
20130914_061019.jpg,17218,14.0,val
20130914_104013.jpg,17218,13.0,val
20130914_181009.jpg,17218,15.0,val
20130914_184018.jpg,17218,16.4,val
20130915_024026.jpg,17218,12.7,val
20130915_054014.jpg,17218,12.2,val
20130915_064016.jpg,17218,11.8,val
20130915_101015.jpg,17218,11.2,val
20130915_114019.jpg,17218,13.2,val
20130915_164010.jpg,17218,16.0,val
20130916_071014.jpg,17218,13.0,val
20130916_111014.jpg,17218,14.3,val
20130916_121014.jpg,17218,16.0,val
20130916_171018.jpg,17218,13.3,val
20130916_224017.jpg,17218,12.0,val
20130917_051017.jpg,17218,8.7,val
20130917_121019.jpg,17218,9.0,val
20130917_174012.jpg,17218,12.2,val
20130917_214023.jpg,17218,10.1,val
20130918_011018.jpg,17218,12.2,val
20130918_094015.jpg,17218,11.6,val
20130918_141021.jpg,17218,13.9,val
20130918_161009.jpg,17218,14.8,val
20130918_221009.jpg,17218,13.3,val
20130919_014017.jpg,17218,12.6,val
20130919_064017.jpg,17218,11.1,val
20130919_071019.jpg,17218,11.1,val
20130919_124016.jpg,17218,13.9,val
20130919_214012.jpg,17218,13.9,val
20130920_001017.jpg,17218,13.0,val
20130920_074020.jpg,17218,12.4,val
20130920_081027.jpg,17218,12.7,val
20130920_124022.jpg,17218,14.6,val
20130920_231014.jpg,17218,13.2,val
20130921_021014.jpg,17218,13.8,val
20130921_061016.jpg,17218,12.3,val
20130921_091014.jpg,17218,11.8,val
20130921_204019.jpg,17218,11.5,val
20130921_224020.jpg,17218,13.0,val
20130922_021021.jpg,17218,14.8,val
20130922_111014.jpg,17218,15.0,val
20130922_114016.jpg,17218,16.0,val
20130922_161025.jpg,17218,17.7,val
20130922_194030.jpg,17218,14.2,val
20130922_221017.jpg,17218,14.3,val
20130923_044018.jpg,17218,13.0,val
20130923_081010.jpg,17218,12.1,val
20130923_114018.jpg,17218,12.1,val
20130923_221010.jpg,17218,11.6,val
20130924_031015.jpg,17218,9.9,val
20130924_084014.jpg,17218,10.5,val
20130924_114021.jpg,17218,10.8,val
20130924_174011.jpg,17218,9.1,val
20130924_184015.jpg,17218,9.1,val
20130924_191025.jpg,17218,9.1,val
20130925_094022.jpg,17218,10.6,val
20130925_101011.jpg,17218,9.9,val
20130925_164026.jpg,17218,12.0,val
20130925_201022.jpg,17218,12.9,val
20130925_224020.jpg,17218,12.0,val
20130926_064022.jpg,17218,11.5,val
20130926_084022.jpg,17218,11.4,val
20130926_134024.jpg,17218,12.2,val
20130926_194020.jpg,17218,12.6,val
20130927_021032.jpg,17218,10.9,val
20130927_051013.jpg,17218,11.9,val
20130927_061014.jpg,17218,12.0,val
20130927_121017.jpg,17218,12.0,val
20130927_211011.jpg,17218,13.6,val
20130927_224013.jpg,17218,12.0,val
20130928_134014.jpg,17218,13.7,val
20130928_194011.jpg,17218,13.2,val
20130928_214015.jpg,17218,11.8,val
20130929_001016.jpg,17218,10.0,val
20130929_014012.jpg,17218,10.0,val
20130929_101011.jpg,17218,9.4,val
20130929_121011.jpg,17218,11.0,val
20130929_144014.jpg,17218,15.3,val
20130929_174017.jpg,17218,14.1,val
20130929_201015.jpg,17218,13.9,val
20130930_154009.jpg,17218,13.1,val
20130930_171014.jpg,17218,13.1,val
20130930_174013.jpg,17218,12.4,val
20130930_201036.jpg,17218,12.1,val
20131001_014019.jpg,17218,11.6,val
20131001_121017.jpg,17218,12.0,val
20131001_154017.jpg,17218,12.5,val
20131001_171011.jpg,17218,12.5,val
20131001_184013.jpg,17218,12.7,val
20131001_234021.jpg,17218,11.9,val
20131002_074021.jpg,17218,11.7,val
20131002_091016.jpg,17218,11.7,val
20131002_144014.jpg,17218,15.2,val
20131002_191015.jpg,17218,18.8,val
20131003_014018.jpg,17218,12.3,val
20131003_061016.jpg,17218,13.0,val
20131003_084020.jpg,17218,12.0,val
20131003_131020.jpg,17218,13.7,val
20131003_154023.jpg,17218,15.3,val
20131003_224022.jpg,17218,13.0,val
20131004_144021.jpg,17218,14.1,val
20131004_181021.jpg,17218,14.0,val
20131004_201013.jpg,17218,13.8,val
20131004_231009.jpg,17218,11.9,val
20131005_011019.jpg,17218,10.5,val
20131005_041015.jpg,17218,11.1,val
20131005_064011.jpg,17218,11.2,val
20131005_171020.jpg,17218,12.4,val
20131005_181019.jpg,17218,11.9,val
20131005_231012.jpg,17218,10.9,val
20131006_154024.jpg,17218,10.8,val
20131006_214014.jpg,17218,10.0,val
20131006_221010.jpg,17218,10.1,val
20131007_011013.jpg,17218,15.5,val
20131007_021023.jpg,17218,15.1,val
20131007_121018.jpg,17218,12.0,val
20131007_134015.jpg,17218,14.3,val
20131007_144012.jpg,17218,15.8,val
20131007_194013.jpg,17218,16.9,val
20131008_004025.jpg,17218,11.2,val
20131008_074019.jpg,17218,16.1,val
20131008_084019.jpg,17218,15.2,val
20131008_141020.jpg,17218,13.7,val
20131008_194024.jpg,17218,12.4,val
20131009_011018.jpg,17218,9.6,val
20131009_044011.jpg,17218,11.0,val
20131009_061017.jpg,17218,11.0,val
20131009_174017.jpg,17218,12.5,val
20131010_004009.jpg,17218,9.7,val
20131010_011018.jpg,17218,9.8,val
20131010_044013.jpg,17218,9.0,val
20131010_194016.jpg,17218,12.7,val
20131010_231026.jpg,17218,9.6,val
20131011_014011.jpg,17218,13.4,val
20131011_034015.jpg,17218,13.4,val
20131011_054012.jpg,17218,10.7,val
20131011_094009.jpg,17218,10.4,val
20131011_111016.jpg,17218,10.4,val
20131011_194014.jpg,17218,11.9,val
20131011_204013.jpg,17218,11.7,val
20131012_054019.jpg,17218,11.7,val
20131012_131014.jpg,17218,10.7,val
20131012_171015.jpg,17218,10.7,val
20131012_214017.jpg,17218,10.5,val
20131013_034015.jpg,17218,9.4,val
20131013_114010.jpg,17218,9.2,val
20131013_164023.jpg,17218,11.0,val
20131013_201015.jpg,17218,10.7,val
20131013_231011.jpg,17218,9.0,val
20131014_034020.jpg,17218,10.6,val
20131014_064018.jpg,17218,8.9,val
20131014_124015.jpg,17218,12.6,val
20131014_131015.jpg,17218,12.1,val
20131014_141013.jpg,17218,12.6,val
20131015_031015.jpg,17218,10.5,val
20131015_081006.jpg,17218,11.6,val
20131015_174016.jpg,17218,13.5,val
20131015_224017.jpg,17218,11.0,val
20131016_011019.jpg,17218,14.6,val
20131016_014011.jpg,17218,14.5,val
20131016_071014.jpg,17218,11.2,val
20131016_074020.jpg,17218,11.1,val
20131016_184016.jpg,17218,13.7,val
20131016_214020.jpg,17218,13.8,val
20131017_031010.jpg,17218,11.9,val
20131017_051023.jpg,17218,13.0,val
20131017_054016.jpg,17218,13.8,val
20131017_074013.jpg,17218,12.6,val
20131017_204014.jpg,17218,11.9,val
20131017_214015.jpg,17218,11.9,val
20131018_051016.jpg,17218,11.4,val
20131018_064017.jpg,17218,11.0,val
20131018_091021.jpg,17218,11.4,val
20131018_201018.jpg,17218,13.1,val
20131019_001017.jpg,17218,12.0,val
20131019_111019.jpg,17218,10.9,val
20131019_114021.jpg,17218,12.2,val
20131019_204011.jpg,17218,11.2,val
20131019_214019.jpg,17218,11.0,val
20131020_011008.jpg,17218,11.9,val
20131020_094010.jpg,17218,11.6,val
20131020_161016.jpg,17218,14.5,val
20131020_204010.jpg,17218,11.9,val
20131020_211014.jpg,17218,12.6,val
20131021_001019.jpg,17218,10.0,val
20131021_061014.jpg,17218,11.0,val
20131021_064015.jpg,17218,10.2,val
20131021_114017.jpg,17218,10.2,val
20131021_194018.jpg,17218,11.2,val
20131021_214013.jpg,17218,10.8,val
20131022_081021.jpg,17218,11.0,val
20131022_184014.jpg,17218,13.1,val
20131022_221017.jpg,17218,13.0,val
20131023_031024.jpg,17218,9.2,val
20131023_034013.jpg,17218,9.2,val
20131023_051018.jpg,17218,10.7,val
20131023_054015.jpg,17218,9.9,val
20131023_064013.jpg,17218,9.6,val
20131023_101021.jpg,17218,9.1,val
20131024_031023.jpg,17218,9.3,val
20131024_121017.jpg,17218,8.0,val
20131024_154013.jpg,17218,9.2,val
20131024_221009.jpg,17218,8.6,val
20131025_001013.jpg,17218,9.0,val
20131025_024018.jpg,17218,8.2,val
20131025_054017.jpg,17218,7.6,val
20131025_061012.jpg,17218,8.0,val
20131025_174019.jpg,17218,9.1,val
20131025_214016.jpg,17218,8.8,val
20131025_224015.jpg,17218,9.0,val
20131026_081022.jpg,17218,6.2,val
20131026_131018.jpg,17218,7.0,val
20131026_234013.jpg,17218,10.0,val
20131027_001013.jpg,17218,10.0,val
20131027_011018.jpg,17218,9.9,val
20131027_111021.jpg,17218,8.8,val
20131027_171016.jpg,17218,8.7,val
20131027_211012.jpg,17218,9.4,val
20131027_234011.jpg,17218,9.9,val
20131028_031020.jpg,17218,6.2,val
20131028_104014.jpg,17218,8.0,val
20131028_134020.jpg,17218,9.9,val
20131028_174017.jpg,17218,10.7,val
20131028_191015.jpg,17218,10.7,val
20131029_014012.jpg,17218,4.6,val
20131029_104011.jpg,17218,4.0,val
20131029_154016.jpg,17218,5.0,val
20131029_211013.jpg,17218,4.1,val
20131030_011021.jpg,17218,7.3,val
20131030_031022.jpg,17218,7.1,val
20131030_054012.jpg,17218,5.1,val
20131030_084013.jpg,17218,4.6,val
20131030_181017.jpg,17218,8.0,val
20131030_224017.jpg,17218,7.0,val
20131030_231009.jpg,17218,5.4,val
20131031_041022.jpg,17218,7.2,val
20131031_074012.jpg,17218,5.4,val
20131031_164016.jpg,17218,10.0,val
20131031_211010.jpg,17218,10.3,val
20131101_024014.jpg,17218,14.3,val
20131101_051014.jpg,17218,13.3,val
20131101_101011.jpg,17218,14.2,val
20131101_141009.jpg,17218,15.4,val
20131101_164017.jpg,17218,16.0,val
20131101_224015.jpg,17218,15.0,val
20131102_101017.jpg,17218,11.9,val
20131102_181037.jpg,17218,13.0,val
20131102_184008.jpg,17218,12.6,val
20131102_204015.jpg,17218,11.2,val
20131102_214019.jpg,17218,11.1,val
20131103_064016.jpg,17218,7.0,val
20131103_164014.jpg,17218,5.1,val
20131103_174015.jpg,17218,5.1,val
20131103_181016.jpg,17218,5.1,val
20131103_191019.jpg,17218,5.1,val
20131104_064011.jpg,17218,2.4,val
20131104_124019.jpg,17218,2.4,val
20131104_141015.jpg,17218,2.4,val
20131104_164017.jpg,17218,3.7,val
20131105_034018.jpg,17218,6.4,val
20131105_074017.jpg,17218,3.0,val
20131105_084020.jpg,17218,3.0,val
20131105_134010.jpg,17218,6.6,val
20131105_151015.jpg,17218,6.6,val
20131106_024016.jpg,17218,11.0,val
20131106_161019.jpg,17218,10.9,val
20131106_164012.jpg,17218,9.6,val
20131106_174009.jpg,17218,9.6,val
20131107_011015.jpg,17218,9.6,val
20131107_031020.jpg,17218,8.6,val
20131107_084010.jpg,17218,11.8,val
20131107_114021.jpg,17218,13.7,val
20131108_004019.jpg,17218,5.1,val
20131108_011014.jpg,17218,5.1,val
20131108_014026.jpg,17218,5.1,val
20131108_111017.jpg,17218,5.0,val
20131108_181019.jpg,17218,5.8,val
20131108_191022.jpg,17218,6.1,val
20131108_224013.jpg,17218,5.6,val
20131109_004017.jpg,17218,3.5,val
20131109_084011.jpg,17218,4.7,val
20131109_101009.jpg,17218,4.7,val
20131109_104017.jpg,17218,4.5,val
20131109_181019.jpg,17218,5.0,val
20131109_221016.jpg,17218,4.3,val
20131110_051024.jpg,17218,3.0,val
20131110_084012.jpg,17218,4.0,val
20131110_104020.jpg,17218,4.2,val
20131110_141017.jpg,17218,5.7,val
20131110_214022.jpg,17218,8.0,val
20131111_044011.jpg,17218,6.4,val
20131111_061017.jpg,17218,6.4,val
20131111_074009.jpg,17218,6.3,val
20131111_131013.jpg,17218,4.6,val
20131111_204010.jpg,17218,5.4,val
20131112_051014.jpg,17218,7.0,val
20131112_061016.jpg,17218,6.3,val
20131112_084015.jpg,17218,7.4,val
20131112_181017.jpg,17218,2.1,val
20131112_191012.jpg,17218,1.4,val
20131113_071020.jpg,17218,-0.7,val
20131113_084020.jpg,17218,-0.5,val
20131113_104017.jpg,17218,-0.4,val
20131113_141009.jpg,17218,-0.3,val
20131114_031012.jpg,17218,7.7,val
20131114_044014.jpg,17218,1.3,val
20131114_121017.jpg,17218,5.4,val
20131114_124014.jpg,17218,6.4,val
20131114_151010.jpg,17218,6.8,val
20131114_234013.jpg,17218,7.8,val
20131115_054025.jpg,17218,6.6,val
20131115_064022.jpg,17218,7.3,val
20131115_071015.jpg,17218,6.6,val
20131115_161016.jpg,17218,11.3,val
20131115_211013.jpg,17218,8.3,val
20131116_064019.jpg,17218,6.5,val
20131116_134015.jpg,17218,8.4,val
20131116_171015.jpg,17218,9.0,val
20131116_191013.jpg,17218,9.1,val
20131117_034018.jpg,17218,7.5,val
20131117_041018.jpg,17218,6.7,val
20131117_084023.jpg,17218,4.6,val
20131117_104019.jpg,17218,4.5,val
20131117_191018.jpg,17218,7.4,val
20131118_004018.jpg,17218,9.7,val
20131118_044028.jpg,17218,9.2,val
20131118_111016.jpg,17218,11.0,val
20131118_164015.jpg,17218,13.2,val
20131118_171015.jpg,17218,12.0,val
20131119_011021.jpg,17218,3.2,val
20131119_071013.jpg,17218,9.7,val
20131119_134015.jpg,17218,5.4,val
20131119_234013.jpg,17218,3.2,val
20131120_014015.jpg,17218,2.2,val
20131120_024017.jpg,17218,2.2,val
20131120_081015.jpg,17218,1.6,val
20131120_131017.jpg,17218,-0.4,val
20131120_184017.jpg,17218,2.3,val
20131120_214027.jpg,17218,2.0,val
20131121_014015.jpg,17218,7.9,val
20131121_041019.jpg,17218,1.8,val
20131121_064012.jpg,17218,2.3,val
20131121_081015.jpg,17218,2.3,val
20131121_221016.jpg,17218,8.3,val
20131121_234018.jpg,17218,8.0,val
20131122_094015.jpg,17218,7.0,val
20131122_104009.jpg,17218,7.8,val
20131122_114013.jpg,17218,8.1,val
20131123_001013.jpg,17218,2.2,val
20131123_014017.jpg,17218,1.5,val
20131123_054024.jpg,17218,5.2,val
20131123_061013.jpg,17218,5.0,val
20131123_104014.jpg,17218,6.0,val
20131123_181013.jpg,17218,4.6,val
20131123_211015.jpg,17218,3.8,val
20131124_091009.jpg,17218,-2.0,val
20131124_094025.jpg,17218,-4.0,val
20131124_114021.jpg,17218,-3.1,val
20131124_144018.jpg,17218,-3.3,val
20131124_184019.jpg,17218,-3.7,val
20131125_041017.jpg,17218,-3.1,val
20131125_124019.jpg,17218,-3.5,val
20131125_151016.jpg,17218,-2.9,val
20131125_191014.jpg,17218,-1.7,val
20131126_001011.jpg,17218,6.1,val
20131126_124015.jpg,17218,6.2,val
20131126_151020.jpg,17218,7.1,val
20131126_164010.jpg,17218,5.7,val
20131127_001015.jpg,17218,12.5,val
20131127_024014.jpg,17218,13.3,val
20131127_101010.jpg,17218,8.4,val
20131127_151017.jpg,17218,12.1,val
20131127_184019.jpg,17218,12.2,val
20131127_201013.jpg,17218,12.2,val
20131127_231017.jpg,17218,13.0,val
20131128_074010.jpg,17218,6.2,val
20131128_111015.jpg,17218,5.0,val
20131128_171017.jpg,17218,3.0,val
20131128_181017.jpg,17218,2.7,val
20131128_231010.jpg,17218,-0.0,val
20131129_071012.jpg,17218,-3.9,val
20131129_121023.jpg,17218,-3.7,val
20131129_164010.jpg,17218,-4.1,val
20131129_191019.jpg,17218,-4.0,val
20131130_021013.jpg,17218,-1.1,val
20131130_081024.jpg,17218,-3.2,val
20131130_101010.jpg,17218,-3.3,val
20131130_104023.jpg,17218,-3.1,val
20131130_124011.jpg,17218,-2.6,val
20131130_174008.jpg,17218,-2.4,val
20131201_054024.jpg,17218,-0.5,val
20131201_124012.jpg,17218,2.6,val
20131201_161019.jpg,17218,4.0,val
20131201_184017.jpg,17218,4.4,val
20131201_194016.jpg,17218,4.1,val
20131202_041016.jpg,17218,3.8,val
20131202_054012.jpg,17218,4.0,val
20131202_071011.jpg,17218,4.0,val
20131202_144021.jpg,17218,6.8,val
20131202_201013.jpg,17218,6.2,val
20131203_084017.jpg,17218,6.3,val
20131203_104025.jpg,17218,6.5,val
20131203_121008.jpg,17218,6.5,val
20131203_144008.jpg,17218,7.2,val
20131204_031014.jpg,17218,4.4,val
20131204_041014.jpg,17218,5.7,val
20131204_134010.jpg,17218,3.5,val
20131204_141013.jpg,17218,3.7,val
20131204_171012.jpg,17218,4.0,val
20131204_211018.jpg,17218,5.3,val
20131205_041012.jpg,17218,4.0,val
20131205_144022.jpg,17218,5.7,val
20131205_154018.jpg,17218,6.0,val
20131206_001021.jpg,17218,5.9,val
20131206_024018.jpg,17218,5.6,val
20131206_071024.jpg,17218,9.6,val
20131206_081012.jpg,17218,9.3,val
20131206_084022.jpg,17218,10.5,val
20131206_134020.jpg,17218,9.1,val
20131206_191014.jpg,17218,7.2,val
20131207_044020.jpg,17218,2.1,val
20131207_091020.jpg,17218,2.3,val
20131207_131013.jpg,17218,3.1,val
20131207_234015.jpg,17218,-0.3,val
20131208_011009.jpg,17218,-3.0,val
20131208_091013.jpg,17218,-2.7,val
20131208_134014.jpg,17218,-2.9,val
20131208_224018.jpg,17218,-2.9,val
20131209_021018.jpg,17218,1.3,val
20131209_031020.jpg,17218,1.3,val
20131209_051010.jpg,17218,-4.0,val
20131209_081014.jpg,17218,-3.7,val
20131209_164015.jpg,17218,-3.5,val
20131209_214013.jpg,17218,-1.0,val
20131210_014015.jpg,17218,-1.7,val
20131210_084024.jpg,17218,5.0,val
20131210_121010.jpg,17218,4.2,val
20131210_164012.jpg,17218,2.0,val
20131210_214015.jpg,17218,-1.0,val
20131210_221019.jpg,17218,-0.5,val
20131211_064018.jpg,17218,-3.3,val
20131211_081017.jpg,17218,-3.3,val
20131211_084023.jpg,17218,-3.2,val
20131211_164012.jpg,17218,-0.4,val
20131211_191017.jpg,17218,0.5,val
20131212_071012.jpg,17218,-3.3,val
20131212_101020.jpg,17218,-4.5,val
20131212_104015.jpg,17218,-6.7,val
20131212_161019.jpg,17218,-8.8,val
20131212_194026.jpg,17218,-8.4,val
20131213_064031.jpg,17218,-7.1,val
20131213_111018.jpg,17218,-8.0,val
20131213_194013.jpg,17218,-5.2,val
20131213_204012.jpg,17218,-6.2,val
20131213_221014.jpg,17218,-6.2,val
20131214_054010.jpg,17218,-12.1,val
20131214_204015.jpg,17218,-8.8,val
20131214_221011.jpg,17218,-8.8,val
20131214_224015.jpg,17218,-8.6,val
20131215_031018.jpg,17218,-0.9,val
20131215_051019.jpg,17218,-8.0,val
20131215_131015.jpg,17218,-2.5,val
20131215_141013.jpg,17218,-0.8,val
20131215_154010.jpg,17218,2.0,val
20131216_021019.jpg,17218,-8.6,val
20131216_151021.jpg,17218,-3.0,val
20131216_204012.jpg,17218,-5.1,val
20131216_224013.jpg,17218,-7.0,val
20131217_014014.jpg,17218,-3.9,val
20131217_024014.jpg,17218,-3.9,val
20131217_041015.jpg,17218,-9.5,val
20131217_174009.jpg,17218,-5.7,val
20131217_194014.jpg,17218,-5.1,val
20131218_011016.jpg,17218,-3.6,val
20131218_024011.jpg,17218,-3.4,val
20131218_074025.jpg,17218,-3.1,val
20131218_164011.jpg,17218,-2.1,val
20131218_221015.jpg,17218,-2.6,val
20131218_224016.jpg,17218,-3.4,val
20131219_031014.jpg,17218,3.5,val
20131219_114017.jpg,17218,1.1,val
20131219_154017.jpg,17218,2.0,val
20131219_161012.jpg,17218,1.2,val
20131219_221011.jpg,17218,1.9,val
20131220_024024.jpg,17218,6.7,val
20131220_051019.jpg,17218,3.0,val
20131220_211011.jpg,17218,4.2,val
20131220_234022.jpg,17218,6.3,val
20131221_014013.jpg,17218,4.6,val
20131221_034018.jpg,17218,4.6,val
20131221_101019.jpg,17218,4.3,val
20131221_124011.jpg,17218,6.1,val
20131221_224013.jpg,17218,7.8,val
20131222_001014.jpg,17218,2.3,val
20131222_004020.jpg,17218,2.4,val
20131222_044014.jpg,17218,3.7,val
20131222_101016.jpg,17218,2.5,val
20131222_104016.jpg,17218,2.8,val
20131222_114012.jpg,17218,2.7,val
20131223_021014.jpg,17218,4.2,val
20131223_074010.jpg,17218,2.3,val
20131223_084014.jpg,17218,2.3,val
20131223_091013.jpg,17218,2.3,val
20131223_154019.jpg,17218,3.0,val
20131224_001014.jpg,17218,-3.1,val
20131224_081011.jpg,17218,3.1,val
20131224_124014.jpg,17218,-0.1,val
20131224_131016.jpg,17218,-0.2,val
20131224_221015.jpg,17218,-1.7,val
20131225_034016.jpg,17218,-6.0,val
20131225_044019.jpg,17218,-5.4,val
20131225_051013.jpg,17218,-5.0,val
20131225_201014.jpg,17218,-5.1,val
20131225_221019.jpg,17218,-4.8,val
20131226_004020.jpg,17218,-0.3,val
20131226_044016.jpg,17218,-4.8,val
20131226_131017.jpg,17218,-2.8,val
20131226_154014.jpg,17218,-1.0,val
20131226_164015.jpg,17218,-0.8,val
20131226_211018.jpg,17218,-0.3,val
20131227_051011.jpg,17218,2.0,val
20131227_104016.jpg,17218,-2.2,val
20131227_111015.jpg,17218,-2.0,val
20131227_121019.jpg,17218,-2.2,val
20131227_211019.jpg,17218,-0.3,val
20131228_061017.jpg,17218,-1.4,val
20131228_131013.jpg,17218,2.8,val
20131228_134012.jpg,17218,3.9,val
20131228_194021.jpg,17218,4.5,val
20131229_001008.jpg,17218,5.1,val
20131229_074017.jpg,17218,4.2,val
20131229_154011.jpg,17218,5.0,val
20131229_174020.jpg,17218,5.3,val
20131229_194023.jpg,17218,4.9,val
20131230_024020.jpg,17218,-7.6,val
20131230_071015.jpg,17218,3.9,val
20131230_101013.jpg,17218,1.4,val
20131230_134011.jpg,17218,-0.3,val
20131231_031015.jpg,17218,-8.4,val
20131231_034016.jpg,17218,-8.4,val
20131231_051015.jpg,17218,-8.0,val
20131231_094014.jpg,17218,-10.0,val
20131231_104019.jpg,17218,-10.1,val
20131231_161025.jpg,17218,-9.3,val
20131231_234017.jpg,17218,-8.2,val
20130103_084632.jpg,8438,-10.6,val
20130103_214635.jpg,8438,0.0,val
20130104_001631.jpg,8438,2.8,val
20130104_041635.jpg,8438,-1.1,val
20130104_044644.jpg,8438,-5.0,val
20130104_084636.jpg,8438,-11.7,val
20130104_124637.jpg,8438,-8.3,val
20130104_224643.jpg,8438,-0.6,val
20130105_031644.jpg,8438,-1.1,val
20130105_051637.jpg,8438,1.1,val
20130105_201635.jpg,8438,3.9,val
20130106_001639.jpg,8438,7.2,val
20130106_031646.jpg,8438,0.6,val
20130106_094636.jpg,8438,-4.4,val
20130106_111639.jpg,8438,-4.4,val
20130106_134635.jpg,8438,-6.7,val
20130106_171634.jpg,8438,-5.0,val
20130106_174637.jpg,8438,2.8,val
20130107_191636.jpg,8438,7.2,val
20130107_214643.jpg,8438,10.6,val
20130108_031639.jpg,8438,1.7,val
20130108_034645.jpg,8438,0.6,val
20130108_101642.jpg,8438,1.1,val
20130108_124639.jpg,8438,1.7,val
20130108_174632.jpg,8438,9.4,val
20130109_054639.jpg,8438,2.8,val
20130109_101635.jpg,8438,-2.2,val
20130109_114633.jpg,8438,-2.8,val
20130109_131639.jpg,8438,-2.8,val
20130109_194633.jpg,8438,11.1,val
20130110_104635.jpg,8438,5.0,val
20130110_111636.jpg,8438,5.0,val
20130110_181639.jpg,8438,4.4,val
20130110_194637.jpg,8438,7.0,val
20130110_201638.jpg,8438,6.1,val
20130111_091634.jpg,8438,6.7,val
20130111_114633.jpg,8438,8.3,val
20130111_161639.jpg,8438,7.8,val
20130111_164642.jpg,8438,8.9,val
20130111_181633.jpg,8438,9.4,val
20130112_071634.jpg,8438,-1.0,val
20130112_124639.jpg,8438,-3.9,val
20130112_131635.jpg,8438,-3.3,val
20130112_184632.jpg,8438,-3.3,val
20130112_221634.jpg,8438,-2.2,val
20130113_084632.jpg,8438,-9.4,val
20130113_094638.jpg,8438,-10.0,val
20130113_124635.jpg,8438,-11.1,val
20130113_224634.jpg,8438,-2.8,val
20130114_121638.jpg,8438,-12.0,val
20130115_021631.jpg,8438,-0.6,val
20130115_024631.jpg,8438,-5.0,val
20130115_061643.jpg,8438,-5.0,val
20130115_091635.jpg,8438,-5.0,val
20130115_131637.jpg,8438,-7.8,val
20130115_231636.jpg,8438,2.2,val
20130116_061640.jpg,8438,-6.1,val
20130116_064631.jpg,8438,-6.1,val
20130116_121631.jpg,8438,-5.6,val
20130117_034644.jpg,8438,-1.7,val
20130117_064636.jpg,8438,0.0,val
20130117_134633.jpg,8438,-3.9,val
20130118_011634.jpg,8438,15.6,val
20130118_031631.jpg,8438,10.0,val
20130118_054638.jpg,8438,4.4,val
20130118_161631.jpg,8438,2.2,val
20130118_184637.jpg,8438,15.6,val
20130118_204632.jpg,8438,17.2,val
20130119_051633.jpg,8438,3.9,val
20130119_054637.jpg,8438,1.1,val
20130119_061636.jpg,8438,3.3,val
20130119_111635.jpg,8438,1.1,val
20130119_141630.jpg,8438,-0.6,val
20130120_021638.jpg,8438,-1.1,val
20130120_051633.jpg,8438,-3.3,val
20130120_094638.jpg,8438,-0.6,val
20130120_134642.jpg,8438,-3.3,val
20130120_221639.jpg,8438,2.8,val
20130121_021638.jpg,8438,-1.7,val
20130121_051640.jpg,8438,-6.7,val
20130121_091644.jpg,8438,-7.2,val
20130121_101637.jpg,8438,-7.8,val
20130121_121631.jpg,8438,-7.2,val
20130122_021630.jpg,8438,0.0,val
20130122_081632.jpg,8438,-7.2,val
20130122_111631.jpg,8438,-8.3,val
20130122_171636.jpg,8438,-8.9,val
20130122_234651.jpg,8438,0.0,val
20130123_011636.jpg,8438,7.2,val
20130123_061632.jpg,8438,-7.2,val
20130123_071635.jpg,8438,-7.2,val
20130124_001640.jpg,8438,-1.7,val
20130124_031638.jpg,8438,-1.1,val
20130124_044639.jpg,8438,-2.2,val
20130124_111637.jpg,8438,-6.1,val
20130124_114639.jpg,8438,-8.3,val
20130124_181640.jpg,8438,-8.9,val
20130124_201643.jpg,8438,-6.7,val
20130124_231643.jpg,8438,-2.2,val
20130125_091635.jpg,8438,-1.7,val
20130125_161630.jpg,8438,-6.7,val
20130125_174636.jpg,8438,6.7,val
20130126_001635.jpg,8438,15.0,val
20130126_031633.jpg,8438,11.7,val
20130126_151635.jpg,8438,0.0,val
20130126_161640.jpg,8438,-0.6,val
20130126_164638.jpg,8438,10.6,val
20130126_234639.jpg,8438,11.7,val
20130127_004636.jpg,8438,7.8,val
20130127_074630.jpg,8438,6.7,val
20130127_091636.jpg,8438,6.7,val
20130127_114634.jpg,8438,6.7,val
20130127_124632.jpg,8438,7.0,val
20130128_004644.jpg,8438,19.4,val
20130128_064640.jpg,8438,1.7,val
20130128_084637.jpg,8438,1.0,val
20130128_121645.jpg,8438,0.0,val
20130129_024635.jpg,8438,1.0,val
20130129_051630.jpg,8438,1.7,val
20130129_061638.jpg,8438,16.0,val
20130129_074637.jpg,8438,4.0,val
20130129_124636.jpg,8438,3.0,val
20130129_151650.jpg,8438,3.3,val
20130130_151637.jpg,8438,-3.9,val
20130130_174632.jpg,8438,-2.0,val
20130130_201640.jpg,8438,-3.3,val
20130130_221633.jpg,8438,-2.2,val
20130201_204636.jpg,8438,1.1,val
20130201_231635.jpg,8438,1.1,val
20130202_001640.jpg,8438,12.2,val
20130202_004635.jpg,8438,7.2,val
20130202_044638.jpg,8438,3.3,val
20130202_071643.jpg,8438,1.1,val
20130202_104636.jpg,8438,-0.6,val
20130202_144630.jpg,8438,-3.3,val
20130202_154632.jpg,8438,3.3,val
20130202_201636.jpg,8438,7.8,val
20130203_061641.jpg,8438,2.2,val
20130203_064635.jpg,8438,2.2,val
20130203_104632.jpg,8438,-1.1,val
20130203_124633.jpg,8438,-2.2,val
20130204_031632.jpg,8438,3.3,val
20130204_194636.jpg,8438,8.3,val
20130204_231640.jpg,8438,7.8,val
20130205_001636.jpg,8438,16.7,val
20130205_011635.jpg,8438,15.6,val
20130205_044633.jpg,8438,5.6,val
20130205_101634.jpg,8438,-1.7,val
20130205_161630.jpg,8438,-1.7,val
20130205_171641.jpg,8438,3.3,val
20130206_004640.jpg,8438,12.8,val
20130206_051637.jpg,8438,10.0,val
20130206_094641.jpg,8438,1.1,val
20130206_171640.jpg,8438,5.0,val
20130207_001635.jpg,8438,12.2,val
20130207_004643.jpg,8438,6.1,val
20130207_051638.jpg,8438,5.6,val
20130207_101632.jpg,8438,10.0,val
20130207_221639.jpg,8438,11.7,val
20130208_011634.jpg,8438,5.0,val
20130208_014630.jpg,8438,2.2,val
20130208_041641.jpg,8438,2.2,val
20130208_101632.jpg,8438,-1.1,val
20130208_124642.jpg,8438,-2.2,val
20130208_191631.jpg,8438,-1.7,val
20130208_194639.jpg,8438,2.8,val
20130209_071635.jpg,8438,1.7,val
20130209_074637.jpg,8438,1.7,val
20130209_114633.jpg,8438,1.7,val
20130209_134636.jpg,8438,3.3,val
20130209_221636.jpg,8438,10.0,val
20130210_074635.jpg,8438,8.0,val
20130210_124637.jpg,8438,3.3,val
20130210_144644.jpg,8438,3.9,val
20130210_201632.jpg,8438,6.7,val
20130211_044641.jpg,8438,-1.7,val
20130211_084633.jpg,8438,0.0,val
20130211_104633.jpg,8438,-0.6,val
20130211_144631.jpg,8438,0.0,val
20130211_191638.jpg,8438,2.8,val
20130212_031639.jpg,8438,0.6,val
20130212_071632.jpg,8438,-1.7,val
20130212_091638.jpg,8438,-1.7,val
20130212_204632.jpg,8438,6.7,val
20130212_211637.jpg,8438,6.1,val
20130213_021635.jpg,8438,10.6,val
20130213_071634.jpg,8438,-2.2,val
20130213_121635.jpg,8438,-3.3,val
20130213_151640.jpg,8438,-4.4,val
20130213_164629.jpg,8438,4.4,val
20130214_044639.jpg,8438,-0.6,val
20130214_131635.jpg,8438,1.7,val
20130214_154631.jpg,8438,5.0,val
20130214_171629.jpg,8438,2.2,val
20130214_221645.jpg,8438,8.9,val
20130215_031634.jpg,8438,3.3,val
20130215_104640.jpg,8438,-5.6,val
20130215_151639.jpg,8438,-7.2,val
20130215_164633.jpg,8438,0.6,val
20130215_191640.jpg,8438,0.6,val
20130216_001635.jpg,8438,11.1,val
20130216_181631.jpg,8438,-2.2,val
20130216_211630.jpg,8438,5.6,val
20130216_214638.jpg,8438,11.1,val
20130217_001644.jpg,8438,20.6,val
20130217_011651.jpg,8438,18.9,val
20130217_074641.jpg,8438,-1.7,val
20130217_181636.jpg,8438,5.6,val
20130217_221631.jpg,8438,20.6,val
20130217_234631.jpg,8438,16.1,val
20130218_041636.jpg,8438,1.7,val
20130218_081641.jpg,8438,11.1,val
20130218_134642.jpg,8438,5.6,val
20130218_144643.jpg,8438,5.6,val
20130218_211631.jpg,8438,9.4,val
20130219_044635.jpg,8438,-2.2,val
20130219_094636.jpg,8438,-5.6,val
20130219_114640.jpg,8438,-6.1,val
20130219_164631.jpg,8438,1.1,val
20130219_221631.jpg,8438,4.4,val
20130220_021633.jpg,8438,-2.8,val
20130220_094639.jpg,8438,-5.0,val
20130220_104634.jpg,8438,-5.0,val
20130220_134643.jpg,8438,-4.4,val
20130221_024633.jpg,8438,-8.3,val
20130221_054641.jpg,8438,-10.0,val
20130221_061641.jpg,8438,-5.0,val
20130221_081630.jpg,8438,-5.0,val
20130221_084633.jpg,8438,-4.0,val
20130221_104642.jpg,8438,-5.0,val
20130226_201650.jpg,8438,0.0,val
20130227_011736.jpg,8438,3.3,val
20130227_014635.jpg,8438,0.6,val
20130227_054643.jpg,8438,-1.1,val
20130227_061633.jpg,8438,-1.0,val
20130227_101633.jpg,8438,-1.0,val
20130227_114635.jpg,8438,-1.7,val
20130227_141642.jpg,8438,-1.7,val
20130227_171634.jpg,8438,-2.0,val
20130228_061636.jpg,8438,-2.0,val
20130228_064642.jpg,8438,-2.0,val
20130228_101642.jpg,8438,-1.7,val
20130301_044632.jpg,8438,-5.6,val
20130301_094640.jpg,8438,-0.6,val
20130301_114635.jpg,8438,-1.1,val
20130301_124633.jpg,8438,-1.1,val
20130302_004629.jpg,8438,1.7,val
20130302_014644.jpg,8438,-1.1,val
20130304_184640.jpg,8438,6.7,val
20130304_204640.jpg,8438,7.2,val
20130304_214640.jpg,8438,6.7,val
20130305_001634.jpg,8438,6.1,val
20130305_044633.jpg,8438,-3.3,val
20130305_104635.jpg,8438,-1.7,val
20130305_114641.jpg,8438,-3.3,val
20130305_131641.jpg,8438,-1.7,val
20130305_154633.jpg,8438,1.1,val
20130309_014638.jpg,8438,9.0,val
20130309_024633.jpg,8438,7.0,val
20130309_031638.jpg,8438,14.4,val
20130309_041637.jpg,8438,13.3,val
20130309_051639.jpg,8438,12.8,val
20130309_074634.jpg,8438,11.7,val
20130309_084640.jpg,8438,12.2,val
20130309_191634.jpg,8438,13.3,val
20130310_021641.jpg,8438,-1.7,val
20130310_054635.jpg,8438,-1.7,val
20130310_061641.jpg,8438,3.9,val
20130310_064645.jpg,8438,3.9,val
20130310_074641.jpg,8438,2.8,val
20130310_134641.jpg,8438,1.1,val
20130311_034630.jpg,8438,4.4,val
20130311_071632.jpg,8438,-2.2,val
20130311_081640.jpg,8438,-2.2,val
20130311_134633.jpg,8438,-7.2,val
20130311_204633.jpg,8438,3.9,val
20130312_004630.jpg,8438,7.8,val
20130312_091637.jpg,8438,3.9,val
20130312_184634.jpg,8438,7.8,val
20130312_211636.jpg,8438,7.8,val
20130313_014640.jpg,8438,10.0,val
20130313_021634.jpg,8438,13.3,val
20130313_064633.jpg,8438,-0.6,val
20130313_121629.jpg,8438,-3.9,val
20130313_171656.jpg,8438,-1.7,val
20130313_174640.jpg,8438,6.7,val
20130314_011634.jpg,8438,23.3,val
20130314_074635.jpg,8438,6.7,val
20130314_114632.jpg,8438,6.1,val
20130314_121638.jpg,8438,6.1,val
20130315_041641.jpg,8438,18.3,val
20130315_044644.jpg,8438,13.3,val
20130315_074635.jpg,8438,8.3,val
20130315_134631.jpg,8438,6.1,val
20130315_171642.jpg,8438,9.4,val
20130315_231632.jpg,8438,30.0,val
20130316_024634.jpg,8438,2.8,val
20130316_121637.jpg,8438,10.0,val
20130317_034632.jpg,8438,2.8,val
20130317_041637.jpg,8438,3.9,val
20130317_044641.jpg,8438,2.8,val
20130317_141636.jpg,8438,0.0,val
20130317_144632.jpg,8438,0.6,val
20130317_151639.jpg,8438,0.0,val
20130318_004639.jpg,8438,11.1,val
20130318_051643.jpg,8438,7.8,val
20130318_071639.jpg,8438,2.8,val
20130318_104642.jpg,8438,3.3,val
20130319_031634.jpg,8438,8.3,val
20130319_121635.jpg,8438,-1.1,val
20130319_144642.jpg,8438,0.0,val
20130319_154637.jpg,8438,2.2,val
20130319_201644.jpg,8438,6.7,val
20130320_121633.jpg,8438,2.8,val
20130320_131634.jpg,8438,1.1,val
20130320_154647.jpg,8438,-0.6,val
20130320_214630.jpg,8438,7.2,val
20130321_081639.jpg,8438,2.0,val
20130321_204643.jpg,8438,10.0,val
20130322_021633.jpg,8438,6.7,val
20130322_041633.jpg,8438,3.9,val
20130322_051635.jpg,8438,2.8,val
20130322_081635.jpg,8438,0.0,val
20130322_084631.jpg,8438,-1.0,val
20130322_124646.jpg,8438,-1.1,val
20130322_154641.jpg,8438,1.0,val
20130322_221644.jpg,8438,5.6,val
20130323_111634.jpg,8438,0.6,val
20130323_141636.jpg,8438,1.1,val
20130323_201631.jpg,8438,1.7,val
20130323_221635.jpg,8438,0.6,val
20130324_001641.jpg,8438,2.2,val
20130324_094633.jpg,8438,-3.0,val
20130324_221649.jpg,8438,0.0,val
20130325_041633.jpg,8438,-0.6,val
20130325_064632.jpg,8438,-2.8,val
20130325_081644.jpg,8438,-2.8,val
20130325_191632.jpg,8438,0.0,val
20130326_044645.jpg,8438,1.7,val
20130326_094637.jpg,8438,-6.7,val
20130326_151640.jpg,8438,-7.8,val
20130326_164643.jpg,8438,0.0,val
20130326_171656.jpg,8438,-5.6,val
20130327_024643.jpg,8438,11.1,val
20130327_101640.jpg,8438,1.1,val
20130327_131634.jpg,8438,2.8,val
20130327_201633.jpg,8438,11.1,val
20130328_071635.jpg,8438,4.4,val
20130328_191630.jpg,8438,9.4,val
20130328_204646.jpg,8438,17.8,val
20130328_231647.jpg,8438,17.8,val
20130328_234643.jpg,8438,19.4,val
20130329_074645.jpg,8438,10.0,val
20130329_154633.jpg,8438,12.2,val
20130329_221651.jpg,8438,21.7,val
20130330_044643.jpg,8438,12.8,val
20130330_104646.jpg,8438,11.1,val
20130330_191642.jpg,8438,16.7,val
20130330_211641.jpg,8438,18.9,val
20130331_054644.jpg,8438,10.0,val
20130331_111643.jpg,8438,9.4,val
20130331_214640.jpg,8438,18.9,val
20130331_224642.jpg,8438,18.9,val
20130401_051631.jpg,8438,6.1,val
20130401_064641.jpg,8438,11.0,val
20130401_164641.jpg,8438,3.3,val
20130401_171632.jpg,8438,1.1,val
20130401_224635.jpg,8438,7.0,val
20130402_001641.jpg,8438,10.0,val
20130402_061646.jpg,8438,2.8,val
20130402_164635.jpg,8438,5.0,val
20130402_211632.jpg,8438,7.8,val
20130403_171643.jpg,8438,5.0,val
20130404_004634.jpg,8438,17.2,val
20130404_104646.jpg,8438,4.4,val
20130404_131646.jpg,8438,4.4,val
20130404_181633.jpg,8438,7.8,val
20130404_191638.jpg,8438,9.4,val
20130405_051637.jpg,8438,15.6,val
20130405_061635.jpg,8438,5.6,val
20130405_091635.jpg,8438,5.6,val
20130405_114638.jpg,8438,3.3,val
20130405_204633.jpg,8438,20.0,val
20130406_041635.jpg,8438,18.3,val
20130406_081632.jpg,8438,14.4,val
20130406_164635.jpg,8438,20.0,val
20130406_194631.jpg,8438,23.3,val
20130407_024629.jpg,8438,17.8,val
20130407_104642.jpg,8438,8.3,val
20130407_121632.jpg,8438,7.2,val
20130407_161642.jpg,8438,11.7,val
20130407_181636.jpg,8438,21.1,val
20130408_044635.jpg,8438,18.9,val
20130408_064638.jpg,8438,14.0,val
20130408_071635.jpg,8438,15.0,val
20130408_094635.jpg,8438,15.0,val
20130408_184639.jpg,8438,21.7,val
20130409_121637.jpg,8438,20.0,val
20130409_141631.jpg,8438,19.4,val
20130409_174631.jpg,8438,13.0,val
20130410_054632.jpg,8438,0.0,val
20130410_121637.jpg,8438,-1.1,val
20130410_131635.jpg,8438,-0.6,val
20130410_171630.jpg,8438,-1.1,val
20130411_011639.jpg,8438,8.9,val
20130411_071632.jpg,8438,-1.0,val
20130411_144646.jpg,8438,2.0,val
20130411_154633.jpg,8438,4.0,val
20130411_204637.jpg,8438,7.2,val
20130412_034635.jpg,8438,9.4,val
20130412_061642.jpg,8438,-0.6,val
20130412_094635.jpg,8438,-0.6,val
20130412_121634.jpg,8438,-0.6,val
20130412_141635.jpg,8438,-0.6,val
20130413_084636.jpg,8438,3.3,val
20130413_094634.jpg,8438,1.7,val
20130413_204629.jpg,8438,18.9,val
20130413_224636.jpg,8438,20.0,val
20130414_044647.jpg,8438,9.4,val
20130414_121633.jpg,8438,16.1,val
20130415_001632.jpg,8438,12.8,val
20130415_014656.jpg,8438,10.6,val
20130415_021630.jpg,8438,12.2,val
20130415_114633.jpg,8438,8.3,val
20130415_171641.jpg,8438,8.3,val
20130416_011634.jpg,8438,8.3,val
20130416_054638.jpg,8438,6.7,val
20130416_064639.jpg,8438,6.1,val
20130416_204637.jpg,8438,7.8,val
20130417_044634.jpg,8438,4.4,val
20130417_111639.jpg,8438,6.1,val
20130417_114635.jpg,8438,6.0,val
20130417_164651.jpg,8438,6.7,val
20130417_191639.jpg,8438,6.7,val
20130418_021642.jpg,8438,3.9,val
20130418_131637.jpg,8438,1.7,val
20130418_184638.jpg,8438,3.0,val
20130418_204631.jpg,8438,3.0,val
20130418_234638.jpg,8438,3.9,val
20130419_004641.jpg,8438,13.3,val
20130419_061637.jpg,8438,1.1,val
20130419_154646.jpg,8438,5.0,val
20130419_164633.jpg,8438,7.8,val
20130419_194636.jpg,8438,13.9,val
20130419_224639.jpg,8438,14.4,val
20130420_061637.jpg,8438,5.0,val
20130420_091638.jpg,8438,5.0,val
20130420_144635.jpg,8438,4.4,val
20130420_211631.jpg,8438,12.8,val
20130420_231634.jpg,8438,16.7,val
20130421_121643.jpg,8438,9.4,val
20130421_144635.jpg,8438,13.9,val
20130421_161631.jpg,8438,11.7,val
20130421_171635.jpg,8438,13.9,val
20130422_051638.jpg,8438,2.8,val
20130422_071650.jpg,8438,11.1,val
20130422_091646.jpg,8438,11.1,val
20130422_131637.jpg,8438,10.6,val
20130422_174634.jpg,8438,12.0,val
20130423_031640.jpg,8438,2.8,val
20130423_074643.jpg,8438,1.0,val
20130423_131633.jpg,8438,0.0,val
20130423_161639.jpg,8438,-0.6,val
20130423_191637.jpg,8438,-0.6,val
20130424_014643.jpg,8438,11.7,val
20130424_124640.jpg,8438,-3.9,val
20130424_134649.jpg,8438,-2.2,val
20130424_154643.jpg,8438,3.3,val
20130424_164637.jpg,8438,6.1,val
20130425_021638.jpg,8438,18.3,val
20130425_064634.jpg,8438,4.4,val
20130425_104639.jpg,8438,2.8,val
20130425_154630.jpg,8438,11.1,val
20130426_021642.jpg,8438,11.1,val
20130426_054634.jpg,8438,10.6,val
20130426_081632.jpg,8438,11.0,val
20130426_094643.jpg,8438,10.6,val
20130426_171636.jpg,8438,11.7,val
20130426_194635.jpg,8438,14.0,val
20130426_201635.jpg,8438,16.7,val
20130427_061641.jpg,8438,11.0,val
20130427_171639.jpg,8438,10.6,val
20130427_224640.jpg,8438,18.9,val
20130428_001645.jpg,8438,26.7,val
20130428_031718.jpg,8438,23.9,val
20130428_061738.jpg,8438,10.0,val
20130428_184633.jpg,8438,22.8,val
20130428_194635.jpg,8438,23.9,val
20130428_234633.jpg,8438,24.4,val
20130429_031644.jpg,8438,27.2,val
20130429_114632.jpg,8438,11.7,val
20130429_171633.jpg,8438,17.8,val
20130429_234630.jpg,8438,27.8,val
20130430_001641.jpg,8438,30.0,val
20130430_041632.jpg,8438,25.0,val
20130430_141634.jpg,8438,18.3,val
20130430_161633.jpg,8438,19.4,val
20130430_214631.jpg,8438,30.0,val
20130430_231637.jpg,8438,29.4,val
20130501_041639.jpg,8438,3.9,val
20130501_084638.jpg,8438,16.1,val
20130501_161633.jpg,8438,12.8,val
20130501_201639.jpg,8438,8.9,val
20130501_204635.jpg,8438,7.0,val
20130501_214634.jpg,8438,6.1,val
20130502_074633.jpg,8438,3.0,val
20130502_084637.jpg,8438,1.0,val
20130502_094645.jpg,8438,1.0,val
20130502_124640.jpg,8438,3.0,val
20130502_171643.jpg,8438,3.3,val
20130503_084636.jpg,8438,1.1,val
20130503_114637.jpg,8438,0.0,val
20130503_121632.jpg,8438,0.6,val
20130503_184643.jpg,8438,12.8,val
20130503_211636.jpg,8438,12.8,val
20130504_091635.jpg,8438,6.1,val
20130504_154636.jpg,8438,8.0,val
20130505_001633.jpg,8438,17.2,val
20130505_014634.jpg,8438,16.1,val
20130505_044642.jpg,8438,10.0,val
20130505_094635.jpg,8438,6.7,val
20130505_164638.jpg,8438,16.0,val
20130505_184641.jpg,8438,14.0,val
20130505_194643.jpg,8438,15.0,val
20130506_051639.jpg,8438,17.2,val
20130506_094639.jpg,8438,7.0,val
20130506_104635.jpg,8438,6.0,val
20130506_131647.jpg,8438,5.6,val
20130506_171635.jpg,8438,10.6,val
20130506_194633.jpg,8438,18.9,val
20130507_154634.jpg,8438,15.6,val
20130507_201654.jpg,8438,21.1,val
20130507_231639.jpg,8438,22.2,val
20130508_024639.jpg,8438,22.8,val
20130508_051636.jpg,8438,22.8,val
20130508_081636.jpg,8438,17.0,val
20130508_084638.jpg,8438,15.0,val
20130508_121636.jpg,8438,15.6,val
20130508_151646.jpg,8438,15.6,val
20130509_051639.jpg,8438,16.7,val
20130509_061639.jpg,8438,14.0,val
20130509_141642.jpg,8438,13.3,val
20130509_154645.jpg,8438,15.6,val
20130509_171701.jpg,8438,15.0,val
20130509_221631.jpg,8438,20.0,val
20130510_081640.jpg,8438,13.0,val
20130510_091641.jpg,8438,13.3,val
20130510_101639.jpg,8438,13.9,val
20130510_191637.jpg,8438,15.6,val
20130510_221633.jpg,8438,20.0,val
20130511_094638.jpg,8438,10.0,val
20130511_181640.jpg,8438,16.7,val
20130511_204635.jpg,8438,20.0,val
20130512_024629.jpg,8438,18.9,val
20130512_034635.jpg,8438,15.0,val
20130512_071644.jpg,8438,7.8,val
20130512_074642.jpg,8438,5.0,val
20130512_094633.jpg,8438,6.1,val
20130512_101637.jpg,8438,5.0,val
20130513_031634.jpg,8438,27.0,val
20130513_101629.jpg,8438,10.0,val
20130513_131635.jpg,8438,9.4,val
20130513_211634.jpg,8438,23.9,val
20130514_004633.jpg,8438,29.4,val
20130514_054631.jpg,8438,22.8,val
20130514_121634.jpg,8438,15.0,val
20130514_231639.jpg,8438,33.9,val
20130515_001637.jpg,8438,29.4,val
20130515_004637.jpg,8438,23.9,val
20130515_021636.jpg,8438,26.1,val
20130515_081635.jpg,8438,22.2,val
20130515_134638.jpg,8438,19.4,val
20130516_034636.jpg,8438,19.4,val
20130516_044633.jpg,8438,19.4,val
20130516_051629.jpg,8438,20.0,val
20130516_114635.jpg,8438,17.0,val
20130516_151635.jpg,8438,17.2,val
20130516_194633.jpg,8438,24.0,val
20130516_211631.jpg,8438,24.4,val
20130517_031631.jpg,8438,27.8,val
20130517_084630.jpg,8438,17.8,val
20130517_101638.jpg,8438,17.2,val
20130517_121634.jpg,8438,16.1,val
20130518_011646.jpg,8438,28.9,val
20130518_054636.jpg,8438,19.4,val
20130518_074634.jpg,8438,19.4,val
20130518_084630.jpg,8438,18.9,val
20130518_134641.jpg,8438,21.1,val
20130518_221637.jpg,8438,28.0,val
20130519_004635.jpg,8438,19.0,val
20130519_144644.jpg,8438,22.2,val
20130519_171629.jpg,8438,22.2,val
20130519_234635.jpg,8438,21.0,val
20130520_014630.jpg,8438,23.9,val
20130520_024631.jpg,8438,21.0,val
20130520_074635.jpg,8438,14.4,val
20130520_104640.jpg,8438,14.4,val
20130520_154645.jpg,8438,18.9,val
20130520_184633.jpg,8438,18.9,val
20130520_204634.jpg,8438,19.4,val
20130521_061641.jpg,8438,15.0,val
20130521_091631.jpg,8438,15.0,val
20130521_124634.jpg,8438,12.2,val
20130521_161638.jpg,8438,14.4,val
20130521_194656.jpg,8438,21.7,val
20130522_071632.jpg,8438,13.9,val
20130522_191635.jpg,8438,17.2,val
20130522_201631.jpg,8438,18.3,val
20130523_014630.jpg,8438,21.1,val
20130523_044629.jpg,8438,18.3,val
20130523_084642.jpg,8438,11.7,val
20130523_121637.jpg,8438,11.7,val
20130523_194641.jpg,8438,18.3,val
20130523_234634.jpg,8438,22.2,val
20130524_044637.jpg,8438,22.0,val
20130524_124631.jpg,8438,13.9,val
20130524_144635.jpg,8438,22.0,val
20130524_184640.jpg,8438,21.7,val
20130524_201647.jpg,8438,21.7,val
20130524_214630.jpg,8438,24.4,val
20130525_061629.jpg,8438,21.0,val
20130525_064636.jpg,8438,21.1,val
20130525_074639.jpg,8438,21.1,val
20130525_101640.jpg,8438,21.1,val
20130526_034641.jpg,8438,24.4,val
20130526_061639.jpg,8438,21.7,val
20130526_084633.jpg,8438,21.0,val
20130526_164640.jpg,8438,22.8,val
20130526_211637.jpg,8438,27.2,val
20130527_001659.jpg,8438,30.0,val
20130527_064634.jpg,8438,23.0,val
20130527_121634.jpg,8438,23.3,val
20130527_201636.jpg,8438,22.2,val
20130528_031633.jpg,8438,27.8,val
20130528_044649.jpg,8438,23.9,val
20130528_204634.jpg,8438,31.1,val
20130528_234644.jpg,8438,24.0,val
20130529_004630.jpg,8438,21.0,val
20130529_044633.jpg,8438,19.4,val
20130529_054633.jpg,8438,21.0,val
20130529_061634.jpg,8438,23.3,val
20130529_081631.jpg,8438,23.3,val
20130529_141630.jpg,8438,22.2,val
20130530_041634.jpg,8438,19.4,val
20130530_051642.jpg,8438,19.4,val
20130530_081640.jpg,8438,16.0,val
20130530_084638.jpg,8438,16.0,val
20130530_114640.jpg,8438,15.6,val
20130530_154636.jpg,8438,16.7,val
20130530_234641.jpg,8438,23.3,val
20130604_154649.jpg,8438,19.4,val
20130604_184644.jpg,8438,26.7,val
20130604_191631.jpg,8438,21.1,val
20130605_004639.jpg,8438,21.7,val
20130605_044638.jpg,8438,15.6,val
20130605_061629.jpg,8438,21.0,val
20130605_091640.jpg,8438,21.1,val
20130605_164633.jpg,8438,18.9,val
20130606_034633.jpg,8438,18.9,val
20130606_044640.jpg,8438,17.2,val
20130606_074635.jpg,8438,13.9,val
20130606_154631.jpg,8438,18.9,val
20130606_164636.jpg,8438,21.1,val
20130606_211647.jpg,8438,22.2,val
20130606_234642.jpg,8438,24.4,val
20130607_081640.jpg,8438,16.1,val
20130607_121637.jpg,8438,13.9,val
20130607_144641.jpg,8438,18.3,val
20130608_004630.jpg,8438,19.0,val
20130608_024633.jpg,8438,19.0,val
20130608_064644.jpg,8438,17.2,val
20130608_131640.jpg,8438,16.7,val
20130608_134646.jpg,8438,19.4,val
20130608_171636.jpg,8438,21.7,val
20130609_011638.jpg,8438,30.0,val
20130609_064636.jpg,8438,17.2,val
20130609_091636.jpg,8438,17.2,val
20130609_104632.jpg,8438,15.0,val
20130609_124632.jpg,8438,15.0,val
20130609_204638.jpg,8438,28.9,val
20130610_124642.jpg,8438,15.6,val
20130610_131635.jpg,8438,15.0,val
20130610_171638.jpg,8438,21.7,val
20130611_031638.jpg,8438,33.9,val
20130611_034636.jpg,8438,28.3,val
20130611_071636.jpg,8438,26.1,val
20130611_104635.jpg,8438,24.4,val
20130611_111650.jpg,8438,23.9,val
20130611_204642.jpg,8438,36.1,val
20130611_214634.jpg,8438,36.7,val
20130612_101640.jpg,8438,26.1,val
20130612_121636.jpg,8438,25.6,val
20130612_161632.jpg,8438,26.1,val
20130612_184636.jpg,8438,32.8,val
20130612_231632.jpg,8438,35.0,val
20130613_071634.jpg,8438,22.2,val
20130613_124643.jpg,8438,17.2,val
20130613_144643.jpg,8438,20.0,val
20130613_181629.jpg,8438,21.7,val
20130614_021634.jpg,8438,37.2,val
20130614_071636.jpg,8438,23.3,val
20130614_101650.jpg,8438,23.9,val
20130614_114635.jpg,8438,22.8,val
20130614_184636.jpg,8438,36.1,val
20130614_201657.jpg,8438,33.3,val
20130615_084636.jpg,8438,22.2,val
20130615_101653.jpg,8438,25.0,val
20130615_114631.jpg,8438,22.8,val
20130616_001642.jpg,8438,31.1,val
20130616_004635.jpg,8438,31.1,val
20130616_141635.jpg,8438,21.7,val
20130616_171633.jpg,8438,23.9,val
20130616_201636.jpg,8438,27.2,val
20130617_034635.jpg,8438,23.9,val
20130617_054642.jpg,8438,22.2,val
20130617_144643.jpg,8438,23.3,val
20130617_154635.jpg,8438,23.9,val
20130617_174646.jpg,8438,26.7,val
20130617_181636.jpg,8438,23.9,val
20130617_191644.jpg,8438,25.0,val
20130618_101632.jpg,8438,21.1,val
20130618_104636.jpg,8438,19.4,val
20130619_031725.jpg,8438,28.3,val
20130619_041743.jpg,8438,28.3,val
20130619_051740.jpg,8438,27.2,val
20130619_071744.jpg,8438,21.1,val
20130619_101632.jpg,8438,20.6,val
20130619_111630.jpg,8438,20.0,val
20130619_131637.jpg,8438,18.3,val
20130620_041637.jpg,8438,33.3,val
20130620_124633.jpg,8438,22.8,val
20130620_171632.jpg,8438,25.6,val
20130620_221629.jpg,8438,33.3,val
20130620_231632.jpg,8438,34.4,val
20130621_014640.jpg,8438,32.8,val
20130621_104646.jpg,8438,26.1,val
20130621_114634.jpg,8438,25.6,val
20130621_161631.jpg,8438,26.1,val
20130621_224643.jpg,8438,35.0,val
20130622_054640.jpg,8438,28.3,val
20130622_074639.jpg,8438,27.8,val
20130622_084633.jpg,8438,26.7,val
20130622_121634.jpg,8438,26.1,val
20130622_231634.jpg,8438,36.1,val
20130623_001642.jpg,8438,33.3,val
20130623_111629.jpg,8438,26.7,val
20130623_141635.jpg,8438,25.6,val
20130623_174632.jpg,8438,27.8,val
20130623_234630.jpg,8438,35.0,val
20130624_001642.jpg,8438,32.8,val
20130624_104636.jpg,8438,26.1,val
20130624_131637.jpg,8438,26.1,val
20130624_151629.jpg,8438,25.6,val
20130625_021632.jpg,8438,38.9,val
20130625_044635.jpg,8438,29.4,val
20130625_101639.jpg,8438,25.0,val
20130625_114638.jpg,8438,25.0,val
20130625_151639.jpg,8438,24.4,val
20130625_231635.jpg,8438,36.7,val
20130626_014634.jpg,8438,36.7,val
20130626_064633.jpg,8438,25.0,val
20130626_074638.jpg,8438,24.4,val
20130626_111639.jpg,8438,23.9,val
20130626_221635.jpg,8438,37.2,val
20130627_034634.jpg,8438,25.6,val
20130627_074630.jpg,8438,26.7,val
20130627_091711.jpg,8438,26.1,val
20130627_144648.jpg,8438,30.0,val
20130627_204630.jpg,8438,27.0,val
20130628_044644.jpg,8438,23.9,val
20130628_074640.jpg,8438,23.3,val
20130628_111640.jpg,8438,21.1,val
20130628_134639.jpg,8438,22.8,val
20130628_151636.jpg,8438,20.6,val
20130628_221630.jpg,8438,34.4,val
20130629_101633.jpg,8438,21.1,val
20130629_141640.jpg,8438,18.3,val
20130629_181636.jpg,8438,27.8,val
20130630_034641.jpg,8438,22.2,val
20130630_051630.jpg,8438,23.3,val
20130630_104630.jpg,8438,17.2,val
20130630_121639.jpg,8438,17.2,val
20130630_191632.jpg,8438,25.0,val
20130630_204636.jpg,8438,27.2,val
20130701_034634.jpg,8438,24.4,val
20130701_111639.jpg,8438,15.6,val
20130701_224645.jpg,8438,28.9,val
20130702_014634.jpg,8438,27.2,val
20130702_024634.jpg,8438,25.6,val
20130702_054635.jpg,8438,20.0,val
20130702_141634.jpg,8438,13.9,val
20130702_231637.jpg,8438,30.0,val
20130703_001713.jpg,8438,31.7,val
20130703_004725.jpg,8438,29.4,val
20130703_011639.jpg,8438,31.1,val
20130703_061634.jpg,8438,19.4,val
20130703_081636.jpg,8438,19.4,val
20130703_084644.jpg,8438,17.2,val
20130704_031636.jpg,8438,32.2,val
20130704_054635.jpg,8438,25.0,val
20130704_111639.jpg,8438,20.0,val
20130704_134646.jpg,8438,20.0,val
20130704_141636.jpg,8438,18.9,val
20130705_021631.jpg,8438,33.9,val
20130705_024634.jpg,8438,29.4,val
20130705_074636.jpg,8438,24.4,val
20130705_091641.jpg,8438,24.4,val
20130705_111639.jpg,8438,23.9,val
20130705_144628.jpg,8438,23.3,val
20130706_024645.jpg,8438,28.3,val
20130706_081634.jpg,8438,26.1,val
20130706_124634.jpg,8438,25.0,val
20130706_184640.jpg,8438,27.8,val
20130706_194630.jpg,8438,29.4,val
20130707_031633.jpg,8438,36.7,val
20130707_074635.jpg,8438,26.7,val
20130707_094640.jpg,8438,26.1,val
20130707_214631.jpg,8438,38.3,val
20130707_231635.jpg,8438,37.8,val
20130708_021633.jpg,8438,38.3,val
20130708_094634.jpg,8438,25.0,val
20130708_184634.jpg,8438,35.6,val
20130708_234631.jpg,8438,38.3,val
20130709_041639.jpg,8438,38.3,val
20130709_054653.jpg,8438,23.9,val
20130709_101634.jpg,8438,29.4,val
20130709_114632.jpg,8438,27.2,val
20130709_141633.jpg,8438,27.2,val
20130709_231639.jpg,8438,36.7,val
20130710_031635.jpg,8438,33.3,val
20130710_111640.jpg,8438,22.2,val
20130710_174641.jpg,8438,31.1,val
20130710_231636.jpg,8438,33.9,val
20130711_021640.jpg,8438,32.2,val
20130711_111630.jpg,8438,23.9,val
20130711_131629.jpg,8438,23.3,val
20130711_134642.jpg,8438,21.1,val
20130711_211637.jpg,8438,26.1,val
20130712_014634.jpg,8438,37.2,val
20130712_071636.jpg,8438,25.6,val
20130712_074644.jpg,8438,24.4,val
20130712_094638.jpg,8438,23.3,val
20130713_044634.jpg,8438,29.4,val
20130713_051635.jpg,8438,32.2,val
20130713_071636.jpg,8438,27.2,val
20130713_081640.jpg,8438,27.2,val
20130713_164636.jpg,8438,32.8,val
20130713_171638.jpg,8438,28.3,val
20130714_034631.jpg,8438,25.6,val
20130714_121636.jpg,8438,22.8,val
20130714_124637.jpg,8438,22.2,val
20130714_131630.jpg,8438,22.8,val
20130714_164638.jpg,8438,25.0,val
20130714_201635.jpg,8438,25.0,val
20130715_061636.jpg,8438,21.1,val
20130715_194636.jpg,8438,23.0,val
20130715_221638.jpg,8438,30.0,val
20130716_001642.jpg,8438,31.1,val
20130716_014637.jpg,8438,30.6,val
20130716_064638.jpg,8438,19.4,val
20130716_124640.jpg,8438,17.8,val
20130716_214642.jpg,8438,31.1,val
20130717_051631.jpg,8438,27.8,val
20130717_081641.jpg,8438,22.8,val
20130717_141637.jpg,8438,21.1,val
20130717_181636.jpg,8438,26.7,val
20130717_224636.jpg,8438,32.8,val
20130718_034635.jpg,8438,26.1,val
20130718_121645.jpg,8438,22.2,val
20130718_141638.jpg,8438,20.6,val
20130718_221639.jpg,8438,33.3,val
20130718_231652.jpg,8438,32.8,val
20130719_011632.jpg,8438,36.7,val
20130719_074648.jpg,8438,23.3,val
20130719_141640.jpg,8438,21.7,val
20130719_161644.jpg,8438,25.0,val
20130719_211639.jpg,8438,33.9,val
20130720_004637.jpg,8438,22.8,val
20130720_134639.jpg,8438,24.4,val
20130720_171638.jpg,8438,25.6,val
20130720_184631.jpg,8438,33.9,val
20130720_204648.jpg,8438,32.2,val
20130720_214631.jpg,8438,25.0,val
20130721_081641.jpg,8438,22.2,val
20130721_091631.jpg,8438,22.2,val
20130721_144642.jpg,8438,23.3,val
20130721_154633.jpg,8438,25.0,val
20130722_021639.jpg,8438,32.2,val
20130722_111634.jpg,8438,23.9,val
20130722_181634.jpg,8438,26.1,val
20130722_221635.jpg,8438,33.3,val
20130722_234634.jpg,8438,32.2,val
20130723_031634.jpg,8438,26.7,val
20130723_064629.jpg,8438,23.9,val
20130723_094639.jpg,8438,22.8,val
20130723_114641.jpg,8438,21.1,val
20130723_121635.jpg,8438,22.8,val
20130724_041630.jpg,8438,30.0,val
20130724_121638.jpg,8438,21.1,val
20130724_144640.jpg,8438,21.7,val
20130724_174640.jpg,8438,27.8,val
20130724_204639.jpg,8438,31.7,val
20130725_041637.jpg,8438,22.2,val
20130725_091634.jpg,8438,21.1,val
20130725_124638.jpg,8438,21.7,val
20130725_181651.jpg,8438,23.3,val
20130725_191641.jpg,8438,24.4,val
20130725_201635.jpg,8438,25.0,val
20130726_064638.jpg,8438,20.6,val
20130726_141638.jpg,8438,19.4,val
20130726_161632.jpg,8438,20.6,val
20130727_021638.jpg,8438,20.0,val
20130727_041636.jpg,8438,19.4,val
20130727_081631.jpg,8438,20.0,val
20130727_101648.jpg,8438,19.4,val
20130727_151727.jpg,8438,15.6,val
20130727_181641.jpg,8438,17.2,val
20130728_034644.jpg,8438,17.8,val
20130728_064640.jpg,8438,18.3,val
20130728_074643.jpg,8438,15.0,val
20130728_121638.jpg,8438,16.1,val
20130728_124638.jpg,8438,14.0,val
20130728_164641.jpg,8438,16.1,val
20130729_071654.jpg,8438,18.0,val
20130729_124634.jpg,8438,18.3,val
20130729_181642.jpg,8438,21.7,val
20130729_221634.jpg,8438,21.7,val
20130730_034636.jpg,8438,23.3,val
20130730_114636.jpg,8438,21.0,val
20130730_121645.jpg,8438,20.6,val
20130730_154634.jpg,8438,24.0,val
20130730_171641.jpg,8438,20.6,val
20130730_234642.jpg,8438,25.6,val
20130731_134631.jpg,8438,21.0,val
20130731_161629.jpg,8438,20.6,val
20130801_011647.jpg,8438,31.7,val
20130801_031640.jpg,8438,30.0,val
20130801_051644.jpg,8438,26.7,val
20130801_101642.jpg,8438,22.8,val
20130801_151634.jpg,8438,20.6,val
20130801_161628.jpg,8438,21.7,val
20130801_181632.jpg,8438,26.7,val
20130801_211640.jpg,8438,30.6,val
20130802_071633.jpg,8438,24.0,val
20130802_124638.jpg,8438,19.4,val
20130802_144628.jpg,8438,20.6,val
20130802_164638.jpg,8438,28.3,val
20130803_031633.jpg,8438,28.3,val
20130803_074636.jpg,8438,22.8,val
20130803_081633.jpg,8438,23.3,val
20130803_094634.jpg,8438,22.2,val
20130803_131636.jpg,8438,22.2,val
20130804_041637.jpg,8438,26.7,val
20130804_114642.jpg,8438,22.2,val
20130804_181638.jpg,8438,23.3,val
20130805_021632.jpg,8438,28.9,val
20130805_031630.jpg,8438,28.3,val
20130805_044639.jpg,8438,23.3,val
20130805_071633.jpg,8438,23.0,val
20130805_234635.jpg,8438,28.9,val
20130806_011635.jpg,8438,31.7,val
20130806_014648.jpg,8438,30.0,val
20130806_044628.jpg,8438,28.3,val
20130806_061650.jpg,8438,22.8,val
20130806_134632.jpg,8438,21.7,val
20130806_164635.jpg,8438,28.3,val
20130806_204637.jpg,8438,32.2,val
20130807_021631.jpg,8438,28.3,val
20130807_121639.jpg,8438,22.8,val
20130807_171647.jpg,8438,24.4,val
20130807_184637.jpg,8438,27.2,val
20130808_051632.jpg,8438,21.7,val
20130808_071634.jpg,8438,23.3,val
20130808_081630.jpg,8438,23.3,val
20130808_121636.jpg,8438,22.2,val
20130808_134635.jpg,8438,20.6,val
20130808_141651.jpg,8438,21.1,val
20130809_131649.jpg,8438,21.1,val
20130810_021633.jpg,8438,28.9,val
20130810_041632.jpg,8438,26.1,val
20130810_051635.jpg,8438,25.0,val
20130810_054637.jpg,8438,20.6,val
20130810_141638.jpg,8438,17.2,val
20130810_144635.jpg,8438,21.1,val
20130810_194644.jpg,8438,27.8,val
20130810_201636.jpg,8438,26.1,val
20130811_004633.jpg,8438,27.8,val
20130811_134636.jpg,8438,20.6,val
20130811_164629.jpg,8438,25.0,val
20130811_201637.jpg,8438,27.8,val
20130811_231638.jpg,8438,28.9,val
20130812_054635.jpg,8438,23.9,val
20130812_061634.jpg,8438,21.0,val
20130812_121647.jpg,8438,22.2,val
20130812_141719.jpg,8438,19.4,val
20130812_184649.jpg,8438,27.2,val
20130812_194640.jpg,8438,28.9,val
20130813_161644.jpg,8438,21.7,val
20130813_164637.jpg,8438,25.6,val
20130813_181640.jpg,8438,23.9,val
20130814_011632.jpg,8438,26.7,val
20130814_031636.jpg,8438,25.6,val
20130814_154635.jpg,8438,21.7,val
20130814_214630.jpg,8438,26.7,val
20130814_224630.jpg,8438,26.7,val
20130814_231635.jpg,8438,25.6,val
20130815_001634.jpg,8438,28.9,val
20130815_141642.jpg,8438,17.2,val
20130815_144634.jpg,8438,21.1,val
20130815_161634.jpg,8438,18.9,val
20130815_164646.jpg,8438,22.8,val
20130815_211633.jpg,8438,26.7,val
20140908_085044.jpg,4232,28.0,test
20140908_105041.jpg,4232,23.3,test
20140908_122040.jpg,4232,23.3,test
20140908_202045.jpg,4232,26.7,test
20140909_065057.jpg,4232,27.2,test
20140909_125041.jpg,4232,26.7,test
20140909_135049.jpg,4232,26.7,test
20140909_195045.jpg,4232,32.0,test
20140909_215042.jpg,4232,32.2,test
20140909_222039.jpg,4232,32.0,test
20140910_072047.jpg,4232,28.3,test
20140910_095045.jpg,4232,27.8,test
20140910_165055.jpg,4232,31.0,test
20140910_215051.jpg,4232,33.9,test
20140911_022038.jpg,4232,36.7,test
20140911_072036.jpg,4232,29.4,test
20140911_205045.jpg,4232,36.1,test
20140912_002047.jpg,4232,39.4,test
20140912_032046.jpg,4232,38.3,test
20140912_052043.jpg,4232,33.9,test
20140912_092047.jpg,4232,30.0,test
20140912_095038.jpg,4232,28.3,test
20140912_102056.jpg,4232,28.3,test
20140912_185051.jpg,4232,36.1,test
20140913_012048.jpg,4232,37.2,test
20140913_085045.jpg,4232,31.7,test
20140913_092049.jpg,4232,32.8,test
20140913_191803.jpg,4232,33.3,test
20140913_212049.jpg,4232,37.2,test
20140913_222042.jpg,4232,36.1,test
20140914_175052.jpg,4232,34.4,test
20140914_191753.jpg,4232,33.3,test
20140914_222049.jpg,4232,37.0,test
20140915_002046.jpg,4232,39.4,test
20140915_025052.jpg,4232,37.2,test
20140915_102042.jpg,4232,32.0,test
20140915_172052.jpg,4232,33.9,test
20140916_002048.jpg,4232,27.8,test
20140916_035042.jpg,4232,29.4,test
20140916_065047.jpg,4232,29.4,test
20140916_112045.jpg,4232,30.0,test
20140916_132046.jpg,4232,29.4,test
20140916_175046.jpg,4232,32.8,test
20140916_202036.jpg,4232,31.0,test
20140916_205049.jpg,4232,27.2,test
20140917_092053.jpg,4232,28.9,test
20140917_115058.jpg,4232,27.2,test
20140918_042051.jpg,4232,32.8,test
20140918_055052.jpg,4232,31.1,test
20140918_062046.jpg,4232,31.7,test
20140918_115044.jpg,4232,25.0,test
20140918_215043.jpg,4232,35.6,test
20140919_012056.jpg,4232,36.1,test
20140919_015100.jpg,4232,34.4,test
20140919_065051.jpg,4232,31.1,test
20140919_162048.jpg,4232,29.4,test
20140919_172059.jpg,4232,31.1,test
20140919_185045.jpg,4232,33.3,test
20140920_032051.jpg,4232,33.9,test
20140920_055043.jpg,4232,30.6,test
20140920_112045.jpg,4232,29.4,test
20140920_215049.jpg,4232,36.0,test
20140921_012043.jpg,4232,36.1,test
20140921_022052.jpg,4232,36.1,test
20140921_032051.jpg,4232,35.6,test
20140921_195042.jpg,4232,35.6,test
20140922_002051.jpg,4232,37.8,test
20140922_012041.jpg,4232,37.2,test
20140922_015042.jpg,4232,35.6,test
20140922_032034.jpg,4232,35.6,test
20140922_122044.jpg,4232,27.2,test
20140922_162047.jpg,4232,29.0,test
20140922_195052.jpg,4232,35.6,test
20140922_225047.jpg,4232,37.8,test
20140923_045058.jpg,4232,31.1,test
20140923_152052.jpg,4232,25.0,test
20140923_185039.jpg,4232,34.4,test
20140924_002103.jpg,4232,39.4,test
20140924_032048.jpg,4232,38.3,test
20140924_035042.jpg,4232,35.0,test
20140924_112048.jpg,4232,27.2,test
20140924_175049.jpg,4232,35.0,test
20140924_235042.jpg,4232,38.9,test
20140925_005040.jpg,4232,38.3,test
20140925_012044.jpg,4232,38.3,test
20140925_072042.jpg,4232,31.7,test
20140925_075041.jpg,4232,31.7,test
20140925_132055.jpg,4232,28.9,test
20140925_162038.jpg,4232,29.4,test
20140925_195047.jpg,4232,37.8,test
20140926_112045.jpg,4232,29.4,test
20140926_135047.jpg,4232,28.9,test
20140926_145057.jpg,4232,30.0,test
20140926_172046.jpg,4232,31.1,test
20140926_182041.jpg,4232,32.8,test
20140928_002043.jpg,4232,29.4,test
20140928_022046.jpg,4232,28.9,test
20140928_032054.jpg,4232,28.3,test
20140928_045045.jpg,4232,25.6,test
20140928_065040.jpg,4232,24.4,test
20140928_072043.jpg,4232,22.8,test
20140928_095044.jpg,4232,22.8,test
20140928_112045.jpg,4232,22.8,test
20140928_115048.jpg,4232,22.8,test
20140928_152045.jpg,4232,21.7,test
20140929_115050.jpg,4232,20.6,test
20140929_232051.jpg,4232,31.1,test
20140930_022045.jpg,4232,30.0,test
20140930_025048.jpg,4232,28.0,test
20140930_062050.jpg,4232,26.1,test
20140930_082046.jpg,4232,22.8,test
20140930_135048.jpg,4232,19.4,test
20140930_202040.jpg,4232,28.3,test
20141001_062056.jpg,4232,26.7,test
20141001_065050.jpg,4232,23.9,test
20141001_125047.jpg,4232,20.6,test
20141001_155042.jpg,4232,24.4,test
20141001_175040.jpg,4232,27.8,test
20141001_222048.jpg,4232,31.1,test
20141002_015050.jpg,4232,28.9,test
20141002_152039.jpg,4232,22.2,test
20141002_215054.jpg,4232,32.8,test
20141002_222051.jpg,4232,32.0,test
20141002_235055.jpg,4232,32.8,test
20141003_042044.jpg,4232,31.0,test
20141003_125054.jpg,4232,20.0,test
20141003_155036.jpg,4232,26.7,test
20141003_215051.jpg,4232,36.1,test
20141004_032050.jpg,4232,32.2,test
20141004_065043.jpg,4232,25.6,test
20141004_092048.jpg,4232,25.0,test
20141004_122052.jpg,4232,22.2,test
20141004_195040.jpg,4232,35.0,test
20141004_235057.jpg,4232,36.1,test
20141005_022056.jpg,4232,33.3,test
20141005_102043.jpg,4232,23.9,test
20141005_152042.jpg,4232,21.1,test
20141006_012042.jpg,4232,32.8,test
20141006_052044.jpg,4232,26.7,test
20141006_062047.jpg,4232,26.7,test
20141006_195047.jpg,4232,33.3,test
20141006_205041.jpg,4232,32.8,test
20141006_235044.jpg,4232,32.8,test
20141007_045049.jpg,4232,28.3,test
20141007_065054.jpg,4232,27.8,test
20141007_145046.jpg,4232,23.9,test
20141007_185045.jpg,4232,30.0,test
20141007_191806.jpg,4232,26.7,test
20141007_202047.jpg,4232,30.0,test
20141008_032040.jpg,4232,22.8,test
20141008_125041.jpg,4232,25.6,test
20141008_212044.jpg,4232,21.1,test
20141008_215041.jpg,4232,23.9,test
20141009_052047.jpg,4232,25.0,test
20141009_065045.jpg,4232,22.8,test
20141009_072055.jpg,4232,21.7,test
20141009_092038.jpg,4232,21.7,test
20141009_122046.jpg,4232,21.7,test
20141009_132052.jpg,4232,22.2,test
20141010_042036.jpg,4232,28.3,test
20141010_095102.jpg,4232,21.7,test
20141010_115041.jpg,4232,20.6,test
20141010_175055.jpg,4232,26.7,test
20141010_191753.jpg,4232,25.6,test
20141010_225043.jpg,4232,30.6,test
20141011_072057.jpg,4232,24.4,test
20141011_075049.jpg,4232,24.4,test
20141011_102046.jpg,4232,23.9,test
20141012_005102.jpg,4232,32.2,test
20141012_012046.jpg,4232,33.3,test
20141012_082048.jpg,4232,24.4,test
20141012_092042.jpg,4232,24.4,test
20141013_015051.jpg,4232,28.9,test
20141013_035045.jpg,4232,25.6,test
20141013_042037.jpg,4232,26.1,test
20121101_080426.jpg,4795,3.0,test
20121101_093421.jpg,4795,9.0,test
20121101_110417.jpg,4795,5.0,test
20121101_150420.jpg,4795,9.0,test
20121101_183414.jpg,4795,9.0,test
20121102_060418.jpg,4795,6.0,test
20121102_090423.jpg,4795,5.0,test
20121102_130415.jpg,4795,8.0,test
20121102_160419.jpg,4795,9.0,test
20121102_220426.jpg,4795,6.0,test
20121103_023430.jpg,4795,6.0,test
20121103_033417.jpg,4795,6.0,test
20121103_060424.jpg,4795,6.0,test
20121103_070419.jpg,4795,6.0,test
20121103_133414.jpg,4795,9.0,test
20121103_230424.jpg,4795,7.0,test
20121104_003422.jpg,4795,6.0,test
20121104_010413.jpg,4795,7.0,test
20121104_120416.jpg,4795,7.0,test
20121104_130415.jpg,4795,8.0,test
20121105_030416.jpg,4795,8.0,test
20121105_113414.jpg,4795,9.0,test
20121105_153412.jpg,4795,6.0,test
20121105_160416.jpg,4795,10.0,test
20121105_180419.jpg,4795,7.0,test
20121106_013419.jpg,4795,1.0,test
20121106_040418.jpg,4795,3.0,test
20121106_103418.jpg,4795,5.0,test
20121106_160420.jpg,4795,5.0,test
20121106_200424.jpg,4795,3.0,test
20121106_230419.jpg,4795,5.0,test
20121107_020419.jpg,4795,5.0,test
20121107_040421.jpg,4795,5.0,test
20121107_063418.jpg,4795,8.0,test
20121107_193419.jpg,4795,8.0,test
20121107_230414.jpg,4795,5.0,test
20121108_103416.jpg,4795,8.0,test
20121108_123412.jpg,4795,8.0,test
20121108_133423.jpg,4795,7.0,test
20121108_190418.jpg,4795,7.0,test
20121108_233419.jpg,4795,6.0,test
20121109_053428.jpg,4795,7.0,test
20121109_090422.jpg,4795,6.0,test
20121109_103424.jpg,4795,9.0,test
20121109_200420.jpg,4795,6.0,test
20121110_023422.jpg,4795,6.0,test
20121110_103415.jpg,4795,8.0,test
20121110_133419.jpg,4795,8.0,test
20121110_203423.jpg,4795,9.0,test
20121110_220419.jpg,4795,9.0,test
20121111_093423.jpg,4795,10.0,test
20121111_120420.jpg,4795,10.0,test
20121111_140430.jpg,4795,10.0,test
20121111_153427.jpg,4795,8.0,test
20121111_173419.jpg,4795,7.0,test
20121112_020425.jpg,4795,6.0,test
20121112_023424.jpg,4795,2.0,test
20121112_123423.jpg,4795,7.0,test
20121112_133423.jpg,4795,6.0,test
20121112_160427.jpg,4795,7.0,test
20121113_003417.jpg,4795,0.0,test
20121113_010414.jpg,4795,0.0,test
20121113_030418.jpg,4795,1.0,test
20121113_033422.jpg,4795,0.0,test
20121113_043426.jpg,4795,1.0,test
20121114_000423.jpg,4795,1.0,test
20121114_003420.jpg,4795,-2.0,test
20121114_010420.jpg,4795,-1.0,test
20121114_060420.jpg,4795,-2.0,test
20121114_110423.jpg,4795,-1.0,test
20121115_143423.jpg,4795,0.0,test
20121115_150422.jpg,4795,-1.0,test
20121115_193423.jpg,4795,-1.0,test
20121115_213418.jpg,4795,-1.0,test
20121115_223434.jpg,4795,-1.0,test
20121116_023426.jpg,4795,-2.0,test
20121116_050415.jpg,4795,-1.0,test
20121116_153422.jpg,4795,1.0,test
20121116_163418.jpg,4795,1.0,test
20121116_223419.jpg,4795,0.0,test
20121117_080425.jpg,4795,-4.0,test
20121117_160427.jpg,4795,5.0,test
20121117_190427.jpg,4795,2.0,test
20121117_213423.jpg,4795,1.0,test
20121117_233419.jpg,4795,-3.0,test
20121118_030424.jpg,4795,2.0,test
20121118_063424.jpg,4795,4.0,test
20121118_070415.jpg,4795,3.0,test
20121118_123435.jpg,4795,6.0,test
20121119_010412.jpg,4795,5.0,test
20121119_173417.jpg,4795,4.0,test
20121119_193430.jpg,4795,4.0,test
20121119_200426.jpg,4795,6.0,test
20121119_210435.jpg,4795,4.0,test
20121120_023423.jpg,4795,-1.0,test
20121120_080415.jpg,4795,-1.0,test
20121120_103426.jpg,4795,3.0,test
20121120_163422.jpg,4795,3.0,test
20121120_170421.jpg,4795,3.0,test
20121121_100414.jpg,4795,1.0,test
20121121_160417.jpg,4795,9.0,test
20121121_163417.jpg,4795,3.0,test
20121121_173417.jpg,4795,2.0,test
20121121_203426.jpg,4795,4.0,test
20121121_230425.jpg,4795,3.0,test
20121122_103429.jpg,4795,10.0,test
20121122_113424.jpg,4795,10.0,test
20121122_153428.jpg,4795,3.0,test
20121122_173418.jpg,4795,1.0,test
20121123_030422.jpg,4795,3.0,test
20121123_040427.jpg,4795,1.0,test
20121123_183427.jpg,4795,6.0,test
20121123_193420.jpg,4795,7.0,test
20121123_210414.jpg,4795,6.0,test
20121124_033422.jpg,4795,7.0,test
20121124_123425.jpg,4795,7.0,test
20121124_130427.jpg,4795,7.0,test
20121124_160421.jpg,4795,7.0,test
20121124_210417.jpg,4795,7.0,test
20121125_043421.jpg,4795,9.0,test
20121125_050422.jpg,4795,8.0,test
20121125_163416.jpg,4795,8.0,test
20121125_173429.jpg,4795,6.0,test
20121125_220419.jpg,4795,8.0,test
20121126_000430.jpg,4795,5.0,test
20121126_043430.jpg,4795,4.0,test
20121126_093420.jpg,4795,8.0,test
20121126_123416.jpg,4795,10.0,test
20121126_190439.jpg,4795,9.0,test
20121127_010456.jpg,4795,8.0,test
20121127_130419.jpg,4795,7.0,test
20121127_153420.jpg,4795,7.0,test
20121127_160421.jpg,4795,8.0,test
20121127_180417.jpg,4795,8.0,test
20121128_033418.jpg,4795,5.0,test
20121128_043421.jpg,4795,5.0,test
20121128_070419.jpg,4795,5.0,test
20121128_093425.jpg,4795,5.0,test
20121128_163425.jpg,4795,4.0,test
20121129_010419.jpg,4795,4.0,test
20121129_070426.jpg,4795,3.0,test
20121129_073423.jpg,4795,2.0,test
20121129_120430.jpg,4795,2.0,test
20121129_170426.jpg,4795,0.0,test
20121129_230420.jpg,4795,4.0,test
20121130_020420.jpg,4795,1.0,test
20121130_140418.jpg,4795,1.0,test
20121130_153428.jpg,4795,0.0,test
20121130_173420.jpg,4795,-1.0,test
20121201_030417.jpg,4795,-4.0,test
20121201_063416.jpg,4795,-1.0,test
20121201_073424.jpg,4795,-0.0,test
20121201_090423.jpg,4795,-3.0,test
20121201_110424.jpg,4795,-2.0,test
20121202_030417.jpg,4795,-1.0,test
20121202_090420.jpg,4795,-2.0,test
20121202_150420.jpg,4795,0.0,test
20121202_193420.jpg,4795,-0.0,test
20121202_220423.jpg,4795,0.0,test
20121203_050413.jpg,4795,0.0,test
20121203_093417.jpg,4795,1.0,test
20121203_150416.jpg,4795,1.0,test
20121203_193424.jpg,4795,0.0,test
20121203_200421.jpg,4795,0.0,test
20121204_000419.jpg,4795,1.0,test
20121204_043426.jpg,4795,2.0,test
20121204_060425.jpg,4795,1.0,test
20121204_110418.jpg,4795,2.0,test
20121204_160416.jpg,4795,3.0,test
20121205_020427.jpg,4795,0.0,test
20121205_050426.jpg,4795,0.0,test
20121205_150415.jpg,4795,0.0,test
20121205_180422.jpg,4795,-1.0,test
20121205_200425.jpg,4795,-3.0,test
20121206_003423.jpg,4795,-2.0,test
20121206_013425.jpg,4795,-1.0,test
20121206_033422.jpg,4795,-3.0,test
20121206_053430.jpg,4795,-4.0,test
20121206_090442.jpg,4795,-4.0,test
20121207_013424.jpg,4795,-6.0,test
20121207_033420.jpg,4795,-7.0,test
20121207_103424.jpg,4795,-1.0,test
20121207_140428.jpg,4795,-2.0,test
20121207_220416.jpg,4795,-5.0,test
20121208_050430.jpg,4795,-8.0,test
20121208_130421.jpg,4795,-9.0,test
20121208_160420.jpg,4795,-5.0,test
20121208_183424.jpg,4795,-7.0,test
20121208_200433.jpg,4795,-6.0,test
20121209_063425.jpg,4795,-3.0,test
20121209_163424.jpg,4795,0.0,test
20121209_180435.jpg,4795,0.0,test
20121209_190418.jpg,4795,-1.0,test
20121209_213424.jpg,4795,1.0,test
20121210_000418.jpg,4795,2.0,test
20121210_050434.jpg,4795,1.0,test
20121210_123424.jpg,4795,0.0,test
20121210_130420.jpg,4795,0.0,test
20121210_143419.jpg,4795,-0.0,test
20121211_003430.jpg,4795,-3.0,test
20121211_010415.jpg,4795,-2.0,test
20121211_123415.jpg,4795,-4.0,test
20121211_190421.jpg,4795,-4.0,test
20121211_200415.jpg,4795,-6.0,test
20121212_080416.jpg,4795,-5.0,test
20121212_123422.jpg,4795,-3.0,test
20121212_173417.jpg,4795,-4.0,test
20121212_210431.jpg,4795,-3.0,test
20121212_223423.jpg,4795,-3.0,test
20121213_070423.jpg,4795,-6.0,test
20121213_080418.jpg,4795,-6.0,test
20121213_110444.jpg,4795,-4.0,test
20121213_130426.jpg,4795,-4.0,test
20121213_160429.jpg,4795,-2.0,test
20121214_003433.jpg,4795,-1.0,test
20121214_023419.jpg,4795,-0.0,test
20121214_043423.jpg,4795,0.0,test
20121214_103422.jpg,4795,2.0,test
20121214_123419.jpg,4795,2.0,test
20121215_013417.jpg,4795,5.0,test
20121215_033419.jpg,4795,5.0,test
20121215_140419.jpg,4795,6.0,test
20121215_170422.jpg,4795,5.0,test
20121215_223421.jpg,4795,4.0,test
20121216_030434.jpg,4795,5.0,test
20121216_110422.jpg,4795,4.0,test
20121216_113425.jpg,4795,6.0,test
20121216_153420.jpg,4795,5.0,test
20121216_173422.jpg,4795,4.0,test
20121216_233419.jpg,4795,4.0,test
20121217_123419.jpg,4795,5.0,test
20121217_140418.jpg,4795,6.0,test
20121217_160419.jpg,4795,6.0,test
20121217_220421.jpg,4795,3.0,test
20121218_093420.jpg,4795,5.0,test
20121218_110419.jpg,4795,4.0,test
20121218_120423.jpg,4795,4.0,test
20121218_160419.jpg,4795,5.0,test
20121218_163422.jpg,4795,3.0,test
20121219_090421.jpg,4795,2.0,test
20121219_110425.jpg,4795,2.0,test
20121219_140421.jpg,4795,3.0,test
20121219_183420.jpg,4795,0.0,test
20121219_210423.jpg,4795,3.0,test
20121220_043423.jpg,4795,0.0,test
20121220_063417.jpg,4795,1.0,test
20121220_103423.jpg,4795,2.0,test
20121220_163416.jpg,4795,-1.0,test
20121220_220422.jpg,4795,-1.0,test
20121221_010418.jpg,4795,-1.0,test
20121221_030422.jpg,4795,-1.0,test
20121221_033419.jpg,4795,-1.0,test
20121221_040421.jpg,4795,-1.0,test
20121221_213417.jpg,4795,-2.0,test
20121222_023419.jpg,4795,-1.0,test
20121222_030423.jpg,4795,-2.0,test
20121222_040427.jpg,4795,-2.0,test
20121222_090422.jpg,4795,-1.0,test
20121222_123420.jpg,4795,4.0,test
20121222_230435.jpg,4795,-2.0,test
20121222_233418.jpg,4795,-2.0,test
20121223_040429.jpg,4795,3.0,test
20121223_043433.jpg,4795,4.0,test
20121223_070420.jpg,4795,3.0,test
20121224_053423.jpg,4795,7.0,test
20121224_060417.jpg,4795,7.0,test
20121224_083424.jpg,4795,8.0,test
20121224_173425.jpg,4795,10.0,test
20121224_193422.jpg,4795,10.0,test
20121224_233414.jpg,4795,7.0,test
20121225_033424.jpg,4795,10.0,test
20121225_103424.jpg,4795,10.0,test
20121225_130424.jpg,4795,11.0,test
20121225_200415.jpg,4795,7.0,test
20121226_003423.jpg,4795,7.0,test
20121226_010426.jpg,4795,7.0,test
20121226_020420.jpg,4795,7.0,test
20121226_060425.jpg,4795,7.0,test
20121226_200431.jpg,4795,5.0,test
20121227_020417.jpg,4795,7.0,test
20121227_073428.jpg,4795,7.0,test
20121227_150425.jpg,4795,8.0,test
20121227_160417.jpg,4795,8.0,test
20121227_220423.jpg,4795,6.0,test
20121228_063417.jpg,4795,-0.0,test
20121228_090419.jpg,4795,1.0,test
20121228_133457.jpg,4795,2.0,test
20121228_180437.jpg,4795,3.0,test
20121228_213432.jpg,4795,5.0,test
20121228_233419.jpg,4795,4.0,test
20121229_050431.jpg,4795,5.0,test
20121229_053430.jpg,4795,5.0,test
20121229_090425.jpg,4795,5.0,test
20121229_193419.jpg,4795,6.0,test
20121230_023426.jpg,4795,7.0,test
20121230_130415.jpg,4795,8.0,test
20121230_180420.jpg,4795,6.0,test
20121230_193422.jpg,4795,6.0,test
20121230_203424.jpg,4795,6.0,test
20121231_103423.jpg,4795,8.0,test
20121231_160418.jpg,4795,7.0,test
20121231_203428.jpg,4795,6.0,test
20121231_213421.jpg,4795,6.0,test
20121231_220443.jpg,4795,6.0,test
20130101_050414.jpg,4795,5.0,test
20130101_063427.jpg,4795,6.0,test
20130101_120416.jpg,4795,6.0,test
20130101_143419.jpg,4795,6.0,test
20130101_213422.jpg,4795,2.0,test
20130102_063426.jpg,4795,3.0,test
20130102_133416.jpg,4795,4.0,test
20130102_140423.jpg,4795,5.0,test
20130102_150422.jpg,4795,5.0,test
20130102_160417.jpg,4795,5.0,test
20130103_113423.jpg,4795,8.0,test
20130103_153420.jpg,4795,8.0,test
20130103_190419.jpg,4795,8.0,test
20130103_193423.jpg,4795,8.0,test
20130103_200424.jpg,4795,8.0,test
20130103_230417.jpg,4795,3.0,test
20130104_030418.jpg,4795,8.0,test
20130104_110433.jpg,4795,9.0,test
20130104_190422.jpg,4795,9.0,test
20130104_210425.jpg,4795,9.0,test
20130105_040422.jpg,4795,8.0,test
20130105_063422.jpg,4795,7.0,test
20130105_113424.jpg,4795,7.0,test
20130105_140418.jpg,4795,8.0,test
20130105_183418.jpg,4795,6.0,test
20130106_013415.jpg,4795,6.0,test
20130106_053424.jpg,4795,5.0,test
20130106_100416.jpg,4795,5.0,test
20130106_163416.jpg,4795,7.0,test
20130106_173418.jpg,4795,7.0,test
20130107_043421.jpg,4795,5.0,test
20130107_080417.jpg,4795,6.0,test
20130107_083416.jpg,4795,6.0,test
20130107_140421.jpg,4795,6.0,test
20130107_180424.jpg,4795,6.0,test
20130108_120416.jpg,4795,5.0,test
20130108_123414.jpg,4795,5.0,test
20130108_180423.jpg,4795,5.0,test
20130108_193420.jpg,4795,5.0,test
20130108_203418.jpg,4795,5.0,test
20130109_000423.jpg,4795,5.0,test
20130109_040428.jpg,4795,5.0,test
20130109_123428.jpg,4795,5.0,test
20130109_133429.jpg,4795,4.0,test
20130109_150425.jpg,4795,6.0,test
20130110_040420.jpg,4795,3.0,test
20130110_050421.jpg,4795,3.0,test
20130110_110426.jpg,4795,3.0,test
20130110_140421.jpg,4795,3.0,test
20130110_153424.jpg,4795,3.0,test
20130111_010426.jpg,4795,-2.0,test
20130111_040417.jpg,4795,-2.0,test
20130111_130425.jpg,4795,-2.0,test
20130111_170421.jpg,4795,-2.0,test
20130111_203422.jpg,4795,-3.0,test
20130112_053421.jpg,4795,-4.0,test
20130112_060418.jpg,4795,-3.0,test
20130112_110420.jpg,4795,-4.0,test
20130112_163417.jpg,4795,-5.0,test
20130112_193417.jpg,4795,-7.0,test
20130112_233418.jpg,4795,-3.0,test
20130113_143421.jpg,4795,-4.0,test
20130113_160423.jpg,4795,-3.0,test
20130113_170419.jpg,4795,-3.0,test
20130113_213418.jpg,4795,-6.0,test
20130114_023419.jpg,4795,-7.0,test
20130114_073417.jpg,4795,-6.0,test
20130114_080426.jpg,4795,-7.0,test
20130114_160418.jpg,4795,-5.0,test
20130114_223430.jpg,4795,-6.0,test
20130115_000420.jpg,4795,-7.0,test
20130115_120428.jpg,4795,-9.0,test
20130115_150426.jpg,4795,-10.0,test
20130115_213421.jpg,4795,-7.0,test
20130116_033418.jpg,4795,-5.0,test
20130116_053417.jpg,4795,-4.0,test
20130116_073417.jpg,4795,-4.0,test
20130116_080423.jpg,4795,-5.0,test
20130116_140416.jpg,4795,-4.0,test
20130117_043426.jpg,4795,-5.0,test
20130117_050423.jpg,4795,-5.0,test
20130117_053415.jpg,4795,-5.0,test
20130117_100424.jpg,4795,-5.0,test
20130117_190417.jpg,4795,-3.0,test
20130118_023430.jpg,4795,-4.0,test
20130118_043414.jpg,4795,-4.0,test
20130118_050418.jpg,4795,-4.0,test
20130118_153418.jpg,4795,-6.0,test
20130118_200419.jpg,4795,-6.0,test
20130118_233412.jpg,4795,-4.0,test
20130119_010425.jpg,4795,-7.0,test
20130119_040416.jpg,4795,-7.0,test
20130119_050421.jpg,4795,-8.0,test
20130119_090429.jpg,4795,-8.0,test
20130120_000418.jpg,4795,-8.0,test
20130120_023419.jpg,4795,-9.0,test
20130120_070425.jpg,4795,-8.0,test
20130120_200417.jpg,4795,-6.0,test
20130120_213419.jpg,4795,-7.0,test
20130121_000417.jpg,4795,-7.0,test
20130121_093419.jpg,4795,-7.0,test
20130121_110413.jpg,4795,-7.0,test
20130121_200422.jpg,4795,-7.0,test
20130121_210423.jpg,4795,-7.0,test
20130122_033420.jpg,4795,-8.0,test
20130122_133427.jpg,4795,-8.0,test
20130122_143423.jpg,4795,-8.0,test
20130122_160418.jpg,4795,-7.0,test
20130122_170420.jpg,4795,-7.0,test
20130123_003414.jpg,4795,-8.0,test
20130123_043425.jpg,4795,-8.0,test
20130123_053417.jpg,4795,-8.0,test
20130123_113422.jpg,4795,-7.0,test
20130123_193427.jpg,4795,-8.0,test
20130124_003414.jpg,4795,-8.0,test
20130124_013424.jpg,4795,-8.0,test
20130124_040421.jpg,4795,-8.0,test
20130124_060416.jpg,4795,-8.0,test
20130124_223423.jpg,4795,-6.0,test
20130125_020415.jpg,4795,-6.0,test
20130125_030415.jpg,4795,-6.0,test
20130125_113417.jpg,4795,-8.0,test
20130125_123423.jpg,4795,-8.0,test
20130125_193421.jpg,4795,-9.0,test
20130126_020424.jpg,4795,-10.0,test
20130126_043426.jpg,4795,-8.0,test
20130126_050423.jpg,4795,-9.0,test
20130126_103424.jpg,4795,-6.0,test
20130126_213418.jpg,4795,-4.0,test
20130126_233423.jpg,4795,-10.0,test
20130127_103420.jpg,4795,1.0,test
20130127_130427.jpg,4795,0.0,test
20130127_140430.jpg,4795,0.0,test
20130127_203520.jpg,4795,2.0,test
20130127_230425.jpg,4795,-4.0,test
20130128_033426.jpg,4795,1.0,test
20130128_090421.jpg,4795,1.0,test
20130128_130416.jpg,4795,2.0,test
20130128_203423.jpg,4795,2.0,test
20130128_233427.jpg,4795,1.0,test
20130129_040419.jpg,4795,3.0,test
20130129_083424.jpg,4795,5.0,test
20130129_200423.jpg,4795,7.0,test
20130129_223421.jpg,4795,8.0,test
20130129_230418.jpg,4795,2.0,test
20130130_020419.jpg,4795,9.0,test
20130130_100434.jpg,4795,10.0,test
20130130_133425.jpg,4795,9.0,test
20130130_180425.jpg,4795,12.0,test
20130130_233415.jpg,4795,8.0,test
20130131_093414.jpg,4795,7.0,test
20130131_170423.jpg,4795,7.0,test
20130131_213426.jpg,4795,4.0,test
20130131_223417.jpg,4795,4.0,test
20130201_043420.jpg,4795,4.0,test
20130201_080431.jpg,4795,4.0,test
20130201_133417.jpg,4795,4.0,test
20130201_210419.jpg,4795,4.0,test
20130201_223421.jpg,4795,4.0,test
20130202_000418.jpg,4795,3.0,test
20130202_033421.jpg,4795,1.0,test
20130202_073431.jpg,4795,1.0,test
20130202_083427.jpg,4795,3.0,test
20130202_130421.jpg,4795,1.0,test
20130202_230415.jpg,4795,3.0,test
20130202_233424.jpg,4795,2.0,test
20130203_033423.jpg,4795,0.0,test
20130203_053429.jpg,4795,1.0,test
20130203_200425.jpg,4795,2.0,test
20130204_123425.jpg,4795,6.0,test
20130204_160416.jpg,4795,6.0,test
20130204_170414.jpg,4795,6.0,test
20130204_180423.jpg,4795,6.0,test
20130204_213423.jpg,4795,4.0,test
20130205_030424.jpg,4795,4.0,test
20130205_090419.jpg,4795,4.0,test
20130205_100422.jpg,4795,3.0,test
20130205_173425.jpg,4795,0.0,test
20130205_220423.jpg,4795,0.0,test
20130206_023425.jpg,4795,-2.0,test
20130206_100421.jpg,4795,-2.0,test
20130206_170425.jpg,4795,1.0,test
20130206_173418.jpg,4795,-0.0,test
20130206_220425.jpg,4795,-1.0,test
20130207_030417.jpg,4795,-2.0,test
20130207_150417.jpg,4795,0.0,test
20130207_180424.jpg,4795,0.0,test
20130207_183426.jpg,4795,-2.0,test
20130207_210414.jpg,4795,-1.0,test
20130208_030418.jpg,4795,-2.0,test
20130208_053425.jpg,4795,-2.0,test
20130208_100424.jpg,4795,-3.0,test
20130208_120416.jpg,4795,-2.0,test
20130208_123422.jpg,4795,-2.0,test
20130209_000425.jpg,4795,-5.0,test
20130209_003421.jpg,4795,-5.0,test
20130209_043423.jpg,4795,-6.0,test
20130209_063414.jpg,4795,-5.0,test
20130209_150423.jpg,4795,-2.0,test
20130210_000417.jpg,4795,-5.0,test
20130210_043418.jpg,4795,-5.0,test
20130210_060417.jpg,4795,-5.0,test
20130210_110428.jpg,4795,-4.0,test
20130210_203423.jpg,4795,-6.0,test
20130211_013416.jpg,4795,-9.0,test
20130211_033416.jpg,4795,-8.0,test
20130211_073424.jpg,4795,-5.0,test
20130211_120419.jpg,4795,-7.0,test
20130211_200419.jpg,4795,-2.0,test
20130212_000421.jpg,4795,-3.0,test
20130212_020432.jpg,4795,-3.0,test
20130212_133414.jpg,4795,-2.0,test
20130212_140415.jpg,4795,-3.0,test
20130212_190432.jpg,4795,-3.0,test
20130213_000419.jpg,4795,-3.0,test
20130213_050424.jpg,4795,-3.0,test
20130213_073419.jpg,4795,-3.0,test
20130213_093417.jpg,4795,-2.0,test
20130213_213427.jpg,4795,-5.0,test
20130214_060424.jpg,4795,-9.0,test
20130214_083422.jpg,4795,-5.0,test
20130214_100420.jpg,4795,-8.0,test
20130214_150421.jpg,4795,-3.0,test
20130214_200424.jpg,4795,-1.0,test
20130215_040422.jpg,4795,-4.0,test
20130215_083428.jpg,4795,-1.0,test
20130215_100418.jpg,4795,-5.0,test
20130215_123415.jpg,4795,0.0,test
20130215_170417.jpg,4795,0.0,test
20130216_110416.jpg,4795,0.0,test
20130216_140419.jpg,4795,2.0,test
20130216_143420.jpg,4795,2.0,test
20130216_170416.jpg,4795,3.0,test
20130216_180416.jpg,4795,3.0,test
20130217_003421.jpg,4795,0.0,test
20130217_110419.jpg,4795,0.0,test
20130217_150429.jpg,4795,1.0,test
20130217_163424.jpg,4795,-0.0,test
20130217_210419.jpg,4795,0.0,test
20130218_010423.jpg,4795,0.0,test
20130218_063419.jpg,4795,-1.0,test
20130218_073423.jpg,4795,-0.0,test
20130218_140425.jpg,4795,0.0,test
20130218_213425.jpg,4795,0.0,test
20130219_023423.jpg,4795,-0.0,test
20130219_043422.jpg,4795,-1.0,test
20130219_093423.jpg,4795,0.0,test
20130219_150418.jpg,4795,0.0,test
20130219_190420.jpg,4795,-1.0,test
20130220_023426.jpg,4795,-2.0,test
20130220_033423.jpg,4795,-3.0,test
20130220_063415.jpg,4795,-3.0,test
20130220_193426.jpg,4795,-4.0,test
20130220_223424.jpg,4795,-4.0,test
20130221_030427.jpg,4795,-4.0,test
20130221_033418.jpg,4795,-6.0,test
20130221_043428.jpg,4795,-5.0,test
20130221_053421.jpg,4795,-5.0,test
20130221_170417.jpg,4795,-4.0,test
20130222_013417.jpg,4795,-6.0,test
20130222_103419.jpg,4795,-5.0,test
20130222_170418.jpg,4795,-5.0,test
20130222_190418.jpg,4795,-6.0,test
20130222_210424.jpg,4795,-6.0,test
20130223_093417.jpg,4795,-6.0,test
20130223_140421.jpg,4795,-6.0,test
20130223_160427.jpg,4795,-5.0,test
20130223_193424.jpg,4795,-4.0,test
20130223_223422.jpg,4795,-4.0,test
20130223_230429.jpg,4795,-6.0,test
20130224_030425.jpg,4795,-3.0,test
20130224_040417.jpg,4795,-3.0,test
20130224_070426.jpg,4795,-3.0,test
20130224_100415.jpg,4795,-3.0,test
20130224_230419.jpg,4795,-4.0,test
20130224_233421.jpg,4795,-3.0,test
20130225_020435.jpg,4795,-1.0,test
20130225_040414.jpg,4795,-1.0,test
20130225_213426.jpg,4795,0.0,test
20130226_050419.jpg,4795,0.0,test
20130226_053420.jpg,4795,-0.0,test
20130226_150417.jpg,4795,0.0,test
20130226_180427.jpg,4795,0.0,test
20130226_213424.jpg,4795,-1.0,test
20130227_080425.jpg,4795,-2.0,test
20130227_130418.jpg,4795,-1.0,test
20130227_160420.jpg,4795,-1.0,test
20130227_193425.jpg,4795,-1.0,test
20130227_220420.jpg,4795,-1.0,test
20130227_230427.jpg,4795,-1.0,test
20130228_123429.jpg,4795,-0.0,test
20130228_140416.jpg,4795,0.0,test
20130228_183427.jpg,4795,-1.0,test
20130228_190424.jpg,4795,0.0,test
20130301_030424.jpg,4795,-1.0,test
20130301_060431.jpg,4795,-1.0,test
20130301_070422.jpg,4795,-1.0,test
20130301_210422.jpg,4795,0.0,test
20130301_213422.jpg,4795,0.0,test
20130302_040415.jpg,4795,0.0,test
20130302_073414.jpg,4795,-2.0,test
20130302_093422.jpg,4795,1.0,test
20130302_143421.jpg,4795,1.0,test
20130302_150425.jpg,4795,1.0,test
20130303_100417.jpg,4795,-1.0,test
20130303_103425.jpg,4795,1.0,test
20130303_123423.jpg,4795,1.0,test
20130303_170417.jpg,4795,1.0,test
20130303_223422.jpg,4795,1.0,test
20130304_070420.jpg,4795,-1.0,test
20130304_113417.jpg,4795,4.0,test
20130304_123421.jpg,4795,5.0,test
20130304_163416.jpg,4795,4.0,test
20130304_213427.jpg,4795,1.0,test
20130305_023418.jpg,4795,-3.0,test
20130305_100421.jpg,4795,-2.0,test
20130305_110421.jpg,4795,-1.0,test
20130305_140422.jpg,4795,2.0,test
20130305_143419.jpg,4795,5.0,test
20130306_003424.jpg,4795,-1.0,test
20130306_013420.jpg,4795,-1.0,test
20130306_120414.jpg,4795,3.0,test
20130306_190419.jpg,4795,10.0,test
20130306_223419.jpg,4795,3.0,test
20130306_230419.jpg,4795,2.0,test
20130306_233419.jpg,4795,0.0,test
20130307_003419.jpg,4795,2.0,test
20130307_063420.jpg,4795,3.0,test
20130307_203423.jpg,4795,4.0,test
20130308_000414.jpg,4795,4.0,test
20130308_010426.jpg,4795,4.0,test
20130308_063425.jpg,4795,3.0,test
20130308_133423.jpg,4795,2.0,test
20130308_173424.jpg,4795,0.0,test
20130309_013424.jpg,4795,-1.0,test
20130309_113425.jpg,4795,2.0,test
20130309_133414.jpg,4795,2.0,test
20130309_183422.jpg,4795,1.0,test
20130309_190435.jpg,4795,1.0,test
20130309_233419.jpg,4795,-1.0,test
20130310_050425.jpg,4795,0.0,test
20130310_103422.jpg,4795,3.0,test
20130310_180423.jpg,4795,0.0,test
20130310_213420.jpg,4795,-5.0,test
20130311_000505.jpg,4795,-5.0,test
20130311_040423.jpg,4795,-6.0,test
20130311_043420.jpg,4795,-6.0,test
20130311_203420.jpg,4795,-6.0,test
20130311_210421.jpg,4795,-6.0,test
20130312_003422.jpg,4795,-6.0,test
20130312_070424.jpg,4795,-6.0,test
20130312_110422.jpg,4795,-6.0,test
20130312_160420.jpg,4795,-6.0,test
20130312_193423.jpg,4795,-6.0,test
20130313_043423.jpg,4795,-7.0,test
20130313_180418.jpg,4795,-5.0,test
20130313_203420.jpg,4795,-11.0,test
20130313_210420.jpg,4795,-6.0,test
20130313_213424.jpg,4795,-11.0,test
20130314_063419.jpg,4795,-6.0,test
20130314_073414.jpg,4795,-7.0,test
20130314_170426.jpg,4795,-1.0,test
20130314_173421.jpg,4795,-4.0,test
20130314_213425.jpg,4795,-6.0,test
20130315_000422.jpg,4795,-5.0,test
20130315_040420.jpg,4795,-6.0,test
20130315_050424.jpg,4795,-6.0,test
20130315_173425.jpg,4795,-6.0,test
20130315_203422.jpg,4795,-8.0,test
20130316_043426.jpg,4795,-4.0,test
20130316_050430.jpg,4795,-6.0,test
20130316_080423.jpg,4795,-6.0,test
20130316_083418.jpg,4795,-1.0,test
20130316_133416.jpg,4795,3.0,test
20130317_050423.jpg,4795,0.0,test
20130317_060427.jpg,4795,0.0,test
20130317_080422.jpg,4795,0.0,test
20130317_140423.jpg,4795,2.0,test
20130317_213421.jpg,4795,3.0,test
20130318_003419.jpg,4795,2.0,test
20130318_130421.jpg,4795,3.0,test
20130318_190418.jpg,4795,0.0,test
20130318_210418.jpg,4795,-1.0,test
20130318_220423.jpg,4795,-1.0,test
20130319_010422.jpg,4795,-2.0,test
20130319_013416.jpg,4795,-2.0,test
20130319_050426.jpg,4795,-2.0,test
20130319_080427.jpg,4795,-2.0,test
20130319_150422.jpg,4795,2.0,test
20130320_033424.jpg,4795,-1.0,test
20130320_073415.jpg,4795,-1.0,test
20130320_130419.jpg,4795,0.0,test
20130320_150419.jpg,4795,0.0,test
20130320_170423.jpg,4795,0.0,test
20130321_023418.jpg,4795,-2.0,test
20130321_073426.jpg,4795,-1.0,test
20130321_150419.jpg,4795,0.0,test
20130321_210426.jpg,4795,-1.0,test
20130321_213418.jpg,4795,-2.0,test
20130321_233418.jpg,4795,-2.0,test
20130322_000422.jpg,4795,-2.0,test
20130322_010421.jpg,4795,-3.0,test
20130322_123424.jpg,4795,-3.0,test
20130322_190413.jpg,4795,-3.0,test
20130323_030413.jpg,4795,-4.0,test
20130323_080430.jpg,4795,-6.0,test
20130323_093415.jpg,4795,-6.0,test
20130323_100428.jpg,4795,-7.0,test
20130323_193428.jpg,4795,-8.0,test
20130324_030427.jpg,4795,-9.0,test
20130324_060424.jpg,4795,-10.0,test
20130324_110422.jpg,4795,-10.0,test
20130324_130416.jpg,4795,-7.0,test
20130324_203418.jpg,4795,-5.0,test
20130324_230418.jpg,4795,-8.0,test
20130325_080415.jpg,4795,-8.0,test
20130325_093423.jpg,4795,-3.0,test
20130325_110421.jpg,4795,-7.0,test
20130325_113422.jpg,4795,-2.0,test
20110112_004001.jpg,4801,3.0,test
20110112_094001.jpg,4801,4.0,test
20110112_104057.jpg,4801,4.0,test
20110112_114058.jpg,4801,4.0,test
20110112_184001.jpg,4801,5.0,test
20110113_084001.jpg,4801,9.0,test
20110113_104001.jpg,4801,9.0,test
20110113_124001.jpg,4801,10.0,test
20110113_134001.jpg,4801,10.0,test
20110113_164001.jpg,4801,10.0,test
20110114_091004.jpg,4801,10.0,test
20110114_091005.jpg,4801,10.0,test
20110114_094005.jpg,4801,11.0,test
20110114_134006.jpg,4801,10.0,test
20110114_161002.jpg,4801,10.0,test
20110115_094003.jpg,4801,9.0,test
20110115_124002.jpg,4801,9.0,test
20110115_131002.jpg,4801,9.0,test
20110115_141002.jpg,4801,10.0,test
20110115_161003.jpg,4801,9.0,test
20110116_081002.jpg,4801,0.0,test
20110116_104001.jpg,4801,8.0,test
20110116_111002.jpg,4801,1.0,test
20110116_121003.jpg,4801,6.0,test
20110116_154002.jpg,4801,3.0,test
20110117_091004.jpg,4801,-2.0,test
20110117_104002.jpg,4801,0.0,test
20110117_111002.jpg,4801,-1.0,test
20110117_114004.jpg,4801,1.0,test
20110117_161001.jpg,4801,1.0,test
20110118_101003.jpg,4801,2.0,test
20110118_131003.jpg,4801,4.0,test
20110118_134003.jpg,4801,5.0,test
20110118_141003.jpg,4801,4.0,test
20110118_161002.jpg,4801,5.0,test
20110119_161004.jpg,4801,2.0,test
20110120_091001.jpg,4801,-1.0,test
20110120_111003.jpg,4801,0.0,test
20110120_121002.jpg,4801,1.0,test
20110120_124002.jpg,4801,1.0,test
20110120_161002.jpg,4801,0.0,test
20110121_084003.jpg,4801,-1.0,test
20110121_104003.jpg,4801,-1.0,test
20110121_124004.jpg,4801,-1.0,test
20110121_131004.jpg,4801,-1.0,test
20110121_134004.jpg,4801,-1.0,test
20110122_101003.jpg,4801,-3.0,test
20110122_111003.jpg,4801,-3.0,test
20110122_121002.jpg,4801,-2.0,test
20110122_134001.jpg,4801,-2.0,test
20110122_144003.jpg,4801,-2.0,test
20110123_081002.jpg,4801,-7.0,test
20110123_094001.jpg,4801,-3.0,test
20110123_111002.jpg,4801,-3.0,test
20110123_151003.jpg,4801,-2.0,test
20110123_154002.jpg,4801,-2.0,test
20110124_081003.jpg,4801,-2.0,test
20110124_091001.jpg,4801,-2.0,test
20110124_111004.jpg,4801,-1.0,test
20110124_134002.jpg,4801,-1.0,test
20110124_151003.jpg,4801,-1.0,test
20110125_084002.jpg,4801,1.0,test
20110125_094001.jpg,4801,1.0,test
20110125_111003.jpg,4801,0.0,test
20110125_121002.jpg,4801,2.0,test
20110125_131003.jpg,4801,2.0,test
20110126_081001.jpg,4801,0.0,test
20110126_091003.jpg,4801,1.0,test
20110126_124003.jpg,4801,1.0,test
20110126_154003.jpg,4801,1.0,test
20110126_161002.jpg,4801,1.0,test
20110127_091003.jpg,4801,0.0,test
20110127_094003.jpg,4801,0.0,test
20110127_114004.jpg,4801,0.0,test
20110127_124004.jpg,4801,0.0,test
20110127_131004.jpg,4801,1.0,test
20110128_084003.jpg,4801,-1.0,test
20110128_094004.jpg,4801,-1.0,test
20110128_111002.jpg,4801,-1.0,test
20110128_114002.jpg,4801,0.0,test
20110128_141003.jpg,4801,0.0,test
20110129_081002.jpg,4801,-9.0,test
20110129_104003.jpg,4801,-3.0,test
20110129_111004.jpg,4801,-5.0,test
20110129_141004.jpg,4801,-2.0,test
20110129_161002.jpg,4801,-2.0,test
20110130_091002.jpg,4801,-9.0,test
20110130_094002.jpg,4801,-4.0,test
20110130_111003.jpg,4801,-6.0,test
20110130_121003.jpg,4801,-4.0,test
20110130_131002.jpg,4801,-3.0,test
20110131_084003.jpg,4801,-5.0,test
20110131_091003.jpg,4801,-5.0,test
20110131_094006.jpg,4801,-5.0,test
20110131_124003.jpg,4801,-4.0,test
20110131_131002.jpg,4801,-5.0,test
20110201_091003.jpg,4801,-6.0,test
20110201_094001.jpg,4801,-6.0,test
20110201_101001.jpg,4801,-6.0,test
20110201_121001.jpg,4801,-6.0,test
20110201_141002.jpg,4801,-5.0,test
20110202_101003.jpg,4801,-5.0,test
20110202_104002.jpg,4801,-3.0,test
20110202_124001.jpg,4801,-3.0,test
20110202_134002.jpg,4801,-2.0,test
20110202_151002.jpg,4801,-3.0,test
20110203_094002.jpg,4801,-3.0,test
20110203_104003.jpg,4801,-2.0,test
20110203_111003.jpg,4801,-4.0,test
20110203_124001.jpg,4801,-1.0,test
20110203_161002.jpg,4801,0.0,test
20110204_094002.jpg,4801,4.0,test
20110204_131002.jpg,4801,5.0,test
20110204_141002.jpg,4801,5.0,test
20110204_144002.jpg,4801,5.0,test
20110204_151002.jpg,4801,6.0,test
20110205_081004.jpg,4801,6.0,test
20110205_094004.jpg,4801,8.0,test
20110205_104003.jpg,4801,9.0,test
20110205_121003.jpg,4801,8.0,test
20110205_144003.jpg,4801,8.0,test
20110206_091002.jpg,4801,3.0,test
20110206_101002.jpg,4801,5.0,test
20110206_121003.jpg,4801,8.0,test
20110206_131003.jpg,4801,10.0,test
20110206_134004.jpg,4801,11.0,test
20110207_084003.jpg,4801,2.0,test
20110207_114001.jpg,4801,2.0,test
20110207_144003.jpg,4801,7.0,test
20110207_154003.jpg,4801,3.0,test
20110207_161003.jpg,4801,9.0,test
20110208_084001.jpg,4801,4.0,test
20110208_091002.jpg,4801,4.0,test
20110208_094001.jpg,4801,4.0,test
20110208_134002.jpg,4801,6.0,test
20110208_151002.jpg,4801,6.0,test
20110209_101002.jpg,4801,0.0,test
20110209_111003.jpg,4801,0.0,test
20110209_114002.jpg,4801,0.0,test
20110209_131002.jpg,4801,0.0,test
20110209_151002.jpg,4801,1.0,test
20110210_084001.jpg,4801,-1.0,test
20110210_091002.jpg,4801,-1.0,test
20110210_104002.jpg,4801,0.0,test
20110210_134003.jpg,4801,3.0,test
20110210_154003.jpg,4801,2.0,test
20110211_081003.jpg,4801,5.0,test
20110211_111001.jpg,4801,8.0,test
20110211_114003.jpg,4801,11.0,test
20110211_124003.jpg,4801,11.0,test
20110211_154003.jpg,4801,10.0,test
20110212_091003.jpg,4801,7.0,test
20110212_094002.jpg,4801,3.0,test
20110212_104001.jpg,4801,3.0,test
20110212_124006.jpg,4801,3.0,test
20110212_151001.jpg,4801,3.0,test
20110213_094002.jpg,4801,1.0,test
20110213_124003.jpg,4801,4.0,test
20110213_141003.jpg,4801,4.0,test
20110213_144004.jpg,4801,4.0,test
20110213_151002.jpg,4801,3.0,test
20110214_091003.jpg,4801,1.0,test
20110214_124002.jpg,4801,2.0,test
20110214_131002.jpg,4801,1.0,test
20110214_144003.jpg,4801,2.0,test
20110214_161003.jpg,4801,2.0,test
20110215_094003.jpg,4801,-1.0,test
20110215_114001.jpg,4801,0.0,test
20110215_121002.jpg,4801,0.0,test
20110215_131003.jpg,4801,0.0,test
20110215_141002.jpg,4801,0.0,test
20110216_081003.jpg,4801,0.0,test
20110216_094003.jpg,4801,0.0,test
20110216_111002.jpg,4801,0.0,test
20110216_141001.jpg,4801,1.0,test
20110216_161003.jpg,4801,1.0,test
20110217_081003.jpg,4801,0.0,test
20110217_084002.jpg,4801,1.0,test
20110217_121004.jpg,4801,2.0,test
20110217_134004.jpg,4801,2.0,test
20110217_141001.jpg,4801,2.0,test
20110218_091001.jpg,4801,2.0,test
20110218_094003.jpg,4801,3.0,test
20110218_114003.jpg,4801,4.0,test
20110218_131003.jpg,4801,4.0,test
20110218_141001.jpg,4801,4.0,test
20110219_084003.jpg,4801,2.0,test
20110219_101002.jpg,4801,2.0,test
20110219_124001.jpg,4801,4.0,test
20110219_141003.jpg,4801,3.0,test
20110219_154002.jpg,4801,3.0,test
20110220_101003.jpg,4801,-1.0,test
20110220_124003.jpg,4801,0.0,test
20110220_134003.jpg,4801,-1.0,test
20110220_151002.jpg,4801,0.0,test
20110220_154001.jpg,4801,-1.0,test
20110221_084003.jpg,4801,-3.0,test
20110221_111002.jpg,4801,-3.0,test
20110221_124002.jpg,4801,-2.0,test
20110221_134002.jpg,4801,-2.0,test
20110221_154003.jpg,4801,-2.0,test
20110222_084005.jpg,4801,-3.0,test
20110222_094003.jpg,4801,-3.0,test
20110222_101002.jpg,4801,-4.0,test
20110222_141003.jpg,4801,-1.0,test
20110222_151002.jpg,4801,-1.0,test
20110223_094007.jpg,4801,-3.0,test
20110223_111007.jpg,4801,-4.0,test
20110223_114030.jpg,4801,-1.0,test
20110223_141002.jpg,4801,-1.0,test
20110223_154006.jpg,4801,-2.0,test
20110301_211004.jpg,4801,0.0,test
20110302_081003.jpg,4801,0.0,test
20110302_084003.jpg,4801,4.0,test
20110302_094003.jpg,4801,5.0,test
20110302_114002.jpg,4801,6.0,test
20110302_124003.jpg,4801,6.0,test
20110303_104005.jpg,4801,4.0,test
20110303_121002.jpg,4801,3.0,test
20110303_144003.jpg,4801,4.0,test
20110303_151002.jpg,4801,5.0,test
20110303_154002.jpg,4801,3.0,test
20110304_104004.jpg,4801,5.0,test
20110304_114003.jpg,4801,6.0,test
20110304_121002.jpg,4801,4.0,test
20110304_134003.jpg,4801,7.0,test
20110304_144003.jpg,4801,6.0,test
20110305_094002.jpg,4801,5.0,test
20110305_114003.jpg,4801,8.0,test
20110305_134003.jpg,4801,10.0,test
20110305_144003.jpg,4801,9.0,test
20110305_161002.jpg,4801,10.0,test
20110306_084003.jpg,4801,2.0,test
20110306_094002.jpg,4801,3.0,test
20110306_104002.jpg,4801,3.0,test
20110306_124004.jpg,4801,4.0,test
20110306_134003.jpg,4801,3.0,test
20110307_104002.jpg,4801,4.0,test
20110307_111003.jpg,4801,3.0,test
20110307_121002.jpg,4801,4.0,test
20110307_134001.jpg,4801,4.0,test
20110307_141003.jpg,4801,5.0,test
20110308_084002.jpg,4801,2.0,test
20110308_091003.jpg,4801,-1.0,test
20110308_121002.jpg,4801,4.0,test
20110308_124003.jpg,4801,8.0,test
20110308_131002.jpg,4801,5.0,test
20110309_084003.jpg,4801,9.0,test
20110309_104003.jpg,4801,13.0,test
20110309_114002.jpg,4801,13.0,test
20110309_124002.jpg,4801,14.0,test
20110309_154004.jpg,4801,10.0,test
20110310_084003.jpg,4801,8.0,test
20110310_101001.jpg,4801,7.0,test
20110310_144003.jpg,4801,10.0,test
20110310_151003.jpg,4801,11.0,test
20110310_154004.jpg,4801,8.0,test
20110311_084002.jpg,4801,9.0,test
20110311_114002.jpg,4801,11.0,test
20110311_141002.jpg,4801,11.0,test
20110311_154003.jpg,4801,8.0,test
20110311_161003.jpg,4801,12.0,test
20110312_084001.jpg,4801,9.0,test
20110312_094004.jpg,4801,11.0,test
20110312_111002.jpg,4801,9.0,test
20110312_151001.jpg,4801,15.0,test
20110312_161001.jpg,4801,15.0,test
20110313_091002.jpg,4801,5.0,test
20110313_114001.jpg,4801,12.0,test
20110313_144002.jpg,4801,12.0,test
20110313_151002.jpg,4801,12.0,test
20110313_161002.jpg,4801,12.0,test
20110314_101003.jpg,4801,10.0,test
20110314_111003.jpg,4801,10.0,test
20110314_124003.jpg,4801,15.0,test
20110314_134002.jpg,4801,15.0,test
20110314_154003.jpg,4801,12.0,test
20110315_081002.jpg,4801,0.0,test
20110315_114002.jpg,4801,17.0,test
20110315_141004.jpg,4801,17.0,test
20110315_151002.jpg,4801,18.0,test
20110315_154002.jpg,4801,15.0,test
20110316_091003.jpg,4801,7.0,test
20110316_111002.jpg,4801,11.0,test
20110316_121003.jpg,4801,12.0,test
20110316_131003.jpg,4801,13.0,test
20110316_151003.jpg,4801,13.0,test
20110317_084004.jpg,4801,8.0,test
20110317_104004.jpg,4801,9.0,test
20110317_121001.jpg,4801,8.0,test
20110317_154003.jpg,4801,8.0,test
20110317_161003.jpg,4801,8.0,test
20110318_081003.jpg,4801,6.0,test
20110318_084003.jpg,4801,6.0,test
20110318_091004.jpg,4801,6.0,test
20110318_111003.jpg,4801,6.0,test
20110318_154003.jpg,4801,5.0,test
20110319_081003.jpg,4801,4.0,test
20110319_111002.jpg,4801,6.0,test
20110319_121002.jpg,4801,6.0,test
20110319_131002.jpg,4801,6.0,test
20110319_141002.jpg,4801,7.0,test
20110320_091002.jpg,4801,2.0,test
20110320_094003.jpg,4801,6.0,test
20110320_104003.jpg,4801,8.0,test
20110320_134004.jpg,4801,8.0,test
20110320_161003.jpg,4801,8.0,test
20110321_081002.jpg,4801,0.0,test
20110321_091003.jpg,4801,3.0,test
20110321_104003.jpg,4801,8.0,test
20110321_141002.jpg,4801,9.0,test
20110321_161002.jpg,4801,9.0,test
20110322_094002.jpg,4801,10.0,test
20110322_124004.jpg,4801,13.0,test
20110322_134004.jpg,4801,14.0,test
20110322_141003.jpg,4801,13.0,test
20110322_151002.jpg,4801,13.0,test
20110323_084002.jpg,4801,11.0,test
20110323_101002.jpg,4801,9.0,test
20110323_134003.jpg,4801,15.0,test
20110323_144004.jpg,4801,15.0,test
20110323_151003.jpg,4801,15.0,test
20110324_094004.jpg,4801,15.0,test
20110324_121002.jpg,4801,15.0,test
20110324_124002.jpg,4801,17.0,test
20110324_131003.jpg,4801,16.0,test
20110324_154002.jpg,4801,15.0,test
20110325_091002.jpg,4801,8.0,test
20110325_111002.jpg,4801,14.0,test
20110325_131001.jpg,4801,17.0,test
20110325_144003.jpg,4801,17.0,test
20110325_154003.jpg,4801,16.0,test
20110326_081002.jpg,4801,7.0,test
20110326_091002.jpg,4801,9.0,test
20110326_094007.jpg,4801,11.0,test
20110326_101004.jpg,4801,10.0,test
20110326_114002.jpg,4801,12.0,test
20110327_071002.jpg,4801,2.0,test
20110327_084003.jpg,4801,7.0,test
20110327_094004.jpg,4801,8.0,test
20110327_134002.jpg,4801,9.0,test
20110327_151003.jpg,4801,9.0,test
20110328_081002.jpg,4801,1.0,test
20110328_091002.jpg,4801,1.0,test
20110328_104004.jpg,4801,4.0,test
20110328_114003.jpg,4801,10.0,test
20110328_131004.jpg,4801,3.0,test
20110329_081003.jpg,4801,-1.0,test
20110329_084003.jpg,4801,2.0,test
20110329_104002.jpg,4801,13.0,test
20110329_131004.jpg,4801,13.0,test
20110329_144003.jpg,4801,16.0,test
20110330_081003.jpg,4801,1.0,test
20110330_101003.jpg,4801,7.0,test
20110330_114002.jpg,4801,17.0,test
20110330_124003.jpg,4801,17.0,test
20110330_151003.jpg,4801,17.0,test
20110331_084004.jpg,4801,13.0,test
20110331_101003.jpg,4801,11.0,test
20110331_111006.jpg,4801,13.0,test
20110331_124002.jpg,4801,16.0,test
20110331_144002.jpg,4801,12.0,test
20110401_061002.jpg,4801,11.0,test
20110401_074002.jpg,4801,13.0,test
20110401_091002.jpg,4801,12.0,test
20110401_131003.jpg,4801,17.0,test
20110401_141002.jpg,4801,16.0,test
20110402_061003.jpg,4801,3.0,test
20110402_074002.jpg,4801,13.0,test
20110402_094004.jpg,4801,11.0,test
20110402_144002.jpg,4801,21.0,test
20110402_161002.jpg,4801,21.0,test
20110403_071002.jpg,4801,3.0,test
20110403_114003.jpg,4801,22.0,test
20110403_134003.jpg,4801,23.0,test
20110403_144002.jpg,4801,24.0,test
20110403_151002.jpg,4801,23.0,test
20110404_064002.jpg,4801,11.0,test
20110404_084002.jpg,4801,8.0,test
20110404_111002.jpg,4801,8.0,test
20110404_124002.jpg,4801,10.0,test
20110404_164003.jpg,4801,10.0,test
20110405_081002.jpg,4801,7.0,test
20110405_084003.jpg,4801,11.0,test
20110405_101002.jpg,4801,10.0,test
20110405_141002.jpg,4801,14.0,test
20110405_171002.jpg,4801,15.0,test
20110406_101003.jpg,4801,13.0,test
20110406_141002.jpg,4801,16.0,test
20110406_144002.jpg,4801,19.0,test
20110406_154001.jpg,4801,19.0,test
20110406_171001.jpg,4801,19.0,test
20110407_114002.jpg,4801,23.0,test
20110407_121002.jpg,4801,20.0,test
20110407_131002.jpg,4801,22.0,test
20110407_141003.jpg,4801,23.0,test
20110407_164002.jpg,4801,20.0,test
20110408_084001.jpg,4801,14.0,test
20110408_094003.jpg,4801,15.0,test
20110408_101003.jpg,4801,12.0,test
20110408_124003.jpg,4801,18.0,test
20110408_144003.jpg,4801,18.0,test
20110409_064004.jpg,4801,12.0,test
20110409_081003.jpg,4801,10.0,test
20110409_121002.jpg,4801,16.0,test
20110409_124004.jpg,4801,18.0,test
20110409_154003.jpg,4801,17.0,test
20110410_081002.jpg,4801,5.0,test
20110410_111003.jpg,4801,13.0,test
20110410_114003.jpg,4801,16.0,test
20110410_151003.jpg,4801,17.0,test
20110410_164004.jpg,4801,16.0,test
20110411_064001.jpg,4801,9.0,test
20110411_074003.jpg,4801,11.0,test
20110411_081003.jpg,4801,6.0,test
20110411_104001.jpg,4801,17.0,test
20110411_154002.jpg,4801,19.0,test
20110412_071003.jpg,4801,13.0,test
20110412_134003.jpg,4801,9.0,test
20110412_141001.jpg,4801,10.0,test
20110412_164002.jpg,4801,5.0,test
20110412_171004.jpg,4801,7.0,test
20110413_111003.jpg,4801,5.0,test
20110413_124003.jpg,4801,9.0,test
20110413_151003.jpg,4801,9.0,test
20110413_154003.jpg,4801,9.0,test
20110413_164002.jpg,4801,8.0,test
20110414_081003.jpg,4801,4.0,test
20110414_091002.jpg,4801,5.0,test
20110414_094002.jpg,4801,9.0,test
20110414_101002.jpg,4801,7.0,test
20110414_164004.jpg,4801,11.0,test
20110415_064002.jpg,4801,6.0,test
20110415_091002.jpg,4801,6.0,test
20110415_114002.jpg,4801,10.0,test
20110415_121003.jpg,4801,10.0,test
20110415_151003.jpg,4801,11.0,test
20110416_084002.jpg,4801,11.0,test
20110416_121004.jpg,4801,11.0,test
20110416_144002.jpg,4801,13.0,test
20110416_151002.jpg,4801,12.0,test
20110416_164002.jpg,4801,12.0,test
20110417_061004.jpg,4801,-1.0,test
20110417_104003.jpg,4801,14.0,test
20110417_111002.jpg,4801,12.0,test
20110417_151002.jpg,4801,16.0,test
20110417_154002.jpg,4801,15.0,test
20110418_091003.jpg,4801,9.0,test
20110418_101002.jpg,4801,12.0,test
20110418_124002.jpg,4801,17.0,test
20110418_141003.jpg,4801,16.0,test
20110418_151003.jpg,4801,17.0,test
20110419_061001.jpg,4801,2.0,test
20110419_064003.jpg,4801,11.0,test
20110419_084004.jpg,4801,14.0,test
20110419_094003.jpg,4801,17.0,test
20110419_141002.jpg,4801,18.0,test
20110420_084002.jpg,4801,16.0,test
20110420_091002.jpg,4801,13.0,test
20110420_104001.jpg,4801,19.0,test
20110420_121004.jpg,4801,18.0,test
20110420_161003.jpg,4801,21.0,test
20110421_081003.jpg,4801,8.0,test
20110421_134003.jpg,4801,23.0,test
20110421_144002.jpg,4801,23.0,test
20110421_154003.jpg,4801,23.0,test
20110421_164003.jpg,4801,22.0,test
20110422_064003.jpg,4801,14.0,test
20110422_091001.jpg,4801,14.0,test
20110422_154002.jpg,4801,24.0,test
20110422_164002.jpg,4801,23.0,test
20110422_171003.jpg,4801,25.0,test
20110423_061002.jpg,4801,6.0,test
20110423_084001.jpg,4801,19.0,test
20110423_094003.jpg,4801,20.0,test
20110423_121002.jpg,4801,20.0,test
20110423_131004.jpg,4801,22.0,test
20110424_064002.jpg,4801,15.0,test
20110424_131002.jpg,4801,21.0,test
20110424_144003.jpg,4801,22.0,test
20110424_161003.jpg,4801,23.0,test
20110424_171003.jpg,4801,22.0,test
20110425_071003.jpg,4801,9.0,test
20110425_084003.jpg,4801,18.0,test
20110425_111001.jpg,4801,18.0,test
20110425_141003.jpg,4801,19.0,test
20110425_171004.jpg,4801,19.0,test
20110426_081003.jpg,4801,9.0,test
20110426_114002.jpg,4801,14.0,test
20110426_124003.jpg,4801,13.0,test
20110426_141001.jpg,4801,14.0,test
20110426_164002.jpg,4801,13.0,test
20110427_084003.jpg,4801,9.0,test
20110427_114002.jpg,4801,12.0,test
20110427_131003.jpg,4801,9.0,test
20110427_134004.jpg,4801,12.0,test
20110427_154003.jpg,4801,13.0,test
20110428_084003.jpg,4801,9.0,test
20110428_091002.jpg,4801,7.0,test
20110428_094002.jpg,4801,11.0,test
20110428_141003.jpg,4801,15.0,test
20110428_171003.jpg,4801,18.0,test
20110429_064002.jpg,4801,14.0,test
20110429_141002.jpg,4801,20.0,test
20110429_151003.jpg,4801,20.0,test
20110429_154002.jpg,4801,19.0,test
20110429_171004.jpg,4801,20.0,test
20110430_074002.jpg,4801,14.0,test
20110430_094003.jpg,4801,19.0,test
20110430_101001.jpg,4801,14.0,test
20110430_111002.jpg,4801,16.0,test
20110430_124004.jpg,4801,19.0,test
20110501_084002.jpg,4801,15.0,test
20110501_111002.jpg,4801,15.0,test
20110501_121002.jpg,4801,15.0,test
20110501_124003.jpg,4801,17.0,test
20110501_164002.jpg,4801,16.0,test
20110502_114003.jpg,4801,17.0,test
20110502_131002.jpg,4801,17.0,test
20110502_141002.jpg,4801,17.0,test
20110502_161004.jpg,4801,18.0,test
20110502_171003.jpg,4801,18.0,test
20110503_074002.jpg,4801,6.0,test
20110503_084003.jpg,4801,6.0,test
20110503_094002.jpg,4801,7.0,test
20110503_124004.jpg,4801,9.0,test
20110503_161002.jpg,4801,9.0,test
20110504_081003.jpg,4801,3.0,test
20110504_094003.jpg,4801,9.0,test
20110504_121002.jpg,4801,9.0,test
20110504_134002.jpg,4801,12.0,test
20110504_171002.jpg,4801,11.0,test
20110505_061002.jpg,4801,-1.0,test
20110505_081002.jpg,4801,4.0,test
20110505_101002.jpg,4801,10.0,test
20110505_131002.jpg,4801,14.0,test
20110505_141001.jpg,4801,14.0,test
20110506_084002.jpg,4801,14.0,test
20110506_094003.jpg,4801,16.0,test
20110506_114003.jpg,4801,19.0,test
20110506_124001.jpg,4801,20.0,test
20110506_131003.jpg,4801,18.0,test
20110507_081003.jpg,4801,11.0,test
20110507_084003.jpg,4801,17.0,test
20110507_121001.jpg,4801,19.0,test
20110507_154002.jpg,4801,23.0,test
20110507_171003.jpg,4801,23.0,test
20110508_061002.jpg,4801,7.0,test
20110508_081003.jpg,4801,13.0,test
20110508_104002.jpg,4801,21.0,test
20110508_111002.jpg,4801,19.0,test
20110508_164002.jpg,4801,22.0,test
20110509_104002.jpg,4801,21.0,test
20110509_144010.jpg,4801,22.0,test
20110509_154003.jpg,4801,22.0,test
20110509_161004.jpg,4801,22.0,test
20110509_164003.jpg,4801,21.0,test
20110510_074003.jpg,4801,17.0,test
20110510_104002.jpg,4801,22.0,test
20110510_114002.jpg,4801,23.0,test
20110510_154003.jpg,4801,23.0,test
20110510_171002.jpg,4801,24.0,test
20110511_091003.jpg,4801,20.0,test
20110511_134001.jpg,4801,24.0,test
20110511_144002.jpg,4801,22.0,test
20110511_151003.jpg,4801,25.0,test
20110511_161002.jpg,4801,24.0,test
20110512_064003.jpg,4801,16.0,test
20110512_081002.jpg,4801,16.0,test
20110512_111002.jpg,4801,17.0,test
20110512_164002.jpg,4801,18.0,test
20110512_171003.jpg,4801,18.0,test
20110513_121001.jpg,4801,17.0,test
20110513_124002.jpg,4801,18.0,test
20110513_144002.jpg,4801,19.0,test
20110513_161002.jpg,4801,19.0,test
20110513_171002.jpg,4801,19.0,test
20110514_064003.jpg,4801,11.0,test
20110514_104003.jpg,4801,21.0,test
20110514_134001.jpg,4801,21.0,test
20110514_151003.jpg,4801,21.0,test
20110514_171003.jpg,4801,21.0,test
20110515_064002.jpg,4801,10.0,test
20110515_124003.jpg,4801,12.0,test
20110515_131003.jpg,4801,13.0,test
20110515_134002.jpg,4801,14.0,test
20110515_141002.jpg,4801,13.0,test
20110516_114004.jpg,4801,14.0,test
20110516_124003.jpg,4801,14.0,test
20110516_154002.jpg,4801,14.0,test
20110516_161002.jpg,4801,14.0,test
20110516_171002.jpg,4801,14.0,test
20110517_084003.jpg,4801,16.0,test
20110517_094003.jpg,4801,17.0,test
20110517_101001.jpg,4801,15.0,test
20110517_134003.jpg,4801,19.0,test
20110517_171002.jpg,4801,19.0,test
20110518_094001.jpg,4801,20.0,test
20110518_124003.jpg,4801,23.0,test
20110518_141003.jpg,4801,22.0,test
20110518_151003.jpg,4801,23.0,test
20110518_164002.jpg,4801,23.0,test
20110519_061001.jpg,4801,9.0,test
20110519_101001.jpg,4801,20.0,test
20110519_104003.jpg,4801,25.0,test
20110519_134001.jpg,4801,26.0,test
20110519_141002.jpg,4801,26.0,test
20110520_061002.jpg,4801,12.0,test
20110520_074002.jpg,4801,19.0,test
20110520_084004.jpg,4801,21.0,test
20110520_161004.jpg,4801,22.0,test
20110520_164001.jpg,4801,20.0,test
20110521_061002.jpg,4801,9.0,test
20110521_064001.jpg,4801,17.0,test
20110521_071002.jpg,4801,12.0,test
20110521_084003.jpg,4801,21.0,test
20110521_151002.jpg,4801,25.0,test
20110522_084002.jpg,4801,23.0,test
20110522_094004.jpg,4801,24.0,test
20110522_104002.jpg,4801,25.0,test
20110522_141003.jpg,4801,25.0,test
20110522_151001.jpg,4801,21.0,test
20110523_061003.jpg,4801,13.0,test
20110523_081003.jpg,4801,15.0,test
20110523_091003.jpg,4801,16.0,test
20110523_111002.jpg,4801,19.0,test
20110523_121003.jpg,4801,19.0,test
20110524_064001.jpg,4801,19.0,test
20110524_091003.jpg,4801,19.0,test
20110524_111002.jpg,4801,23.0,test
20110524_154003.jpg,4801,25.0,test
20110524_171003.jpg,4801,26.0,test
20110525_071003.jpg,4801,12.0,test
20110525_091002.jpg,4801,15.0,test
20110525_111002.jpg,4801,18.0,test
20110525_121003.jpg,4801,19.0,test
20110525_171002.jpg,4801,22.0,test
20110526_064002.jpg,4801,18.0,test
20110526_084001.jpg,4801,23.0,test
20110526_091003.jpg,4801,18.0,test
20110526_131001.jpg,4801,27.0,test
20110526_161002.jpg,4801,29.0,test
20110527_114003.jpg,4801,13.0,test
20110527_124002.jpg,4801,12.0,test
20110527_154002.jpg,4801,12.0,test
20110527_161002.jpg,4801,11.0,test
20110527_171002.jpg,4801,12.0,test
20110528_064003.jpg,4801,12.0,test
20110528_071003.jpg,4801,9.0,test
20110528_124002.jpg,4801,16.0,test
20110528_134003.jpg,4801,16.0,test
20110528_171001.jpg,4801,18.0,test
20110529_084002.jpg,4801,18.0,test
20110529_094002.jpg,4801,19.0,test
20110529_114003.jpg,4801,21.0,test
20110529_121003.jpg,4801,19.0,test
20110529_131001.jpg,4801,20.0,test
20110530_061003.jpg,4801,11.0,test
20110530_074003.jpg,4801,21.0,test
20110530_084002.jpg,4801,23.0,test
20110530_094002.jpg,4801,24.0,test
20110530_124003.jpg,4801,27.0,test
20110531_091003.jpg,4801,22.0,test
20110531_124002.jpg,4801,25.0,test
20110531_151002.jpg,4801,25.0,test
20110531_161003.jpg,4801,26.0,test
20110531_164002.jpg,4801,25.0,test
20110601_074002.jpg,4801,13.0,test
20110601_084003.jpg,4801,13.0,test
20110601_091002.jpg,4801,13.0,test
20110601_111001.jpg,4801,13.0,test
20110601_114005.jpg,4801,12.0,test
20110602_064002.jpg,4801,13.0,test
20110602_074001.jpg,4801,14.0,test
20110602_131003.jpg,4801,17.0,test
20110602_151004.jpg,4801,18.0,test
20110602_171057.jpg,4801,19.0,test
20110603_084002.jpg,4801,19.0,test
20110603_111002.jpg,4801,19.0,test
20110603_114002.jpg,4801,22.0,test
20110603_131003.jpg,4801,21.0,test
20110603_164002.jpg,4801,24.0,test
20110604_081003.jpg,4801,19.0,test
20110604_111003.jpg,4801,23.0,test
20110604_121003.jpg,4801,25.0,test
20110604_144001.jpg,4801,27.0,test
20110604_161001.jpg,4801,27.0,test
20110605_064002.jpg,4801,20.0,test
20110605_074002.jpg,4801,22.0,test
20110605_094002.jpg,4801,24.0,test
20110605_124002.jpg,4801,27.0,test
20110605_151001.jpg,4801,27.0,test
20110606_091002.jpg,4801,18.0,test
20110606_101002.jpg,4801,19.0,test
20110606_104003.jpg,4801,23.0,test
20110606_111003.jpg,4801,19.0,test
20110606_154002.jpg,4801,19.0,test
20110607_081002.jpg,4801,16.0,test
20110607_121002.jpg,4801,22.0,test
20110607_131002.jpg,4801,23.0,test
20110607_144002.jpg,4801,24.0,test
20110607_171002.jpg,4801,24.0,test
20110608_071003.jpg,4801,16.0,test
20110608_081002.jpg,4801,17.0,test
20110608_084002.jpg,4801,19.0,test
20110608_124003.jpg,4801,19.0,test
20110608_161002.jpg,4801,16.0,test
20110609_081002.jpg,4801,13.0,test
20110609_084003.jpg,4801,15.0,test
20110609_111003.jpg,4801,15.0,test
20110609_114003.jpg,4801,16.0,test
20110609_124002.jpg,4801,15.0,test
20110610_071002.jpg,4801,12.0,test
20110610_074002.jpg,4801,15.0,test
20110610_124003.jpg,4801,18.0,test
20110610_151002.jpg,4801,18.0,test
20110610_171002.jpg,4801,17.0,test
20110611_074002.jpg,4801,13.0,test
20110611_081002.jpg,4801,12.0,test
20110611_091003.jpg,4801,12.0,test
20110611_101002.jpg,4801,13.0,test
20110611_104001.jpg,4801,15.0,test
20110612_084002.jpg,4801,18.0,test
20110612_091003.jpg,4801,16.0,test
20110612_131002.jpg,4801,20.0,test
20110612_144002.jpg,4801,21.0,test
20110612_164001.jpg,4801,21.0,test
20110613_064003.jpg,4801,15.0,test
20110613_101002.jpg,4801,16.0,test
20110613_104002.jpg,4801,19.0,test
20110613_124003.jpg,4801,19.0,test
20110613_164002.jpg,4801,18.0,test
20110614_074004.jpg,4801,19.0,test
20110614_104003.jpg,4801,21.0,test
20110614_141002.jpg,4801,19.0,test
20110614_144001.jpg,4801,21.0,test
20110614_151004.jpg,4801,19.0,test
20110615_071002.jpg,4801,14.0,test
20110615_074003.jpg,4801,21.0,test
20110615_094002.jpg,4801,23.0,test
20110615_154003.jpg,4801,26.0,test
20110615_171002.jpg,4801,25.0,test
20110616_071001.jpg,4801,17.0,test
20110616_074003.jpg,4801,23.0,test
20110616_081002.jpg,4801,19.0,test
20110616_084001.jpg,4801,23.0,test
20110616_091002.jpg,4801,22.0,test
20110617_061002.jpg,4801,14.0,test
20110617_101002.jpg,4801,18.0,test
20110617_104002.jpg,4801,21.0,test
20110617_144002.jpg,4801,22.0,test
20110617_154002.jpg,4801,22.0,test
20110618_071002.jpg,4801,14.0,test
20110618_074003.jpg,4801,17.0,test
20110618_121003.jpg,4801,16.0,test
20110618_141004.jpg,4801,14.0,test
20110618_154010.jpg,4801,12.0,test
20110619_114003.jpg,4801,16.0,test
20110619_121003.jpg,4801,13.0,test
20110619_124003.jpg,4801,17.0,test
20110619_164002.jpg,4801,15.0,test
20110619_171003.jpg,4801,16.0,test
20110620_061002.jpg,4801,10.0,test
20110620_074002.jpg,4801,16.0,test
20110620_091003.jpg,4801,15.0,test
20110620_124003.jpg,4801,16.0,test
20110620_151003.jpg,4801,16.0,test
20110621_064002.jpg,4801,19.0,test
20110621_114002.jpg,4801,26.0,test
20110621_131003.jpg,4801,24.0,test
20110621_141002.jpg,4801,26.0,test
20110621_151003.jpg,4801,25.0,test
20110622_071002.jpg,4801,18.0,test
20110622_094002.jpg,4801,26.0,test
20110622_101003.jpg,4801,23.0,test
20110622_134002.jpg,4801,21.0,test
20110622_141003.jpg,4801,27.0,test
20110623_074002.jpg,4801,20.0,test
20110623_091002.jpg,4801,20.0,test
20110623_104002.jpg,4801,20.0,test
20110623_114002.jpg,4801,20.0,test
20110623_154003.jpg,4801,18.0,test
20110624_064002.jpg,4801,14.0,test
20110624_081001.jpg,4801,14.0,test
20110624_084002.jpg,4801,17.0,test
20110624_124001.jpg,4801,18.0,test
20110624_131002.jpg,4801,17.0,test
20110625_074001.jpg,4801,15.0,test
20110625_081003.jpg,4801,12.0,test
20110625_091003.jpg,4801,13.0,test
20110625_104003.jpg,4801,16.0,test
20110625_131003.jpg,4801,16.0,test
20110626_071002.jpg,4801,15.0,test
20110626_114003.jpg,4801,21.0,test
20110626_121003.jpg,4801,20.0,test
20110626_131002.jpg,4801,21.0,test
20110626_154002.jpg,4801,22.0,test
20110627_064003.jpg,4801,20.0,test
20110627_121003.jpg,4801,24.0,test
20110627_134002.jpg,4801,27.0,test
20110627_141003.jpg,4801,26.0,test
20110627_154003.jpg,4801,27.0,test
20110628_071002.jpg,4801,17.0,test
20110628_084003.jpg,4801,25.0,test
20110628_094003.jpg,4801,26.0,test
20110628_154002.jpg,4801,29.0,test
20110628_161001.jpg,4801,29.0,test
20110629_061003.jpg,4801,13.0,test
20110629_064002.jpg,4801,22.0,test
20110629_084003.jpg,4801,26.0,test
20110629_094002.jpg,4801,28.0,test
20110629_164003.jpg,4801,20.0,test
20110630_074002.jpg,4801,13.0,test
20110630_111002.jpg,4801,13.0,test
20110630_114003.jpg,4801,17.0,test
20110630_124002.jpg,4801,17.0,test
20110630_161002.jpg,4801,18.0,test
20110727_061002.jpg,4801,13.0,test
20110727_071003.jpg,4801,14.0,test
20110727_144002.jpg,4801,24.0,test
20110727_161003.jpg,4801,24.0,test
20110727_164002.jpg,4801,24.0,test
20110728_064002.jpg,4801,18.0,test
20110728_081002.jpg,4801,16.0,test
20110728_101003.jpg,4801,20.0,test
20110728_121002.jpg,4801,21.0,test
20110728_154002.jpg,4801,19.0,test
20110729_091003.jpg,4801,18.0,test
20110729_101001.jpg,4801,19.0,test
20110729_114003.jpg,4801,21.0,test
20110729_121002.jpg,4801,21.0,test
20110729_124002.jpg,4801,22.0,test
20110730_071002.jpg,4801,13.0,test
20110730_114003.jpg,4801,17.0,test
20110730_124003.jpg,4801,18.0,test
20110730_134002.jpg,4801,17.0,test
20110730_171001.jpg,4801,17.0,test
20110731_061002.jpg,4801,12.0,test
20110731_091002.jpg,4801,14.0,test
20110731_121003.jpg,4801,15.0,test
20110731_141002.jpg,4801,15.0,test
20110731_151001.jpg,4801,16.0,test
20110801_064003.jpg,4801,13.0,test
20110801_101002.jpg,4801,13.0,test
20110801_131003.jpg,4801,16.0,test
20110801_134003.jpg,4801,20.0,test
20110801_151003.jpg,4801,19.0,test
20110802_094001.jpg,4801,23.0,test
20110802_104001.jpg,4801,23.0,test
20110802_111002.jpg,4801,21.0,test
20110802_121003.jpg,4801,23.0,test
20110802_161002.jpg,4801,25.0,test
20110803_064002.jpg,4801,19.0,test
20110803_074002.jpg,4801,21.0,test
20110803_121002.jpg,4801,24.0,test
20110803_204043.jpg,4801,17.0,test
20110803_214050.jpg,4801,17.0,test
20110804_004005.jpg,4801,17.0,test
20110804_071012.jpg,4801,17.0,test
20110804_101002.jpg,4801,19.0,test
20110804_184108.jpg,4801,20.0,test
20110804_211002.jpg,4801,20.0,test
20110805_021002.jpg,4801,14.0,test
20110805_064003.jpg,4801,17.0,test
20110805_084003.jpg,4801,20.0,test
20110805_091003.jpg,4801,17.0,test
20110805_104002.jpg,4801,23.0,test
20110806_054001.jpg,4801,17.0,test
20110806_071002.jpg,4801,16.0,test
20110806_124002.jpg,4801,25.0,test
20110806_131004.jpg,4801,22.0,test
20110806_164002.jpg,4801,25.0,test
20110807_024003.jpg,4801,18.0,test
20110807_051002.jpg,4801,18.0,test
20110807_061003.jpg,4801,18.0,test
20110807_134001.jpg,4801,18.0,test
20110807_154002.jpg,4801,19.0,test
20110808_021002.jpg,4801,16.0,test
20110808_071002.jpg,4801,14.0,test
20110808_104001.jpg,4801,21.0,test
20110808_184002.jpg,4801,15.0,test
20110808_224002.jpg,4801,14.0,test
20110809_014003.jpg,4801,13.0,test
20110809_054003.jpg,4801,14.0,test
20110809_064004.jpg,4801,15.0,test
20110809_074002.jpg,4801,16.0,test
20110809_084003.jpg,4801,17.0,test
20110809_234003.jpg,4801,12.0,test
20110810_064003.jpg,4801,12.0,test
20110810_071002.jpg,4801,11.0,test
20110810_081003.jpg,4801,11.0,test
20110810_221002.jpg,4801,10.0,test
20110810_234002.jpg,4801,11.0,test
20110811_074003.jpg,4801,16.0,test
20110811_121002.jpg,4801,20.0,test
20110811_141002.jpg,4801,22.0,test
20110811_201003.jpg,4801,19.0,test
20110812_031003.jpg,4801,14.0,test
20110812_051002.jpg,4801,13.0,test
20110812_061002.jpg,4801,12.0,test
20110812_174002.jpg,4801,21.0,test
20110812_194007.jpg,4801,17.0,test
20110813_104003.jpg,4801,21.0,test
20110813_174002.jpg,4801,21.0,test
20110813_194002.jpg,4801,18.0,test
20110813_201002.jpg,4801,21.0,test
20110813_211002.jpg,4801,19.0,test
20110814_031004.jpg,4801,14.0,test
20110814_064002.jpg,4801,18.0,test
20110814_091003.jpg,4801,16.0,test
20110814_104003.jpg,4801,27.0,test
20110814_204003.jpg,4801,19.0,test
20110815_074002.jpg,4801,18.0,test
20110815_101006.jpg,4801,18.0,test
20110815_131003.jpg,4801,21.0,test
20110815_164004.jpg,4801,21.0,test
20110815_204003.jpg,4801,17.0,test
20110816_044003.jpg,4801,13.0,test
20110816_084002.jpg,4801,21.0,test
20110816_111001.jpg,4801,17.0,test
20110816_194002.jpg,4801,18.0,test
20110816_204003.jpg,4801,18.0,test
20110817_011001.jpg,4801,17.0,test
20110817_024002.jpg,4801,14.0,test
20110817_094001.jpg,4801,23.0,test
20110817_194001.jpg,4801,19.0,test
20110817_204002.jpg,4801,18.0,test
20110818_061002.jpg,4801,15.0,test
20110818_091003.jpg,4801,20.0,test
20110818_101003.jpg,4801,21.0,test
20110818_154003.jpg,4801,29.0,test
20110818_181002.jpg,4801,29.0,test
20110819_011001.jpg,4801,20.0,test
20110819_044001.jpg,4801,19.0,test
20110819_104003.jpg,4801,26.0,test
20110819_131001.jpg,4801,26.0,test
20110819_184003.jpg,4801,21.0,test
20110820_041004.jpg,4801,17.0,test
20110820_061004.jpg,4801,16.0,test
20110820_144003.jpg,4801,26.0,test
20110820_171002.jpg,4801,26.0,test
20110820_191002.jpg,4801,26.0,test
20110821_044001.jpg,4801,16.0,test
20110821_094002.jpg,4801,27.0,test
20110821_154002.jpg,4801,29.0,test
20110821_161002.jpg,4801,31.0,test
20110821_184003.jpg,4801,24.0,test
20110822_004004.jpg,4801,19.0,test
20110822_054002.jpg,4801,18.0,test
20110822_091003.jpg,4801,23.0,test
20110822_171003.jpg,4801,32.0,test
20110822_224003.jpg,4801,23.0,test
20110823_104003.jpg,4801,30.0,test
20110823_114003.jpg,4801,32.0,test
20110823_191002.jpg,4801,31.0,test
20110823_204002.jpg,4801,23.0,test
20110823_224003.jpg,4801,23.0,test
20110823_231002.jpg,4801,22.0,test
20110824_114002.jpg,4801,31.0,test
20110824_124002.jpg,4801,31.0,test
20110824_174001.jpg,4801,26.0,test
20110824_214002.jpg,4801,21.0,test
20110825_084003.jpg,4801,24.0,test
20110825_094003.jpg,4801,24.0,test
20110825_171002.jpg,4801,28.0,test
20110825_194003.jpg,4801,23.0,test
20110825_204001.jpg,4801,22.0,test
20110826_041003.jpg,4801,19.0,test
20110826_044003.jpg,4801,18.0,test
20110826_064002.jpg,4801,22.0,test
20110826_151003.jpg,4801,32.0,test
20110826_161002.jpg,4801,33.0,test
20110827_034003.jpg,4801,13.0,test
20110827_064004.jpg,4801,12.0,test
20110827_101002.jpg,4801,13.0,test
20110827_174001.jpg,4801,13.0,test
20110827_201002.jpg,4801,13.0,test
20110828_051003.jpg,4801,8.0,test
20110828_054003.jpg,4801,12.0,test
20110828_074003.jpg,4801,16.0,test
20110828_111001.jpg,4801,17.0,test
20110828_174003.jpg,4801,17.0,test
20110829_094003.jpg,4801,18.0,test
20110829_141002.jpg,4801,19.0,test
20110829_154002.jpg,4801,19.0,test
20110829_181003.jpg,4801,19.0,test
20110829_221002.jpg,4801,15.0,test
20110830_001002.jpg,4801,13.0,test
20110830_041002.jpg,4801,12.0,test
20110830_154002.jpg,4801,19.0,test
20110830_184002.jpg,4801,14.0,test
20110830_191002.jpg,4801,18.0,test
20110830_231003.jpg,4801,13.0,test
20110831_011001.jpg,4801,10.0,test
20110831_061002.jpg,4801,8.0,test
20110831_094002.jpg,4801,19.0,test
20110831_204002.jpg,4801,16.0,test
20110831_231002.jpg,4801,11.0,test
20110901_021003.jpg,4801,13.0,test
20110901_054003.jpg,4801,13.0,test
20110901_101003.jpg,4801,15.0,test
20110901_211003.jpg,4801,16.0,test
20110902_014003.jpg,4801,13.0,test
20110902_024004.jpg,4801,13.0,test
20110902_044003.jpg,4801,14.0,test
20110902_144002.jpg,4801,23.0,test
20110902_221004.jpg,4801,17.0,test
20110903_034002.jpg,4801,14.0,test
20110903_114002.jpg,4801,25.0,test
20110903_141001.jpg,4801,25.0,test
20110903_174001.jpg,4801,23.0,test
20110903_191002.jpg,4801,25.0,test
20110904_074002.jpg,4801,21.0,test
20110904_094002.jpg,4801,25.0,test
20110904_101002.jpg,4801,21.0,test
20110904_111001.jpg,4801,23.0,test
20110904_151003.jpg,4801,27.0,test
20110905_094003.jpg,4801,17.0,test
20110905_101002.jpg,4801,17.0,test
20110905_124003.jpg,4801,16.0,test
20110905_154003.jpg,4801,17.0,test
20110905_171044.jpg,4801,17.0,test
20110906_081002.jpg,4801,12.0,test
20110906_084002.jpg,4801,17.0,test
20110906_121001.jpg,4801,19.0,test
20110906_141003.jpg,4801,20.0,test
20110906_154009.jpg,4801,20.0,test
20110907_061002.jpg,4801,16.0,test
20110907_081003.jpg,4801,17.0,test
20110907_084003.jpg,4801,16.0,test
20110907_091002.jpg,4801,15.0,test
20110907_114007.jpg,4801,17.0,test
20110908_071002.jpg,4801,13.0,test
20110908_114002.jpg,4801,16.0,test
20110908_121002.jpg,4801,15.0,test
20110908_124003.jpg,4801,16.0,test
20110908_164001.jpg,4801,15.0,test
20110909_081003.jpg,4801,14.0,test
20110909_114002.jpg,4801,22.0,test
20110909_131003.jpg,4801,21.0,test
20110909_141001.jpg,4801,22.0,test
20110909_161010.jpg,4801,19.0,test
20110910_094002.jpg,4801,17.0,test
20110910_114003.jpg,4801,25.0,test
20110910_144002.jpg,4801,26.0,test
20110910_154001.jpg,4801,26.0,test
20110910_161002.jpg,4801,26.0,test
20110911_061002.jpg,4801,13.0,test
20110911_071003.jpg,4801,13.0,test
20110911_074002.jpg,4801,15.0,test
20110911_091003.jpg,4801,18.0,test
20110911_164002.jpg,4801,25.0,test
20110912_094003.jpg,4801,20.0,test
20110912_101002.jpg,4801,17.0,test
20110912_131001.jpg,4801,21.0,test
20110912_134002.jpg,4801,22.0,test
20110912_164002.jpg,4801,20.0,test
20110913_074002.jpg,4801,19.0,test
20110913_101004.jpg,4801,19.0,test
20110913_111003.jpg,4801,20.0,test
20110913_131002.jpg,4801,21.0,test
20110913_171002.jpg,4801,23.0,test
20110914_084003.jpg,4801,16.0,test
20110914_111001.jpg,4801,16.0,test
20110914_114003.jpg,4801,18.0,test
20110914_121002.jpg,4801,15.0,test
20110914_171001.jpg,4801,19.0,test
20110915_101003.jpg,4801,15.0,test
20110915_104002.jpg,4801,17.0,test
20110915_151003.jpg,4801,18.0,test
20110915_161003.jpg,4801,19.0,test
20110915_164002.jpg,4801,16.0,test
20110916_061002.jpg,4801,5.0,test
20110916_114002.jpg,4801,20.0,test
20110916_124001.jpg,4801,21.0,test
20110916_144002.jpg,4801,21.0,test
20110916_154002.jpg,4801,20.0,test
20110917_064002.jpg,4801,16.0,test
20110917_074002.jpg,4801,17.0,test
20110917_081002.jpg,4801,15.0,test
20110917_091003.jpg,4801,16.0,test
20110917_141002.jpg,4801,24.0,test
20110918_061003.jpg,4801,15.0,test
20110918_071003.jpg,4801,15.0,test
20110918_081002.jpg,4801,15.0,test
20110918_111002.jpg,4801,14.0,test
20110918_131001.jpg,4801,14.0,test
20110919_061003.jpg,4801,8.0,test
20110919_064002.jpg,4801,8.0,test
20110919_081002.jpg,4801,8.0,test
20110919_114002.jpg,4801,11.0,test
20110919_134003.jpg,4801,12.0,test
20110920_071005.jpg,4801,10.0,test
20110920_084002.jpg,4801,11.0,test
20110920_104003.jpg,4801,14.0,test
20110920_114002.jpg,4801,16.0,test
20110920_151003.jpg,4801,16.0,test
20110921_061001.jpg,4801,5.0,test
20110921_084002.jpg,4801,13.0,test
20110921_114002.jpg,4801,17.0,test
20110921_121002.jpg,4801,14.0,test
20110921_161002.jpg,4801,18.0,test
20110922_064003.jpg,4801,9.0,test
20110922_084002.jpg,4801,9.0,test
20110922_154003.jpg,4801,17.0,test
20110922_164003.jpg,4801,15.0,test
20110922_171002.jpg,4801,17.0,test
20110923_064002.jpg,4801,13.0,test
20110923_081001.jpg,4801,12.0,test
20110923_084001.jpg,4801,17.0,test
20110923_121002.jpg,4801,18.0,test
20110923_144003.jpg,4801,18.0,test
20110924_071002.jpg,4801,7.0,test
20110924_091002.jpg,4801,11.0,test
20110924_101003.jpg,4801,12.0,test
20110924_111003.jpg,4801,15.0,test
20110924_121002.jpg,4801,16.0,test
20110925_071001.jpg,4801,7.0,test
20110925_104003.jpg,4801,13.0,test
20110925_121002.jpg,4801,15.0,test
20110925_154001.jpg,4801,22.0,test
20110925_164002.jpg,4801,18.0,test
20110926_081002.jpg,4801,10.0,test
20110926_094002.jpg,4801,13.0,test
20110926_101003.jpg,4801,12.0,test
20110926_111002.jpg,4801,13.0,test
20110926_154001.jpg,4801,22.0,test
20110927_074002.jpg,4801,9.0,test
20110927_091004.jpg,4801,8.0,test
20110927_111003.jpg,4801,17.0,test
20110927_144002.jpg,4801,23.0,test
20110927_154003.jpg,4801,22.0,test
20110928_064002.jpg,4801,12.0,test
20110928_071003.jpg,4801,8.0,test
20110928_074009.jpg,4801,7.0,test
20110928_081001.jpg,4801,8.0,test
20110928_094007.jpg,4801,19.0,test
20110929_081003.jpg,4801,9.0,test
20110929_084003.jpg,4801,16.0,test
20110929_141002.jpg,4801,21.0,test
20110929_144002.jpg,4801,21.0,test
20110930_084002.jpg,4801,18.0,test
20110930_094004.jpg,4801,19.0,test
20110930_131003.jpg,4801,20.0,test
20110930_144003.jpg,4801,23.0,test
20110930_171003.jpg,4801,23.0,test
20111001_104002.jpg,4801,21.0,test
20111001_114001.jpg,4801,22.0,test
20111001_121001.jpg,4801,19.0,test
20111001_144002.jpg,4801,23.0,test
20111001_171003.jpg,4801,23.0,test
20111002_081001.jpg,4801,7.0,test
20111002_094002.jpg,4801,19.0,test
20111002_131002.jpg,4801,21.0,test
20111002_154002.jpg,4801,22.0,test
20111002_164002.jpg,4801,17.0,test
20111003_081004.jpg,4801,8.0,test
20111003_104002.jpg,4801,17.0,test
20111003_121003.jpg,4801,11.0,test
20111003_134002.jpg,4801,22.0,test
20111003_161001.jpg,4801,22.0,test
20111004_094003.jpg,4801,13.0,test
20111004_114001.jpg,4801,21.0,test
20111004_131003.jpg,4801,21.0,test
20111004_141001.jpg,4801,21.0,test
20111004_171002.jpg,4801,22.0,test
20111005_071002.jpg,4801,9.0,test
20111005_074002.jpg,4801,14.0,test
20111005_104002.jpg,4801,19.0,test
20111005_114003.jpg,4801,18.0,test
20111005_144002.jpg,4801,18.0,test
20111006_081003.jpg,4801,11.0,test
20111006_114002.jpg,4801,20.0,test
20111006_134003.jpg,4801,21.0,test
20111006_154003.jpg,4801,19.0,test
20111006_164003.jpg,4801,18.0,test
20111007_064003.jpg,4801,8.0,test
20111007_071003.jpg,4801,8.0,test
20111007_121001.jpg,4801,8.0,test
20111007_124002.jpg,4801,11.0,test
20111007_141002.jpg,4801,10.0,test
20111008_061001.jpg,4801,7.0,test
20111008_081003.jpg,4801,5.0,test
20111008_091002.jpg,4801,6.0,test
20111008_111003.jpg,4801,8.0,test
20111008_161003.jpg,4801,8.0,test
20111010_091002.jpg,4801,8.0,test
20111010_124002.jpg,4801,14.0,test
20111010_131002.jpg,4801,11.0,test
20111010_141001.jpg,4801,14.0,test
20111010_154003.jpg,4801,16.0,test
20111011_091003.jpg,4801,14.0,test
20111011_101003.jpg,4801,14.0,test
20111011_131003.jpg,4801,17.0,test
20111011_134003.jpg,4801,19.0,test
20111011_141003.jpg,4801,18.0,test
20111012_084002.jpg,4801,13.0,test
20111012_091002.jpg,4801,13.0,test
20111012_141003.jpg,4801,15.0,test
20111012_144003.jpg,4801,14.0,test
20111012_151001.jpg,4801,15.0,test
20111013_084002.jpg,4801,10.0,test
20111013_111003.jpg,4801,10.0,test
20111013_124002.jpg,4801,12.0,test
20111013_131002.jpg,4801,11.0,test
20111013_161001.jpg,4801,11.0,test
20111014_094002.jpg,4801,9.0,test
20111014_101001.jpg,4801,3.0,test
20111014_121001.jpg,4801,9.0,test
20111014_131001.jpg,4801,10.0,test
20111014_134001.jpg,4801,11.0,test
20111015_061001.jpg,4801,1.0,test
20111015_141001.jpg,4801,11.0,test
20111015_144002.jpg,4801,11.0,test
20111015_154001.jpg,4801,9.0,test
20111015_161001.jpg,4801,12.0,test
20111016_064002.jpg,4801,4.0,test
20111016_081002.jpg,4801,2.0,test
20111016_084001.jpg,4801,8.0,test
20111016_091002.jpg,4801,4.0,test
20111016_171001.jpg,4801,12.0,test
20111017_061002.jpg,4801,-2.0,test
20111017_081002.jpg,4801,-2.0,test
20111017_094002.jpg,4801,6.0,test
20111017_131001.jpg,4801,7.0,test
20111017_164001.jpg,4801,7.0,test
20111018_074002.jpg,4801,5.0,test
20111018_094001.jpg,4801,5.0,test
20111018_104005.jpg,4801,9.0,test
20111018_131002.jpg,4801,16.0,test
20111018_134001.jpg,4801,19.0,test
20111019_081002.jpg,4801,7.0,test
20111019_094002.jpg,4801,6.0,test
20111019_101001.jpg,4801,6.0,test
20111019_151001.jpg,4801,5.0,test
20111019_161002.jpg,4801,5.0,test
20111020_074001.jpg,4801,4.0,test
20111020_111001.jpg,4801,7.0,test
20111020_124002.jpg,4801,10.0,test
20111020_144002.jpg,4801,7.0,test
20111020_151002.jpg,4801,10.0,test
20111021_064005.jpg,4801,-1.0,test
20111021_071005.jpg,4801,-2.0,test
20111021_104002.jpg,4801,4.0,test
20111021_134002.jpg,4801,8.0,test
20111021_154001.jpg,4801,5.0,test
20111022_081001.jpg,4801,-1.0,test
20111022_094001.jpg,4801,7.0,test
20111022_114001.jpg,4801,8.0,test
20111022_131002.jpg,4801,7.0,test
20111022_154001.jpg,4801,6.0,test
20111023_111001.jpg,4801,0.0,test
20111023_121001.jpg,4801,0.0,test
20111023_141001.jpg,4801,7.0,test
20111023_144002.jpg,4801,8.0,test
20111023_151002.jpg,4801,8.0,test
20111024_094002.jpg,4801,4.0,test
20111024_104001.jpg,4801,12.0,test
20111024_111002.jpg,4801,6.0,test
20111024_114001.jpg,4801,13.0,test
20111024_161001.jpg,4801,13.0,test
20111025_071001.jpg,4801,4.0,test
20111025_081001.jpg,4801,5.0,test
20111025_124002.jpg,4801,10.0,test
20111025_144001.jpg,4801,11.0,test
20111025_154001.jpg,4801,10.0,test
20111026_071001.jpg,4801,7.0,test
20111026_091002.jpg,4801,7.0,test
20111026_124001.jpg,4801,11.0,test
20111026_134002.jpg,4801,11.0,test
20111026_154001.jpg,4801,10.0,test
20111027_061001.jpg,4801,8.0,test
20111027_104002.jpg,4801,10.0,test
20111027_114002.jpg,4801,11.0,test
20111027_121002.jpg,4801,10.0,test
20111027_131002.jpg,4801,10.0,test
20111028_064001.jpg,4801,6.0,test
20111028_084001.jpg,4801,7.0,test
20111028_091001.jpg,4801,6.0,test
20111028_131002.jpg,4801,8.0,test
20111028_171002.jpg,4801,10.0,test
20111029_084002.jpg,4801,6.0,test
20111029_091001.jpg,4801,4.0,test
20111029_114002.jpg,4801,7.0,test
20111029_151002.jpg,4801,7.0,test
20111029_164001.jpg,4801,7.0,test
20111030_081002.jpg,4801,6.0,test
20111030_121001.jpg,4801,8.0,test
20111030_134001.jpg,4801,9.0,test
20111030_154001.jpg,4801,8.0,test
20111030_164001.jpg,4801,7.0,test
20111031_074002.jpg,4801,5.0,test
20111031_091001.jpg,4801,5.0,test
20111031_094001.jpg,4801,6.0,test
20111031_121002.jpg,4801,7.0,test
20111031_181001.jpg,4801,6.0,test
20111101_081002.jpg,4801,7.0,test
20111101_084001.jpg,4801,7.0,test
20111101_101001.jpg,4801,7.0,test
20111101_114001.jpg,4801,8.0,test
20111101_161001.jpg,4801,7.0,test
20111102_084001.jpg,4801,6.0,test
20111102_101002.jpg,4801,6.0,test
20111102_111002.jpg,4801,6.0,test
20111102_124001.jpg,4801,6.0,test
20111102_144001.jpg,4801,7.0,test
20111103_094002.jpg,4801,5.0,test
20111103_101001.jpg,4801,4.0,test
20111103_104002.jpg,4801,7.0,test
20111103_141001.jpg,4801,6.0,test
20111103_154002.jpg,4801,6.0,test
20111104_094001.jpg,4801,8.0,test
20111104_114001.jpg,4801,8.0,test
20111104_124001.jpg,4801,9.0,test
20111104_131001.jpg,4801,9.0,test
20111104_154002.jpg,4801,6.0,test
20111105_111001.jpg,4801,9.0,test
20111105_131001.jpg,4801,12.0,test
20111105_141001.jpg,4801,12.0,test
20111105_144001.jpg,4801,11.0,test
20111105_154001.jpg,4801,9.0,test
20111106_091001.jpg,4801,8.0,test
20111106_094001.jpg,4801,13.0,test
20111106_124001.jpg,4801,15.0,test
20111106_134001.jpg,4801,14.0,test
20111106_161001.jpg,4801,14.0,test
20111107_084000.jpg,4801,12.0,test
20111107_094001.jpg,4801,11.0,test
20111107_131002.jpg,4801,11.0,test
20111107_141002.jpg,4801,11.0,test
20111107_154001.jpg,4801,5.0,test
20111108_094001.jpg,4801,12.0,test
20111108_111001.jpg,4801,10.0,test
20111108_114001.jpg,4801,13.0,test
20111108_151001.jpg,4801,14.0,test
20111108_154001.jpg,4801,9.0,test
20111109_081000.jpg,4801,2.0,test
20111109_124001.jpg,4801,5.0,test
20111109_134001.jpg,4801,5.0,test
20111109_151001.jpg,4801,5.0,test
20111109_154001.jpg,4801,6.0,test
20111110_081000.jpg,4801,4.0,test
20111110_091002.jpg,4801,5.0,test
20111110_101003.jpg,4801,4.0,test
20111110_111001.jpg,4801,5.0,test
20111110_114002.jpg,4801,5.0,test
20111111_094002.jpg,4801,5.0,test
20111111_114002.jpg,4801,5.0,test
20111111_134001.jpg,4801,5.0,test
20111111_154001.jpg,4801,4.0,test
20111111_161001.jpg,4801,5.0,test
20111112_081001.jpg,4801,2.0,test
20111112_091001.jpg,4801,2.0,test
20111112_094003.jpg,4801,4.0,test
20111112_124001.jpg,4801,4.0,test
20111112_161001.jpg,4801,4.0,test
20111113_124001.jpg,4801,7.0,test
20111113_131001.jpg,4801,6.0,test
20111113_134001.jpg,4801,5.0,test
20111113_141001.jpg,4801,7.0,test
20111113_144002.jpg,4801,2.0,test
20111114_081001.jpg,4801,-1.0,test
20111114_121001.jpg,4801,-1.0,test
20111114_124002.jpg,4801,0.0,test
20111114_141002.jpg,4801,0.0,test
20111114_144002.jpg,4801,0.0,test
20111115_081001.jpg,4801,-1.0,test
20111115_114003.jpg,4801,0.0,test
20111115_141001.jpg,4801,0.0,test
20111115_154002.jpg,4801,0.0,test
20111115_161000.jpg,4801,0.0,test
20111116_084001.jpg,4801,0.0,test
20111116_104002.jpg,4801,1.0,test
20111116_141001.jpg,4801,1.0,test
20111116_144002.jpg,4801,1.0,test
20111116_151001.jpg,4801,1.0,test
20111117_081001.jpg,4801,2.0,test
20111117_091001.jpg,4801,2.0,test
20111117_124001.jpg,4801,4.0,test
20111117_141003.jpg,4801,3.0,test
20111117_144001.jpg,4801,2.0,test
20111118_094004.jpg,4801,5.0,test
20111118_101001.jpg,4801,2.0,test
20111118_121001.jpg,4801,5.0,test
20111118_154002.jpg,4801,3.0,test
20111118_161002.jpg,4801,6.0,test
20111119_081001.jpg,4801,-1.0,test
20111119_111002.jpg,4801,0.0,test
20111119_124001.jpg,4801,0.0,test
20111119_131002.jpg,4801,0.0,test
20111119_134005.jpg,4801,0.0,test
20111120_101002.jpg,4801,2.0,test
20111120_104001.jpg,4801,3.0,test
20111120_124002.jpg,4801,5.0,test
20111120_134002.jpg,4801,5.0,test
20111120_161001.jpg,4801,5.0,test
20111121_104001.jpg,4801,2.0,test
20111121_111002.jpg,4801,1.0,test
20111121_114001.jpg,4801,2.0,test
20111121_131002.jpg,4801,5.0,test
20111121_151002.jpg,4801,7.0,test
20111122_081015.jpg,4801,-3.0,test
20111122_121001.jpg,4801,3.0,test
20111122_131001.jpg,4801,3.0,test
20111122_141001.jpg,4801,6.0,test
20111122_154002.jpg,4801,1.0,test
20111123_081105.jpg,4801,-1.0,test
20111123_084021.jpg,4801,-1.0,test
20111123_101002.jpg,4801,-1.0,test
20111123_151001.jpg,4801,-1.0,test
20111123_161001.jpg,4801,-1.0,test
20111124_081002.jpg,4801,-2.0,test
20111124_094001.jpg,4801,-2.0,test
20111124_104004.jpg,4801,-2.0,test
20111124_131001.jpg,4801,-2.0,test
20111124_154002.jpg,4801,-2.0,test
20111125_081007.jpg,4801,-2.0,test
20111125_104006.jpg,4801,-1.0,test
20111125_111001.jpg,4801,-1.0,test
20111125_124002.jpg,4801,-1.0,test
20111125_144002.jpg,4801,0.0,test
20111126_084001.jpg,4801,4.0,test
20111126_091001.jpg,4801,3.0,test
20111126_104002.jpg,4801,6.0,test
20111126_111001.jpg,4801,4.0,test
20111126_141001.jpg,4801,6.0,test
20111127_114002.jpg,4801,10.0,test
20111127_124002.jpg,4801,10.0,test
20111127_134002.jpg,4801,8.0,test
20111127_144002.jpg,4801,6.0,test
20111127_161000.jpg,4801,8.0,test
20111128_091005.jpg,4801,2.0,test
20111128_111001.jpg,4801,7.0,test
20111128_121002.jpg,4801,7.0,test
20111128_144001.jpg,4801,5.0,test
20111128_161001.jpg,4801,6.0,test
20111129_084001.jpg,4801,4.0,test
20111129_101002.jpg,4801,2.0,test
20111129_131002.jpg,4801,4.0,test
20111129_151002.jpg,4801,4.0,test
20111129_154002.jpg,4801,2.0,test
20111130_101002.jpg,4801,0.0,test
20111130_114002.jpg,4801,4.0,test
20111130_144002.jpg,4801,4.0,test
20111130_151002.jpg,4801,4.0,test
20111130_154002.jpg,4801,4.0,test
20111201_121002.jpg,4801,6.0,test
20111201_124001.jpg,4801,8.0,test
20111201_141002.jpg,4801,8.0,test
20111201_144002.jpg,4801,5.0,test
20111201_161001.jpg,4801,7.0,test
20111202_091003.jpg,4801,-1.0,test
20111202_124002.jpg,4801,7.0,test
20111202_134001.jpg,4801,7.0,test
20111202_144001.jpg,4801,8.0,test
20111202_161001.jpg,4801,7.0,test
20111203_084002.jpg,4801,7.0,test
20111203_091001.jpg,4801,5.0,test
20111203_101001.jpg,4801,7.0,test
20111203_121002.jpg,4801,7.0,test
20111203_161001.jpg,4801,7.0,test
20111204_084001.jpg,4801,10.0,test
20111204_114002.jpg,4801,11.0,test
20111204_141002.jpg,4801,11.0,test
20111204_151002.jpg,4801,10.0,test
20111204_154001.jpg,4801,11.0,test
20111205_081002.jpg,4801,5.0,test
20111205_111014.jpg,4801,5.0,test
20111205_114003.jpg,4801,5.0,test
20111205_144002.jpg,4801,2.0,test
20111205_161002.jpg,4801,3.0,test
20111206_084001.jpg,4801,2.0,test
20111206_091108.jpg,4801,3.0,test
20111206_094040.jpg,4801,2.0,test
20111206_121001.jpg,4801,2.0,test
20111206_161001.jpg,4801,2.0,test
20111207_081002.jpg,4801,4.0,test
20111207_124001.jpg,4801,5.0,test
20111207_134001.jpg,4801,6.0,test
20111207_144002.jpg,4801,5.0,test
20111207_161001.jpg,4801,5.0,test
20111208_091001.jpg,4801,3.0,test
20111208_121001.jpg,4801,6.0,test
20111208_144002.jpg,4801,2.0,test
20111208_151002.jpg,4801,6.0,test
20111208_161001.jpg,4801,5.0,test
20111209_091003.jpg,4801,9.0,test
20111209_104002.jpg,4801,10.0,test
20111209_121002.jpg,4801,10.0,test
20111209_131002.jpg,4801,10.0,test
20111209_144001.jpg,4801,6.0,test
20111210_091001.jpg,4801,1.0,test
20111210_094001.jpg,4801,3.0,test
20111210_104001.jpg,4801,3.0,test
20111210_111001.jpg,4801,2.0,test
20111210_121041.jpg,4801,3.0,test
20111211_081001.jpg,4801,2.0,test
20111211_094002.jpg,4801,4.0,test
20111211_121003.jpg,4801,4.0,test
20111211_141001.jpg,4801,3.0,test
20111211_154002.jpg,4801,3.0,test
20111212_081001.jpg,4801,2.0,test
20111212_104014.jpg,4801,3.0,test
20111212_131002.jpg,4801,4.0,test
20111212_134001.jpg,4801,7.0,test
20111212_161002.jpg,4801,7.0,test
20111213_104048.jpg,4801,2.0,test
20111213_111002.jpg,4801,1.0,test
20111213_131001.jpg,4801,2.0,test
20111213_144002.jpg,4801,5.0,test
20111213_154002.jpg,4801,6.0,test
20111214_084002.jpg,4801,10.0,test
20111214_104002.jpg,4801,9.0,test
20111214_134002.jpg,4801,8.0,test
20111214_151007.jpg,4801,7.0,test
20111214_161001.jpg,4801,8.0,test
20111215_081001.jpg,4801,2.0,test
20111215_094001.jpg,4801,6.0,test
20111215_114001.jpg,4801,6.0,test
20111215_121002.jpg,4801,6.0,test
20111215_124005.jpg,4801,6.0,test
20111216_091002.jpg,4801,3.0,test
20111216_111003.jpg,4801,7.0,test
20111216_114001.jpg,4801,10.0,test
20111216_124001.jpg,4801,9.0,test
20111216_141007.jpg,4801,10.0,test
20111217_121002.jpg,4801,2.0,test
20111217_134002.jpg,4801,3.0,test
20111217_141001.jpg,4801,3.0,test
20111217_144001.jpg,4801,3.0,test
20111217_154003.jpg,4801,2.0,test
20111218_081001.jpg,4801,-1.0,test
20111218_101003.jpg,4801,1.0,test
20111218_114135.jpg,4801,1.0,test
20111218_134002.jpg,4801,1.0,test
20111218_161001.jpg,4801,1.0,test
20111219_094001.jpg,4801,0.0,test
20111219_101002.jpg,4801,0.0,test
20111219_131001.jpg,4801,0.0,test
20111219_141003.jpg,4801,1.0,test
20111219_154001.jpg,4801,0.0,test
20111220_081003.jpg,4801,-4.0,test
20111220_101103.jpg,4801,-2.0,test
20111220_104049.jpg,4801,-2.0,test
20111220_141001.jpg,4801,-2.0,test
20111220_154002.jpg,4801,-1.0,test
20111221_101001.jpg,4801,2.0,test
20111221_104001.jpg,4801,2.0,test
20111221_114001.jpg,4801,2.0,test
20111221_124002.jpg,4801,2.0,test
20111221_141002.jpg,4801,2.0,test
20111222_081001.jpg,4801,1.0,test
20111222_101001.jpg,4801,2.0,test
20111222_104002.jpg,4801,2.0,test
20111222_144003.jpg,4801,3.0,test
20111222_151002.jpg,4801,3.0,test
20111223_081106.jpg,4801,6.0,test
20111223_091002.jpg,4801,6.0,test
20111223_101003.jpg,4801,7.0,test
20111223_131002.jpg,4801,7.0,test
20111223_151002.jpg,4801,8.0,test
20111224_091001.jpg,4801,5.0,test
20111224_114001.jpg,4801,5.0,test
20111224_124002.jpg,4801,5.0,test
20111224_131001.jpg,4801,5.0,test
20111224_161002.jpg,4801,4.0,test
20111225_081002.jpg,4801,1.0,test
20111225_101001.jpg,4801,2.0,test
20111225_104001.jpg,4801,4.0,test
20111225_141001.jpg,4801,5.0,test
20111225_154002.jpg,4801,4.0,test
20111226_084055.jpg,4801,5.0,test
20111226_094010.jpg,4801,6.0,test
20111226_131003.jpg,4801,7.0,test
20111226_144009.jpg,4801,6.0,test
20111226_151007.jpg,4801,7.0,test
20111227_091109.jpg,4801,5.0,test
20111227_101002.jpg,4801,6.0,test
20111227_104002.jpg,4801,7.0,test
20111227_111003.jpg,4801,6.0,test
20111227_121003.jpg,4801,7.0,test
20111228_094002.jpg,4801,2.0,test
20111228_124028.jpg,4801,4.0,test
20111228_131002.jpg,4801,3.0,test
20111228_151002.jpg,4801,4.0,test
20111228_154003.jpg,4801,0.0,test
20111229_084001.jpg,4801,4.0,test
20111229_111002.jpg,4801,4.0,test
20111229_114003.jpg,4801,4.0,test
20111229_121002.jpg,4801,4.0,test
20111229_161003.jpg,4801,4.0,test
20111230_111003.jpg,4801,1.0,test
20111230_124003.jpg,4801,2.0,test
20111230_151004.jpg,4801,2.0,test
20111230_154007.jpg,4801,2.0,test
20111230_161002.jpg,4801,1.0,test
20111231_094001.jpg,4801,2.0,test
20111231_104001.jpg,4801,2.0,test
20111231_121002.jpg,4801,2.0,test
20111231_154002.jpg,4801,3.0,test
20111231_161001.jpg,4801,1.0,test
